detector,kind,severity,score,bucket,subject,template_id,observed,expected,p_value,detail,evidence
robust_z,template-burst,high,5.0,2005-12-04 06:50:00,T2,2.0,47.0,0.0,,模板 T2 在本桶出现 47 次，历史中位数 0.0 次，稳健 z = 47.0（阈值 5.0，sigma=1.0）,L379 | [Sun Dec 04 06:51:13 2005] [notice] jk2_init() Found child 32622 in scoreboard slot 7 || L380 | [Sun Dec 04 06:51:14 2005] [notice] jk2_init() Found child 32623 in scoreboard slot 11 || L381 | [Sun Dec 04 06:51:13 2005] [notice] jk2_init() Found child 32624 in scoreboard slot 8
robust_z,template-burst,high,4.8,2005-12-04 06:40:00,T2,2.0,43.0,0.0,,模板 T2 在本桶出现 43 次，历史中位数 0.0 次，稳健 z = 43.0（阈值 5.0，sigma=1.0）,L294 | [Sun Dec 04 06:40:54 2005] [notice] jk2_init() Found child 32548 in scoreboard slot 9 || L295 | [Sun Dec 04 06:40:54 2005] [notice] jk2_init() Found child 32546 in scoreboard slot 8 || L296 | [Sun Dec 04 06:40:55 2005] [notice] jk2_init() Found child 32547 in scoreboard slot 7
poisson,template-poisson,high,4.0,2005-12-04 04:50:00,T0,0.0,26.0,2.351,0.0,模板 T0 本桶 26 次，基线速率 2.351 次/桶（放大 11.1 倍），泊松上尾 p = 0.00e+00，在 212 次检验中经 BH-FDR(q=0.05) 校正后仍显著,L6 | [Sun Dec 04 04:51:14 2005] [notice] workerEnv.init() ok /etc/httpd/conf/workers2.properties || L7 | [Sun Dec 04 04:51:14 2005] [notice] workerEnv.init() ok /etc/httpd/conf/workers2.properties || L8 | [Sun Dec 04 04:51:14 2005] [notice] workerEnv.init() ok /etc/httpd/conf/workers2.properties
poisson,template-poisson,high,4.0,2005-12-04 04:50:00,T1,1.0,25.0,2.225,0.0,模板 T1 本桶 25 次，基线速率 2.225 次/桶（放大 11.2 倍），泊松上尾 p = 0.00e+00，在 212 次检验中经 BH-FDR(q=0.05) 校正后仍显著,L9 | [Sun Dec 04 04:51:18 2005] [error] mod_jk child workerEnv in error state 6 || L10 | [Sun Dec 04 04:51:18 2005] [error] mod_jk child workerEnv in error state 6 || L11 | [Sun Dec 04 04:51:18 2005] [error] mod_jk child workerEnv in error state 6
poisson,template-poisson,high,4.0,2005-12-04 04:50:00,T2,2.0,32.0,3.481,0.0,模板 T2 本桶 32 次，基线速率 3.481 次/桶（放大 9.2 倍），泊松上尾 p = 0.00e+00，在 212 次检验中经 BH-FDR(q=0.05) 校正后仍显著,L3 | [Sun Dec 04 04:51:08 2005] [notice] jk2_init() Found child 6725 in scoreboard slot 10 || L4 | [Sun Dec 04 04:51:09 2005] [notice] jk2_init() Found child 6726 in scoreboard slot 8 || L5 | [Sun Dec 04 04:51:09 2005] [notice] jk2_init() Found child 6728 in scoreboard slot 6
poisson,template-poisson,high,4.0,2005-12-04 06:10:00,T0,0.0,23.0,2.364,1.5543122344752192e-15,模板 T0 本桶 23 次，基线速率 2.364 次/桶（放大 9.7 倍），泊松上尾 p = 1.55e-15，在 212 次检验中经 BH-FDR(q=0.05) 校正后仍显著,L185 | [Sun Dec 04 06:12:37 2005] [notice] workerEnv.init() ok /etc/httpd/conf/workers2.properties || L186 | [Sun Dec 04 06:12:37 2005] [notice] workerEnv.init() ok /etc/httpd/conf/workers2.properties || L187 | [Sun Dec 04 06:12:37 2005] [notice] workerEnv.init() ok /etc/httpd/conf/workers2.properties
poisson,template-poisson,high,4.0,2005-12-04 06:10:00,T1,1.0,22.0,2.238,5.10702591327572e-15,模板 T1 本桶 22 次，基线速率 2.238 次/桶（放大 9.8 倍），泊松上尾 p = 5.11e-15，在 212 次检验中经 BH-FDR(q=0.05) 校正后仍显著,L190 | [Sun Dec 04 06:12:40 2005] [error] mod_jk child workerEnv in error state 6 || L191 | [Sun Dec 04 06:12:40 2005] [error] mod_jk child workerEnv in error state 6 || L192 | [Sun Dec 04 06:12:40 2005] [error] mod_jk child workerEnv in error state 6
poisson,template-poisson,high,4.0,2005-12-04 06:10:00,T2,2.0,33.0,3.476,0.0,模板 T2 本桶 33 次，基线速率 3.476 次/桶（放大 9.5 倍），泊松上尾 p = 0.00e+00，在 212 次检验中经 BH-FDR(q=0.05) 校正后仍显著,L177 | [Sun Dec 04 06:11:11 2005] [notice] jk2_init() Found child 32410 in scoreboard slot 7 || L178 | [Sun Dec 04 06:11:11 2005] [notice] jk2_init() Found child 32411 in scoreboard slot 9 || L179 | [Sun Dec 04 06:12:31 2005] [notice] jk2_init() Found child 32423 in scoreboard slot 9
poisson,template-poisson,high,4.0,2005-12-04 06:40:00,T0,0.0,23.0,2.364,1.5543122344752192e-15,模板 T0 本桶 23 次，基线速率 2.364 次/桶（放大 9.7 倍），泊松上尾 p = 1.55e-15，在 212 次检验中经 BH-FDR(q=0.05) 校正后仍显著,L297 | [Sun Dec 04 06:41:04 2005] [notice] workerEnv.init() ok /etc/httpd/conf/workers2.properties || L298 | [Sun Dec 04 06:41:04 2005] [notice] workerEnv.init() ok /etc/httpd/conf/workers2.properties || L299 | [Sun Dec 04 06:41:04 2005] [notice] workerEnv.init() ok /etc/httpd/conf/workers2.properties
poisson,template-poisson,high,4.0,2005-12-04 06:40:00,T2,2.0,43.0,3.433,0.0,模板 T2 本桶 43 次，基线速率 3.433 次/桶（放大 12.5 倍），泊松上尾 p = 0.00e+00，在 212 次检验中经 BH-FDR(q=0.05) 校正后仍显著,L294 | [Sun Dec 04 06:40:54 2005] [notice] jk2_init() Found child 32548 in scoreboard slot 9 || L295 | [Sun Dec 04 06:40:54 2005] [notice] jk2_init() Found child 32546 in scoreboard slot 8 || L296 | [Sun Dec 04 06:40:55 2005] [notice] jk2_init() Found child 32547 in scoreboard slot 7
poisson,template-poisson,high,4.0,2005-12-04 06:50:00,T0,0.0,25.0,2.355,0.0,模板 T0 本桶 25 次，基线速率 2.355 次/桶（放大 10.6 倍），泊松上尾 p = 0.00e+00，在 212 次检验中经 BH-FDR(q=0.05) 校正后仍显著,L383 | [Sun Dec 04 06:51:23 2005] [notice] workerEnv.init() ok /etc/httpd/conf/workers2.properties || L385 | [Sun Dec 04 06:51:23 2005] [notice] workerEnv.init() ok /etc/httpd/conf/workers2.properties || L387 | [Sun Dec 04 06:51:23 2005] [notice] workerEnv.init() ok /etc/httpd/conf/workers2.properties
poisson,template-poisson,high,4.0,2005-12-04 06:50:00,T1,1.0,25.0,2.225,0.0,模板 T1 本桶 25 次，基线速率 2.225 次/桶（放大 11.2 倍），泊松上尾 p = 0.00e+00，在 212 次检验中经 BH-FDR(q=0.05) 校正后仍显著,L384 | [Sun Dec 04 06:51:23 2005] [error] mod_jk child workerEnv in error state 7 || L386 | [Sun Dec 04 06:51:23 2005] [error] mod_jk child workerEnv in error state 6 || L388 | [Sun Dec 04 06:51:23 2005] [error] mod_jk child workerEnv in error state 8
poisson,template-poisson,high,4.0,2005-12-04 06:50:00,T2,2.0,47.0,3.416,0.0,模板 T2 本桶 47 次，基线速率 3.416 次/桶（放大 13.8 倍），泊松上尾 p = 0.00e+00，在 212 次检验中经 BH-FDR(q=0.05) 校正后仍显著,L379 | [Sun Dec 04 06:51:13 2005] [notice] jk2_init() Found child 32622 in scoreboard slot 7 || L380 | [Sun Dec 04 06:51:14 2005] [notice] jk2_init() Found child 32623 in scoreboard slot 11 || L381 | [Sun Dec 04 06:51:13 2005] [notice] jk2_init() Found child 32624 in scoreboard slot 8
poisson,template-poisson,high,4.0,2005-12-04 07:00:00,T2,2.0,27.0,3.502,1.9984014443252818e-15,模板 T2 本桶 27 次，基线速率 3.502 次/桶（放大 7.7 倍），泊松上尾 p = 2.00e-15，在 212 次检验中经 BH-FDR(q=0.05) 校正后仍显著,L476 | [Sun Dec 04 07:00:06 2005] [notice] jk2_init() Found child 32685 in scoreboard slot 6 || L477 | [Sun Dec 04 07:00:32 2005] [notice] jk2_init() Found child 32688 in scoreboard slot 11 || L478 | [Sun Dec 04 07:00:32 2005] [notice] jk2_init() Found child 32695 in scoreboard slot 8
poisson,template-poisson,high,3.829,2005-12-04 06:40:00,T1,1.0,19.0,2.251,4.8334669600080815e-12,模板 T1 本桶 19 次，基线速率 2.251 次/桶（放大 8.4 倍），泊松上尾 p = 4.83e-12，在 212 次检验中经 BH-FDR(q=0.05) 校正后仍显著,L300 | [Sun Dec 04 06:41:07 2005] [error] mod_jk child workerEnv in error state 6 || L301 | [Sun Dec 04 06:41:08 2005] [error] mod_jk child workerEnv in error state 6 || L302 | [Sun Dec 04 06:41:08 2005] [error] mod_jk child workerEnv in error state 6
poisson,template-poisson,high,3.826,2005-12-04 20:20:00,T2,2.0,23.0,3.519,4.970246436641901e-12,模板 T2 本桶 23 次，基线速率 3.519 次/桶（放大 6.5 倍），泊松上尾 p = 4.97e-12，在 212 次检验中经 BH-FDR(q=0.05) 校正后仍显著,L943 | [Sun Dec 04 20:20:57 2005] [notice] jk2_init() Found child 1931 in scoreboard slot 7 || L944 | [Sun Dec 04 20:21:09 2005] [notice] jk2_init() Found child 1932 in scoreboard slot 8 || L945 | [Sun Dec 04 20:21:08 2005] [notice] jk2_init() Found child 1933 in scoreboard slot 6
poisson,template-poisson,high,3.826,2005-12-05 13:30:00,T2,2.0,23.0,3.519,4.970246436641901e-12,模板 T2 本桶 23 次，基线速率 3.519 次/桶（放大 6.5 倍），泊松上尾 p = 4.97e-12，在 212 次检验中经 BH-FDR(q=0.05) 校正后仍显著,L1639 | [Mon Dec 05 13:31:19 2005] [notice] jk2_init() Found child 5935 in scoreboard slot 9 || L1640 | [Mon Dec 05 13:31:19 2005] [notice] jk2_init() Found child 5936 in scoreboard slot 6 || L1641 | [Mon Dec 05 13:31:53 2005] [notice] jk2_init() Found child 5938 in scoreboard slot 8
robust_z,template-burst,high,3.8,2005-12-04 06:10:00,T2,2.0,33.0,0.0,,模板 T2 在本桶出现 33 次，历史中位数 0.0 次，稳健 z = 33.0（阈值 5.0，sigma=1.0）,L177 | [Sun Dec 04 06:11:11 2005] [notice] jk2_init() Found child 32410 in scoreboard slot 7 || L178 | [Sun Dec 04 06:11:11 2005] [notice] jk2_init() Found child 32411 in scoreboard slot 9 || L179 | [Sun Dec 04 06:12:31 2005] [notice] jk2_init() Found child 32423 in scoreboard slot 9
robust_z,template-burst,high,3.7,2005-12-04 04:50:00,T2,2.0,32.0,0.0,,模板 T2 在本桶出现 32 次，历史中位数 0.0 次，稳健 z = 32.0（阈值 5.0，sigma=1.0）,L3 | [Sun Dec 04 04:51:08 2005] [notice] jk2_init() Found child 6725 in scoreboard slot 10 || L4 | [Sun Dec 04 04:51:09 2005] [notice] jk2_init() Found child 6726 in scoreboard slot 8 || L5 | [Sun Dec 04 04:51:09 2005] [notice] jk2_init() Found child 6728 in scoreboard slot 6
poisson,template-poisson,high,3.619,2005-12-04 07:10:00,T2,2.0,22.0,3.524,3.3480107575201146e-11,模板 T2 本桶 22 次，基线速率 3.524 次/桶（放大 6.2 倍），泊松上尾 p = 3.35e-11，在 212 次检验中经 BH-FDR(q=0.05) 校正后仍显著,L525 | [Sun Dec 04 07:10:54 2005] [notice] jk2_init() Found child 308 in scoreboard slot 8 || L526 | [Sun Dec 04 07:11:04 2005] [notice] jk2_init() Found child 310 in scoreboard slot 6 || L527 | [Sun Dec 04 07:11:04 2005] [notice] jk2_init() Found child 309 in scoreboard slot 7
poisson,template-poisson,high,3.619,2005-12-05 07:40:00,T2,2.0,22.0,3.524,3.3480107575201146e-11,模板 T2 本桶 22 次，基线速率 3.524 次/桶（放大 6.2 倍），泊松上尾 p = 3.35e-11，在 212 次检验中经 BH-FDR(q=0.05) 校正后仍显著,L1268 | [Mon Dec 05 07:41:07 2005] [notice] jk2_init() Found child 4974 in scoreboard slot 9 || L1269 | [Mon Dec 05 07:41:35 2005] [notice] jk2_init() Found child 4975 in scoreboard slot 6 || L1270 | [Mon Dec 05 07:41:50 2005] [notice] jk2_init() Found child 4977 in scoreboard slot 8
poisson,template-poisson,high,3.417,2005-12-05 07:50:00,T2,2.0,21.0,3.528,2.1533264060735746e-10,模板 T2 本桶 21 次，基线速率 3.528 次/桶（放大 6.0 倍），泊松上尾 p = 2.15e-10，在 212 次检验中经 BH-FDR(q=0.05) 校正后仍显著,L1314 | [Mon Dec 05 07:50:54 2005] [notice] jk2_init() Found child 5017 in scoreboard slot 8 || L1315 | [Mon Dec 05 07:50:54 2005] [notice] jk2_init() Found child 5016 in scoreboard slot 9 || L1316 | [Mon Dec 05 07:51:22 2005] [notice] jk2_init() Found child 5018 in scoreboard slot 6
poisson,template-poisson,high,3.417,2005-12-05 13:50:00,T2,2.0,21.0,3.528,2.1533264060735746e-10,模板 T2 本桶 21 次，基线速率 3.528 次/桶（放大 6.0 倍），泊松上尾 p = 2.15e-10，在 212 次检验中经 BH-FDR(q=0.05) 校正后仍显著,L1729 | [Mon Dec 05 13:51:17 2005] [notice] jk2_init() Found child 6028 in scoreboard slot 9 || L1730 | [Mon Dec 05 13:52:19 2005] [notice] jk2_init() Found child 6036 in scoreboard slot 9 || L1731 | [Mon Dec 05 13:52:19 2005] [notice] jk2_init() Found child 6033 in scoreboard slot 6
poisson,template-poisson,high,3.274,2005-12-04 07:10:00,T0,0.0,17.0,2.39,8.017477792776617e-10,模板 T0 本桶 17 次，基线速率 2.39 次/桶（放大 7.1 倍），泊松上尾 p = 8.02e-10，在 212 次检验中经 BH-FDR(q=0.05) 校正后仍显著,L528 | [Sun Dec 04 07:11:05 2005] [notice] workerEnv.init() ok /etc/httpd/conf/workers2.properties || L530 | [Sun Dec 04 07:11:13 2005] [notice] workerEnv.init() ok /etc/httpd/conf/workers2.properties || L531 | [Sun Dec 04 07:11:13 2005] [notice] workerEnv.init() ok /etc/httpd/conf/workers2.properties
poisson,template-poisson,high,3.22,2005-12-05 13:40:00,T2,2.0,20.0,3.532,1.3198309112283368e-09,模板 T2 本桶 20 次，基线速率 3.532 次/桶（放大 5.7 倍），泊松上尾 p = 1.32e-09，在 212 次检验中经 BH-FDR(q=0.05) 校正后仍显著,L1684 | [Mon Dec 05 13:41:11 2005] [notice] jk2_init() Found child 5981 in scoreboard slot 9 || L1685 | [Mon Dec 05 13:41:12 2005] [notice] jk2_init() Found child 5982 in scoreboard slot 6 || L1686 | [Mon Dec 05 13:41:58 2005] [notice] jk2_init() Found child 5984 in scoreboard slot 8
robust_z,template-burst,high,3.2,2005-12-04 07:00:00,T2,2.0,27.0,0.0,,模板 T2 在本桶出现 27 次，历史中位数 0.0 次，稳健 z = 27.0（阈值 5.0，sigma=1.0）,L476 | [Sun Dec 04 07:00:06 2005] [notice] jk2_init() Found child 32685 in scoreboard slot 6 || L477 | [Sun Dec 04 07:00:32 2005] [notice] jk2_init() Found child 32688 in scoreboard slot 11 || L478 | [Sun Dec 04 07:00:32 2005] [notice] jk2_init() Found child 32695 in scoreboard slot 8
poisson,template-poisson,high,3.141,2005-12-04 07:10:00,T1,1.0,16.0,2.264,2.728122172612757e-09,模板 T1 本桶 16 次，基线速率 2.264 次/桶（放大 7.1 倍），泊松上尾 p = 2.73e-09，在 212 次检验中经 BH-FDR(q=0.05) 校正后仍显著,L529 | [Sun Dec 04 07:11:05 2005] [error] mod_jk child workerEnv in error state 6 || L532 | [Sun Dec 04 07:11:22 2005] [error] mod_jk child workerEnv in error state 6 || L533 | [Sun Dec 04 07:11:22 2005] [error] mod_jk child workerEnv in error state 6
robust_z,template-burst,high,3.1,2005-12-04 04:50:00,T0,0.0,26.0,0.0,,模板 T0 在本桶出现 26 次，历史中位数 0.0 次，稳健 z = 26.0（阈值 5.0，sigma=1.0）,L6 | [Sun Dec 04 04:51:14 2005] [notice] workerEnv.init() ok /etc/httpd/conf/workers2.properties || L7 | [Sun Dec 04 04:51:14 2005] [notice] workerEnv.init() ok /etc/httpd/conf/workers2.properties || L8 | [Sun Dec 04 04:51:14 2005] [notice] workerEnv.init() ok /etc/httpd/conf/workers2.properties
robust_z,template-burst,high,3.0,2005-12-04 04:50:00,T1,1.0,25.0,0.0,,模板 T1 在本桶出现 25 次，历史中位数 0.0 次，稳健 z = 25.0（阈值 5.0，sigma=1.0）,L9 | [Sun Dec 04 04:51:18 2005] [error] mod_jk child workerEnv in error state 6 || L10 | [Sun Dec 04 04:51:18 2005] [error] mod_jk child workerEnv in error state 6 || L11 | [Sun Dec 04 04:51:18 2005] [error] mod_jk child workerEnv in error state 6
robust_z,template-burst,high,3.0,2005-12-04 06:50:00,T0,0.0,25.0,0.0,,模板 T0 在本桶出现 25 次，历史中位数 0.0 次，稳健 z = 25.0（阈值 5.0，sigma=1.0）,L383 | [Sun Dec 04 06:51:23 2005] [notice] workerEnv.init() ok /etc/httpd/conf/workers2.properties || L385 | [Sun Dec 04 06:51:23 2005] [notice] workerEnv.init() ok /etc/httpd/conf/workers2.properties || L387 | [Sun Dec 04 06:51:23 2005] [notice] workerEnv.init() ok /etc/httpd/conf/workers2.properties
robust_z,template-burst,high,3.0,2005-12-04 06:50:00,T1,1.0,25.0,0.0,,模板 T1 在本桶出现 25 次，历史中位数 0.0 次，稳健 z = 25.0（阈值 5.0，sigma=1.0）,L384 | [Sun Dec 04 06:51:23 2005] [error] mod_jk child workerEnv in error state 7 || L386 | [Sun Dec 04 06:51:23 2005] [error] mod_jk child workerEnv in error state 6 || L388 | [Sun Dec 04 06:51:23 2005] [error] mod_jk child workerEnv in error state 8
poisson,template-poisson,medium,2.847,2005-12-05 07:50:00,T0,0.0,15.0,2.398,4.075456605523442e-08,模板 T0 本桶 15 次，基线速率 2.398 次/桶（放大 6.3 倍），泊松上尾 p = 4.08e-08，在 212 次检验中经 BH-FDR(q=0.05) 校正后仍显著,L1317 | [Mon Dec 05 07:51:20 2005] [notice] workerEnv.init() ok /etc/httpd/conf/workers2.properties || L1321 | [Mon Dec 05 07:51:56 2005] [notice] workerEnv.init() ok /etc/httpd/conf/workers2.properties || L1322 | [Mon Dec 05 07:51:56 2005] [notice] workerEnv.init() ok /etc/httpd/conf/workers2.properties
poisson,template-poisson,medium,2.843,2005-12-04 20:30:00,T2,2.0,18.0,3.541,4.254028751482508e-08,模板 T2 本桶 18 次，基线速率 3.541 次/桶（放大 5.1 倍），泊松上尾 p = 4.25e-08，在 212 次检验中经 BH-FDR(q=0.05) 校正后仍显著,L983 | [Sun Dec 04 20:30:59 2005] [notice] jk2_init() Found child 1984 in scoreboard slot 10 || L984 | [Sun Dec 04 20:31:35 2005] [notice] jk2_init() Found child 1990 in scoreboard slot 9 || L985 | [Sun Dec 04 20:32:37 2005] [notice] jk2_init() Found child 1999 in scoreboard slot 6
poisson,template-poisson,medium,2.843,2005-12-05 10:40:00,T2,2.0,18.0,3.541,4.254028751482508e-08,模板 T2 本桶 18 次，基线速率 3.541 次/桶（放大 5.1 倍），泊松上尾 p = 4.25e-08，在 212 次检验中经 BH-FDR(q=0.05) 校正后仍显著,L1454 | [Mon Dec 05 10:41:14 2005] [notice] jk2_init() Found child 5470 in scoreboard slot 9 || L1455 | [Mon Dec 05 10:41:14 2005] [notice] jk2_init() Found child 5469 in scoreboard slot 8 || L1456 | [Mon Dec 05 10:42:23 2005] [notice] jk2_init() Found child 5474 in scoreboard slot 9
robust_z,template-burst,medium,2.8,2005-12-04 06:10:00,T0,0.0,23.0,0.0,,模板 T0 在本桶出现 23 次，历史中位数 0.0 次，稳健 z = 23.0（阈值 5.0，sigma=1.0）,L185 | [Sun Dec 04 06:12:37 2005] [notice] workerEnv.init() ok /etc/httpd/conf/workers2.properties || L186 | [Sun Dec 04 06:12:37 2005] [notice] workerEnv.init() ok /etc/httpd/conf/workers2.properties || L187 | [Sun Dec 04 06:12:37 2005] [notice] workerEnv.init() ok /etc/httpd/conf/workers2.properties
robust_z,template-burst,medium,2.8,2005-12-04 06:40:00,T0,0.0,23.0,0.0,,模板 T0 在本桶出现 23 次，历史中位数 0.0 次，稳健 z = 23.0（阈值 5.0，sigma=1.0）,L297 | [Sun Dec 04 06:41:04 2005] [notice] workerEnv.init() ok /etc/httpd/conf/workers2.properties || L298 | [Sun Dec 04 06:41:04 2005] [notice] workerEnv.init() ok /etc/httpd/conf/workers2.properties || L299 | [Sun Dec 04 06:41:04 2005] [notice] workerEnv.init() ok /etc/httpd/conf/workers2.properties
robust_z,template-burst,medium,2.8,2005-12-04 20:20:00,T2,2.0,23.0,0.0,,模板 T2 在本桶出现 23 次，历史中位数 0.0 次，稳健 z = 23.0（阈值 5.0，sigma=1.0）,L943 | [Sun Dec 04 20:20:57 2005] [notice] jk2_init() Found child 1931 in scoreboard slot 7 || L944 | [Sun Dec 04 20:21:09 2005] [notice] jk2_init() Found child 1932 in scoreboard slot 8 || L945 | [Sun Dec 04 20:21:08 2005] [notice] jk2_init() Found child 1933 in scoreboard slot 6
robust_z,template-burst,medium,2.8,2005-12-05 13:30:00,T2,2.0,23.0,0.0,,模板 T2 在本桶出现 23 次，历史中位数 0.0 次，稳健 z = 23.0（阈值 5.0，sigma=1.0）,L1639 | [Mon Dec 05 13:31:19 2005] [notice] jk2_init() Found child 5935 in scoreboard slot 9 || L1640 | [Mon Dec 05 13:31:19 2005] [notice] jk2_init() Found child 5936 in scoreboard slot 6 || L1641 | [Mon Dec 05 13:31:53 2005] [notice] jk2_init() Found child 5938 in scoreboard slot 8
robust_z,template-burst,medium,2.7,2005-12-04 06:10:00,T1,1.0,22.0,0.0,,模板 T1 在本桶出现 22 次，历史中位数 0.0 次，稳健 z = 22.0（阈值 5.0，sigma=1.0）,L190 | [Sun Dec 04 06:12:40 2005] [error] mod_jk child workerEnv in error state 6 || L191 | [Sun Dec 04 06:12:40 2005] [error] mod_jk child workerEnv in error state 6 || L192 | [Sun Dec 04 06:12:40 2005] [error] mod_jk child workerEnv in error state 6
robust_z,template-burst,medium,2.7,2005-12-04 07:10:00,T2,2.0,22.0,0.0,,模板 T2 在本桶出现 22 次，历史中位数 0.0 次，稳健 z = 22.0（阈值 5.0，sigma=1.0）,L525 | [Sun Dec 04 07:10:54 2005] [notice] jk2_init() Found child 308 in scoreboard slot 8 || L526 | [Sun Dec 04 07:11:04 2005] [notice] jk2_init() Found child 310 in scoreboard slot 6 || L527 | [Sun Dec 04 07:11:04 2005] [notice] jk2_init() Found child 309 in scoreboard slot 7
robust_z,template-burst,medium,2.7,2005-12-05 07:40:00,T2,2.0,22.0,0.0,,模板 T2 在本桶出现 22 次，历史中位数 0.0 次，稳健 z = 22.0（阈值 5.0，sigma=1.0）,L1268 | [Mon Dec 05 07:41:07 2005] [notice] jk2_init() Found child 4974 in scoreboard slot 9 || L1269 | [Mon Dec 05 07:41:35 2005] [notice] jk2_init() Found child 4975 in scoreboard slot 6 || L1270 | [Mon Dec 05 07:41:50 2005] [notice] jk2_init() Found child 4977 in scoreboard slot 8
poisson,template-poisson,medium,2.663,2005-12-04 17:30:00,T2,2.0,17.0,3.545,2.2261117982314005e-07,模板 T2 本桶 17 次，基线速率 3.545 次/桶（放大 4.8 倍），泊松上尾 p = 2.23e-07，在 212 次检验中经 BH-FDR(q=0.05) 校正后仍显著,L752 | [Sun Dec 04 17:31:00 2005] [notice] jk2_init() Found child 1501 in scoreboard slot 7 || L753 | [Sun Dec 04 17:31:00 2005] [notice] jk2_init() Found child 1502 in scoreboard slot 6 || L754 | [Sun Dec 04 17:31:00 2005] [notice] jk2_init() Found child 1498 in scoreboard slot 8
poisson,template-poisson,medium,2.663,2005-12-05 04:00:00,T2,2.0,17.0,3.545,2.2261117982314005e-07,模板 T2 本桶 17 次，基线速率 3.545 次/桶（放大 4.8 倍），泊松上尾 p = 2.23e-07，在 212 次检验中经 BH-FDR(q=0.05) 校正后仍显著,L1127 | [Mon Dec 05 04:00:55 2005] [notice] jk2_init() Found child 2877 in scoreboard slot 10 || L1128 | [Mon Dec 05 04:01:18 2005] [notice] jk2_init() Found child 2883 in scoreboard slot 9 || L1129 | [Mon Dec 05 04:01:18 2005] [notice] jk2_init() Found child 2878 in scoreboard slot 7
poisson,template-poisson,medium,2.663,2005-12-05 13:20:00,T2,2.0,17.0,3.545,2.2261117982314005e-07,模板 T2 本桶 17 次，基线速率 3.545 次/桶（放大 4.8 倍），泊松上尾 p = 2.23e-07，在 212 次检验中经 BH-FDR(q=0.05) 校正后仍显著,L1606 | [Mon Dec 05 13:21:35 2005] [notice] jk2_init() Found child 5893 in scoreboard slot 9 || L1607 | [Mon Dec 05 13:21:34 2005] [notice] jk2_init() Found child 5892 in scoreboard slot 8 || L1608 | [Mon Dec 05 13:22:45 2005] [notice] jk2_init() Found child 5901 in scoreboard slot 9
robust_z,template-burst,medium,2.6,2005-12-05 07:50:00,T2,2.0,21.0,0.0,,模板 T2 在本桶出现 21 次，历史中位数 0.0 次，稳健 z = 21.0（阈值 5.0，sigma=1.0）,L1314 | [Mon Dec 05 07:50:54 2005] [notice] jk2_init() Found child 5017 in scoreboard slot 8 || L1315 | [Mon Dec 05 07:50:54 2005] [notice] jk2_init() Found child 5016 in scoreboard slot 9 || L1316 | [Mon Dec 05 07:51:22 2005] [notice] jk2_init() Found child 5018 in scoreboard slot 6
robust_z,template-burst,medium,2.6,2005-12-05 13:50:00,T2,2.0,21.0,0.0,,模板 T2 在本桶出现 21 次，历史中位数 0.0 次，稳健 z = 21.0（阈值 5.0，sigma=1.0）,L1729 | [Mon Dec 05 13:51:17 2005] [notice] jk2_init() Found child 6028 in scoreboard slot 9 || L1730 | [Mon Dec 05 13:52:19 2005] [notice] jk2_init() Found child 6036 in scoreboard slot 9 || L1731 | [Mon Dec 05 13:52:19 2005] [notice] jk2_init() Found child 6033 in scoreboard slot 6
robust_z,template-burst,medium,2.5,2005-12-05 13:40:00,T2,2.0,20.0,0.0,,模板 T2 在本桶出现 20 次，历史中位数 0.0 次，稳健 z = 20.0（阈值 5.0，sigma=1.0）,L1684 | [Mon Dec 05 13:41:11 2005] [notice] jk2_init() Found child 5981 in scoreboard slot 9 || L1685 | [Mon Dec 05 13:41:12 2005] [notice] jk2_init() Found child 5982 in scoreboard slot 6 || L1686 | [Mon Dec 05 13:41:58 2005] [notice] jk2_init() Found child 5984 in scoreboard slot 8
poisson,template-poisson,medium,2.49,2005-12-04 06:00:00,T2,2.0,16.0,3.55,1.0992502377238367e-06,模板 T2 本桶 16 次，基线速率 3.55 次/桶（放大 4.5 倍），泊松上尾 p = 1.10e-06，在 212 次检验中经 BH-FDR(q=0.05) 校正后仍显著,L136 | [Sun Dec 04 06:01:00 2005] [notice] jk2_init() Found child 32347 in scoreboard slot 6 || L137 | [Sun Dec 04 06:01:00 2005] [notice] jk2_init() Found child 32348 in scoreboard slot 7 || L141 | [Sun Dec 04 06:01:42 2005] [notice] jk2_init() Found child 32352 in scoreboard slot 9
poisson,template-poisson,medium,2.49,2005-12-04 16:50:00,T2,2.0,16.0,3.55,1.0992502377238367e-06,模板 T2 本桶 16 次，基线速率 3.55 次/桶（放大 4.5 倍），泊松上尾 p = 1.10e-06，在 212 次检验中经 BH-FDR(q=0.05) 校正后仍显著,L645 | [Sun Dec 04 16:50:53 2005] [notice] jk2_init() Found child 1308 in scoreboard slot 6 || L646 | [Sun Dec 04 16:50:53 2005] [notice] jk2_init() Found child 1309 in scoreboard slot 7 || L647 | [Sun Dec 04 16:51:26 2005] [notice] jk2_init() Found child 1313 in scoreboard slot 6
poisson,template-poisson,medium,2.45,2005-12-04 06:00:00,T0,0.0,13.0,2.407,1.5855127156738646e-06,模板 T0 本桶 13 次，基线速率 2.407 次/桶（放大 5.4 倍），泊松上尾 p = 1.59e-06，在 212 次检验中经 BH-FDR(q=0.05) 校正后仍显著,L138 | [Sun Dec 04 06:01:21 2005] [notice] workerEnv.init() ok /etc/httpd/conf/workers2.properties || L139 | [Sun Dec 04 06:01:21 2005] [notice] workerEnv.init() ok /etc/httpd/conf/workers2.properties || L144 | [Sun Dec 04 06:02:01 2005] [notice] workerEnv.init() ok /etc/httpd/conf/workers2.properties
poisson,template-poisson,medium,2.45,2005-12-05 13:40:00,T0,0.0,13.0,2.407,1.5855127156738646e-06,模板 T0 本桶 13 次，基线速率 2.407 次/桶（放大 5.4 倍），泊松上尾 p = 1.59e-06，在 212 次检验中经 BH-FDR(q=0.05) 校正后仍显著,L1692 | [Mon Dec 05 13:43:43 2005] [notice] workerEnv.init() ok /etc/httpd/conf/workers2.properties || L1693 | [Mon Dec 05 13:43:44 2005] [notice] workerEnv.init() ok /etc/httpd/conf/workers2.properties || L1694 | [Mon Dec 05 13:43:43 2005] [notice] workerEnv.init() ok /etc/httpd/conf/workers2.properties
robust_z,template-burst,medium,2.4,2005-12-04 06:40:00,T1,1.0,19.0,0.0,,模板 T1 在本桶出现 19 次，历史中位数 0.0 次，稳健 z = 19.0（阈值 5.0，sigma=1.0）,L300 | [Sun Dec 04 06:41:07 2005] [error] mod_jk child workerEnv in error state 6 || L301 | [Sun Dec 04 06:41:08 2005] [error] mod_jk child workerEnv in error state 6 || L302 | [Sun Dec 04 06:41:08 2005] [error] mod_jk child workerEnv in error state 6
poisson,template-poisson,medium,2.323,2005-12-05 10:30:00,T2,2.0,15.0,3.554,5.106067964666394e-06,模板 T2 本桶 15 次，基线速率 3.554 次/桶（放大 4.2 倍），泊松上尾 p = 5.11e-06，在 212 次检验中经 BH-FDR(q=0.05) 校正后仍显著,L1423 | [Mon Dec 05 10:31:40 2005] [notice] jk2_init() Found child 5404 in scoreboard slot 8 || L1424 | [Mon Dec 05 10:31:40 2005] [notice] jk2_init() Found child 5405 in scoreboard slot 9 || L1425 | [Mon Dec 05 10:33:41 2005] [notice] jk2_init() Found child 5418 in scoreboard slot 6
poisson,template-poisson,medium,2.323,2005-12-04 06:00:00,T1,1.0,12.0,2.281,5.125485425083731e-06,模板 T1 本桶 12 次，基线速率 2.281 次/桶（放大 5.3 倍），泊松上尾 p = 5.13e-06，在 212 次检验中经 BH-FDR(q=0.05) 校正后仍显著,L140 | [Sun Dec 04 06:01:30 2005] [error] mod_jk child workerEnv in error state 6 || L145 | [Sun Dec 04 06:02:02 2005] [error] mod_jk child workerEnv in error state 7 || L151 | [Sun Dec 04 06:02:07 2005] [error] mod_jk child workerEnv in error state 7
poisson,template-poisson,medium,2.323,2005-12-04 20:30:00,T1,1.0,12.0,2.281,5.125485425083731e-06,模板 T1 本桶 12 次，基线速率 2.281 次/桶（放大 5.3 倍），泊松上尾 p = 5.13e-06，在 212 次检验中经 BH-FDR(q=0.05) 校正后仍显著,L991 | [Sun Dec 04 20:32:55 2005] [error] mod_jk child workerEnv in error state 10 || L992 | [Sun Dec 04 20:32:55 2005] [error] mod_jk child workerEnv in error state 6 || L993 | [Sun Dec 04 20:32:55 2005] [error] mod_jk child workerEnv in error state 10
poisson,template-poisson,medium,2.323,2005-12-05 07:40:00,T1,1.0,12.0,2.281,5.125485425083731e-06,模板 T1 本桶 12 次，基线速率 2.281 次/桶（放大 5.3 倍），泊松上尾 p = 5.13e-06，在 212 次检验中经 BH-FDR(q=0.05) 校正后仍显著,L1276 | [Mon Dec 05 07:43:16 2005] [error] mod_jk child workerEnv in error state 7 || L1278 | [Mon Dec 05 07:43:16 2005] [error] mod_jk child workerEnv in error state 7 || L1280 | [Mon Dec 05 07:43:16 2005] [error] mod_jk child workerEnv in error state 6
poisson,template-poisson,medium,2.323,2005-12-05 07:50:00,T1,1.0,12.0,2.281,5.125485425083731e-06,模板 T1 本桶 12 次，基线速率 2.281 次/桶（放大 5.3 倍），泊松上尾 p = 5.13e-06，在 212 次检验中经 BH-FDR(q=0.05) 校正后仍显著,L1318 | [Mon Dec 05 07:51:23 2005] [error] mod_jk child workerEnv in error state 6 || L1323 | [Mon Dec 05 07:52:02 2005] [error] mod_jk child workerEnv in error state 6 || L1324 | [Mon Dec 05 07:52:02 2005] [error] mod_jk child workerEnv in error state 7
poisson,template-poisson,medium,2.323,2005-12-05 13:40:00,T1,1.0,12.0,2.281,5.125485425083731e-06,模板 T1 本桶 12 次，基线速率 2.281 次/桶（放大 5.3 倍），泊松上尾 p = 5.13e-06，在 212 次检验中经 BH-FDR(q=0.05) 校正后仍显著,L1695 | [Mon Dec 05 13:43:46 2005] [error] mod_jk child workerEnv in error state 6 || L1696 | [Mon Dec 05 13:43:46 2005] [error] mod_jk child workerEnv in error state 8 || L1697 | [Mon Dec 05 13:43:46 2005] [error] mod_jk child workerEnv in error state 7
robust_z,template-burst,medium,2.3,2005-12-04 20:30:00,T2,2.0,18.0,0.0,,模板 T2 在本桶出现 18 次，历史中位数 0.0 次，稳健 z = 18.0（阈值 5.0，sigma=1.0）,L983 | [Sun Dec 04 20:30:59 2005] [notice] jk2_init() Found child 1984 in scoreboard slot 10 || L984 | [Sun Dec 04 20:31:35 2005] [notice] jk2_init() Found child 1990 in scoreboard slot 9 || L985 | [Sun Dec 04 20:32:37 2005] [notice] jk2_init() Found child 1999 in scoreboard slot 6
robust_z,template-burst,medium,2.3,2005-12-05 10:40:00,T2,2.0,18.0,0.0,,模板 T2 在本桶出现 18 次，历史中位数 0.0 次，稳健 z = 18.0（阈值 5.0，sigma=1.0）,L1454 | [Mon Dec 05 10:41:14 2005] [notice] jk2_init() Found child 5470 in scoreboard slot 9 || L1455 | [Mon Dec 05 10:41:14 2005] [notice] jk2_init() Found child 5469 in scoreboard slot 8 || L1456 | [Mon Dec 05 10:42:23 2005] [notice] jk2_init() Found child 5474 in scoreboard slot 9
poisson,template-poisson,medium,2.263,2005-12-04 20:30:00,T0,0.0,12.0,2.411,8.850697616691328e-06,模板 T0 本桶 12 次，基线速率 2.411 次/桶（放大 5.0 倍），泊松上尾 p = 8.85e-06，在 212 次检验中经 BH-FDR(q=0.05) 校正后仍显著,L988 | [Sun Dec 04 20:32:50 2005] [notice] workerEnv.init() ok /etc/httpd/conf/workers2.properties || L989 | [Sun Dec 04 20:32:50 2005] [notice] workerEnv.init() ok /etc/httpd/conf/workers2.properties || L990 | [Sun Dec 04 20:32:50 2005] [notice] workerEnv.init() ok /etc/httpd/conf/workers2.properties
poisson,template-poisson,medium,2.263,2005-12-05 07:40:00,T0,0.0,12.0,2.411,8.850697616691328e-06,模板 T0 本桶 12 次，基线速率 2.411 次/桶（放大 5.0 倍），泊松上尾 p = 8.85e-06，在 212 次检验中经 BH-FDR(q=0.05) 校正后仍显著,L1275 | [Mon Dec 05 07:43:15 2005] [notice] workerEnv.init() ok /etc/httpd/conf/workers2.properties || L1277 | [Mon Dec 05 07:43:15 2005] [notice] workerEnv.init() ok /etc/httpd/conf/workers2.properties || L1279 | [Mon Dec 05 07:43:15 2005] [notice] workerEnv.init() ok /etc/httpd/conf/workers2.properties
robust_z,template-burst,medium,2.2,2005-12-04 07:10:00,T0,0.0,17.0,0.0,,模板 T0 在本桶出现 17 次，历史中位数 0.0 次，稳健 z = 17.0（阈值 5.0，sigma=1.0）,L528 | [Sun Dec 04 07:11:05 2005] [notice] workerEnv.init() ok /etc/httpd/conf/workers2.properties || L530 | [Sun Dec 04 07:11:13 2005] [notice] workerEnv.init() ok /etc/httpd/conf/workers2.properties || L531 | [Sun Dec 04 07:11:13 2005] [notice] workerEnv.init() ok /etc/httpd/conf/workers2.properties
robust_z,template-burst,medium,2.2,2005-12-04 17:30:00,T2,2.0,17.0,0.0,,模板 T2 在本桶出现 17 次，历史中位数 0.0 次，稳健 z = 17.0（阈值 5.0，sigma=1.0）,L752 | [Sun Dec 04 17:31:00 2005] [notice] jk2_init() Found child 1501 in scoreboard slot 7 || L753 | [Sun Dec 04 17:31:00 2005] [notice] jk2_init() Found child 1502 in scoreboard slot 6 || L754 | [Sun Dec 04 17:31:00 2005] [notice] jk2_init() Found child 1498 in scoreboard slot 8
robust_z,template-burst,medium,2.2,2005-12-05 04:00:00,T2,2.0,17.0,0.0,,模板 T2 在本桶出现 17 次，历史中位数 0.0 次，稳健 z = 17.0（阈值 5.0，sigma=1.0）,L1127 | [Mon Dec 05 04:00:55 2005] [notice] jk2_init() Found child 2877 in scoreboard slot 10 || L1128 | [Mon Dec 05 04:01:18 2005] [notice] jk2_init() Found child 2883 in scoreboard slot 9 || L1129 | [Mon Dec 05 04:01:18 2005] [notice] jk2_init() Found child 2878 in scoreboard slot 7
robust_z,template-burst,medium,2.2,2005-12-05 13:20:00,T2,2.0,17.0,0.0,,模板 T2 在本桶出现 17 次，历史中位数 0.0 次，稳健 z = 17.0（阈值 5.0，sigma=1.0）,L1606 | [Mon Dec 05 13:21:35 2005] [notice] jk2_init() Found child 5893 in scoreboard slot 9 || L1607 | [Mon Dec 05 13:21:34 2005] [notice] jk2_init() Found child 5892 in scoreboard slot 8 || L1608 | [Mon Dec 05 13:22:45 2005] [notice] jk2_init() Found child 5901 in scoreboard slot 9
poisson,template-poisson,medium,2.163,2005-12-04 05:00:00,T2,2.0,14.0,3.558,2.2233095707369088e-05,模板 T2 本桶 14 次，基线速率 3.558 次/桶（放大 3.9 倍），泊松上尾 p = 2.22e-05，在 212 次检验中经 BH-FDR(q=0.05) 校正后仍显著,L86 | [Sun Dec 04 05:00:03 2005] [notice] jk2_init() Found child 8560 in scoreboard slot 7 || L89 | [Sun Dec 04 05:00:13 2005] [notice] jk2_init() Found child 8565 in scoreboard slot 9 || L90 | [Sun Dec 04 05:00:13 2005] [notice] jk2_init() Found child 8573 in scoreboard slot 10
poisson,template-poisson,medium,2.163,2005-12-05 10:50:00,T2,2.0,14.0,3.558,2.2233095707369088e-05,模板 T2 本桶 14 次，基线速率 3.558 次/桶（放大 3.9 倍），泊松上尾 p = 2.22e-05，在 212 次检验中经 BH-FDR(q=0.05) 校正后仍显著,L1494 | [Mon Dec 05 10:51:12 2005] [notice] jk2_init() Found child 5515 in scoreboard slot 7 || L1495 | [Mon Dec 05 10:51:12 2005] [notice] jk2_init() Found child 5516 in scoreboard slot 8 || L1500 | [Mon Dec 05 10:51:59 2005] [notice] jk2_init() Found child 5517 in scoreboard slot 6
poisson,template-poisson,medium,2.139,2005-12-04 07:00:00,T1,1.0,11.0,2.286,2.7890775005090518e-05,模板 T1 本桶 11 次，基线速率 2.286 次/桶（放大 4.8 倍），泊松上尾 p = 2.79e-05，在 212 次检验中经 BH-FDR(q=0.05) 校正后仍显著,L492 | [Sun Dec 04 07:02:03 2005] [error] mod_jk child workerEnv in error state 9 || L493 | [Sun Dec 04 07:02:03 2005] [error] mod_jk child workerEnv in error state 8 || L494 | [Sun Dec 04 07:02:03 2005] [error] mod_jk child workerEnv in error state 8
poisson,template-poisson,medium,2.139,2005-12-05 13:30:00,T1,1.0,11.0,2.286,2.7890775005090518e-05,模板 T1 本桶 11 次，基线速率 2.286 次/桶（放大 4.8 倍），泊松上尾 p = 2.79e-05，在 212 次检验中经 BH-FDR(q=0.05) 校正后仍显著,L1647 | [Mon Dec 05 13:32:04 2005] [error] mod_jk child workerEnv in error state 6 || L1648 | [Mon Dec 05 13:32:04 2005] [error] mod_jk child workerEnv in error state 6 || L1651 | [Mon Dec 05 13:32:10 2005] [error] mod_jk child workerEnv in error state 7
robust_z,template-burst,medium,2.1,2005-12-04 06:00:00,T2,2.0,16.0,0.0,,模板 T2 在本桶出现 16 次，历史中位数 0.0 次，稳健 z = 16.0（阈值 5.0，sigma=1.0）,L136 | [Sun Dec 04 06:01:00 2005] [notice] jk2_init() Found child 32347 in scoreboard slot 6 || L137 | [Sun Dec 04 06:01:00 2005] [notice] jk2_init() Found child 32348 in scoreboard slot 7 || L141 | [Sun Dec 04 06:01:42 2005] [notice] jk2_init() Found child 32352 in scoreboard slot 9
robust_z,template-burst,medium,2.1,2005-12-04 07:10:00,T1,1.0,16.0,0.0,,模板 T1 在本桶出现 16 次，历史中位数 0.0 次，稳健 z = 16.0（阈值 5.0，sigma=1.0）,L529 | [Sun Dec 04 07:11:05 2005] [error] mod_jk child workerEnv in error state 6 || L532 | [Sun Dec 04 07:11:22 2005] [error] mod_jk child workerEnv in error state 6 || L533 | [Sun Dec 04 07:11:22 2005] [error] mod_jk child workerEnv in error state 6
robust_z,template-burst,medium,2.1,2005-12-04 16:50:00,T2,2.0,16.0,0.0,,模板 T2 在本桶出现 16 次，历史中位数 0.0 次，稳健 z = 16.0（阈值 5.0，sigma=1.0）,L645 | [Sun Dec 04 16:50:53 2005] [notice] jk2_init() Found child 1308 in scoreboard slot 6 || L646 | [Sun Dec 04 16:50:53 2005] [notice] jk2_init() Found child 1309 in scoreboard slot 7 || L647 | [Sun Dec 04 16:51:26 2005] [notice] jk2_init() Found child 1313 in scoreboard slot 6
poisson,template-poisson,medium,2.085,2005-12-04 07:00:00,T0,0.0,11.0,2.416,4.5568389850147994e-05,模板 T0 本桶 11 次，基线速率 2.416 次/桶（放大 4.6 倍），泊松上尾 p = 4.56e-05，在 212 次检验中经 BH-FDR(q=0.05) 校正后仍显著,L487 | [Sun Dec 04 07:02:01 2005] [notice] workerEnv.init() ok /etc/httpd/conf/workers2.properties || L488 | [Sun Dec 04 07:02:01 2005] [notice] workerEnv.init() ok /etc/httpd/conf/workers2.properties || L489 | [Sun Dec 04 07:02:01 2005] [notice] workerEnv.init() ok /etc/httpd/conf/workers2.properties
poisson,template-poisson,medium,2.085,2005-12-05 10:40:00,T0,0.0,11.0,2.416,4.5568389850147994e-05,模板 T0 本桶 11 次，基线速率 2.416 次/桶（放大 4.6 倍），泊松上尾 p = 4.56e-05，在 212 次检验中经 BH-FDR(q=0.05) 校正后仍显著,L1462 | [Mon Dec 05 10:43:34 2005] [notice] workerEnv.init() ok /etc/httpd/conf/workers2.properties || L1463 | [Mon Dec 05 10:43:34 2005] [notice] workerEnv.init() ok /etc/httpd/conf/workers2.properties || L1465 | [Mon Dec 05 10:43:41 2005] [notice] workerEnv.init() ok /etc/httpd/conf/workers2.properties
poisson,template-poisson,medium,2.085,2005-12-05 10:50:00,T0,0.0,11.0,2.416,4.5568389850147994e-05,模板 T0 本桶 11 次，基线速率 2.416 次/桶（放大 4.6 倍），泊松上尾 p = 4.56e-05，在 212 次检验中经 BH-FDR(q=0.05) 校正后仍显著,L1496 | [Mon Dec 05 10:51:33 2005] [notice] workerEnv.init() ok /etc/httpd/conf/workers2.properties || L1497 | [Mon Dec 05 10:51:33 2005] [notice] workerEnv.init() ok /etc/httpd/conf/workers2.properties || L1502 | [Mon Dec 05 10:52:15 2005] [notice] workerEnv.init() ok /etc/httpd/conf/workers2.properties
poisson,template-poisson,medium,2.085,2005-12-05 13:30:00,T0,0.0,11.0,2.416,4.5568389850147994e-05,模板 T0 本桶 11 次，基线速率 2.416 次/桶（放大 4.6 倍），泊松上尾 p = 4.56e-05，在 212 次检验中经 BH-FDR(q=0.05) 校正后仍显著,L1645 | [Mon Dec 05 13:32:04 2005] [notice] workerEnv.init() ok /etc/httpd/conf/workers2.properties || L1646 | [Mon Dec 05 13:32:04 2005] [notice] workerEnv.init() ok /etc/httpd/conf/workers2.properties || L1649 | [Mon Dec 05 13:32:09 2005] [notice] workerEnv.init() ok /etc/httpd/conf/workers2.properties
poisson,template-poisson,medium,2.011,2005-12-04 16:40:00,T2,2.0,13.0,3.563,9.039402676902508e-05,模板 T2 本桶 13 次，基线速率 3.563 次/桶（放大 3.6 倍），泊松上尾 p = 9.04e-05，在 212 次检验中经 BH-FDR(q=0.05) 校正后仍显著,L612 | [Sun Dec 04 16:41:15 2005] [notice] jk2_init() Found child 1275 in scoreboard slot 6 || L613 | [Sun Dec 04 16:41:16 2005] [notice] jk2_init() Found child 1276 in scoreboard slot 9 || L614 | [Sun Dec 04 16:41:22 2005] [notice] jk2_init() Found child 1277 in scoreboard slot 7
poisson,template-poisson,medium,2.011,2005-12-04 17:20:00,T2,2.0,13.0,3.563,9.039402676902508e-05,模板 T2 本桶 13 次，基线速率 3.563 次/桶（放大 3.6 倍），泊松上尾 p = 9.04e-05，在 212 次检验中经 BH-FDR(q=0.05) 校正后仍显著,L727 | [Sun Dec 04 17:20:38 2005] [notice] jk2_init() Found child 1448 in scoreboard slot 6 || L728 | [Sun Dec 04 17:20:38 2005] [notice] jk2_init() Found child 1439 in scoreboard slot 7 || L729 | [Sun Dec 04 17:20:38 2005] [notice] jk2_init() Found child 1441 in scoreboard slot 9
poisson,template-poisson,medium,2.011,2005-12-05 05:10:00,T2,2.0,13.0,3.563,9.039402676902508e-05,模板 T2 本桶 13 次，基线速率 3.563 次/桶（放大 3.6 倍），泊松上尾 p = 9.04e-05，在 212 次检验中经 BH-FDR(q=0.05) 校正后仍显著,L1190 | [Mon Dec 05 05:11:04 2005] [notice] jk2_init() Found child 4609 in scoreboard slot 7 || L1191 | [Mon Dec 05 05:11:04 2005] [notice] jk2_init() Found child 4608 in scoreboard slot 6 || L1192 | [Mon Dec 05 05:11:34 2005] [notice] jk2_init() Found child 4611 in scoreboard slot 9
robust_z,template-burst,medium,2.0,2005-12-05 07:50:00,T0,0.0,15.0,0.0,,模板 T0 在本桶出现 15 次，历史中位数 0.0 次，稳健 z = 15.0（阈值 5.0，sigma=1.0）,L1317 | [Mon Dec 05 07:51:20 2005] [notice] workerEnv.init() ok /etc/httpd/conf/workers2.properties || L1321 | [Mon Dec 05 07:51:56 2005] [notice] workerEnv.init() ok /etc/httpd/conf/workers2.properties || L1322 | [Mon Dec 05 07:51:56 2005] [notice] workerEnv.init() ok /etc/httpd/conf/workers2.properties
robust_z,template-burst,medium,2.0,2005-12-05 10:30:00,T2,2.0,15.0,0.0,,模板 T2 在本桶出现 15 次，历史中位数 0.0 次，稳健 z = 15.0（阈值 5.0，sigma=1.0）,L1423 | [Mon Dec 05 10:31:40 2005] [notice] jk2_init() Found child 5404 in scoreboard slot 8 || L1424 | [Mon Dec 05 10:31:40 2005] [notice] jk2_init() Found child 5405 in scoreboard slot 9 || L1425 | [Mon Dec 05 10:33:41 2005] [notice] jk2_init() Found child 5418 in scoreboard slot 6
poisson,template-poisson,medium,1.964,2005-12-04 05:00:00,T1,1.0,10.0,2.29,0.0001390596325724358,模板 T1 本桶 10 次，基线速率 2.29 次/桶（放大 4.4 倍），泊松上尾 p = 1.39e-04，在 212 次检验中经 BH-FDR(q=0.05) 校正后仍显著,L88 | [Sun Dec 04 05:00:09 2005] [error] mod_jk child workerEnv in error state 6 || L92 | [Sun Dec 04 05:00:15 2005] [error] mod_jk child workerEnv in error state 6 || L94 | [Sun Dec 04 05:00:15 2005] [error] mod_jk child workerEnv in error state 6
poisson,template-poisson,medium,1.964,2005-12-04 16:40:00,T1,1.0,10.0,2.29,0.0001390596325724358,模板 T1 本桶 10 次，基线速率 2.29 次/桶（放大 4.4 倍），泊松上尾 p = 1.39e-04，在 212 次检验中经 BH-FDR(q=0.05) 校正后仍显著,L620 | [Sun Dec 04 16:41:22 2005] [error] mod_jk child workerEnv in error state 6 || L621 | [Sun Dec 04 16:41:22 2005] [error] mod_jk child workerEnv in error state 6 || L622 | [Sun Dec 04 16:41:22 2005] [error] mod_jk child workerEnv in error state 6
poisson,template-poisson,medium,1.964,2005-12-04 16:50:00,T1,1.0,10.0,2.29,0.0001390596325724358,模板 T1 本桶 10 次，基线速率 2.29 次/桶（放大 4.4 倍），泊松上尾 p = 1.39e-04，在 212 次检验中经 BH-FDR(q=0.05) 校正后仍显著,L660 | [Sun Dec 04 16:52:49 2005] [error] mod_jk child workerEnv in error state 6 || L661 | [Sun Dec 04 16:52:49 2005] [error] mod_jk child workerEnv in error state 7 || L662 | [Sun Dec 04 16:52:49 2005] [error] mod_jk child workerEnv in error state 7
poisson,template-poisson,medium,1.964,2005-12-04 19:50:00,T1,1.0,10.0,2.29,0.0001390596325724358,模板 T1 本桶 10 次，基线速率 2.29 次/桶（放大 4.4 倍），泊松上尾 p = 1.39e-04，在 212 次检验中经 BH-FDR(q=0.05) 校正后仍显著,L867 | [Sun Dec 04 19:50:55 2005] [error] mod_jk child workerEnv in error state 6 || L869 | [Sun Dec 04 19:50:55 2005] [error] mod_jk child workerEnv in error state 6 || L871 | [Sun Dec 04 19:51:18 2005] [error] mod_jk child workerEnv in error state 6
poisson,template-poisson,medium,1.964,2005-12-05 10:40:00,T1,1.0,10.0,2.29,0.0001390596325724358,模板 T1 本桶 10 次，基线速率 2.29 次/桶（放大 4.4 倍），泊松上尾 p = 1.39e-04，在 212 次检验中经 BH-FDR(q=0.05) 校正后仍显著,L1464 | [Mon Dec 05 10:43:39 2005] [error] mod_jk child workerEnv in error state 8 || L1466 | [Mon Dec 05 10:43:41 2005] [error] mod_jk child workerEnv in error state 7 || L1470 | [Mon Dec 05 10:43:51 2005] [error] mod_jk child workerEnv in error state 7
poisson,template-poisson,medium,1.964,2005-12-05 10:50:00,T1,1.0,10.0,2.29,0.0001390596325724358,模板 T1 本桶 10 次，基线速率 2.29 次/桶（放大 4.4 倍），泊松上尾 p = 1.39e-04，在 212 次检验中经 BH-FDR(q=0.05) 校正后仍显著,L1498 | [Mon Dec 05 10:51:35 2005] [error] mod_jk child workerEnv in error state 6 || L1499 | [Mon Dec 05 10:51:35 2005] [error] mod_jk child workerEnv in error state 6 || L1504 | [Mon Dec 05 10:52:21 2005] [error] mod_jk child workerEnv in error state 6
poisson,template-poisson,medium,1.917,2005-12-04 05:00:00,T0,0.0,10.0,2.42,0.00021505818791145437,模板 T0 本桶 10 次，基线速率 2.42 次/桶（放大 4.1 倍），泊松上尾 p = 2.15e-04，在 212 次检验中经 BH-FDR(q=0.05) 校正后仍显著,L87 | [Sun Dec 04 05:00:09 2005] [notice] workerEnv.init() ok /etc/httpd/conf/workers2.properties || L91 | [Sun Dec 04 05:00:15 2005] [notice] workerEnv.init() ok /etc/httpd/conf/workers2.properties || L93 | [Sun Dec 04 05:00:15 2005] [notice] workerEnv.init() ok /etc/httpd/conf/workers2.properties
poisson,template-poisson,medium,1.917,2005-12-04 16:40:00,T0,0.0,10.0,2.42,0.00021505818791145437,模板 T0 本桶 10 次，基线速率 2.42 次/桶（放大 4.1 倍），泊松上尾 p = 2.15e-04，在 212 次检验中经 BH-FDR(q=0.05) 校正后仍显著,L616 | [Sun Dec 04 16:41:22 2005] [notice] workerEnv.init() ok /etc/httpd/conf/workers2.properties || L617 | [Sun Dec 04 16:41:22 2005] [notice] workerEnv.init() ok /etc/httpd/conf/workers2.properties || L618 | [Sun Dec 04 16:41:22 2005] [notice] workerEnv.init() ok /etc/httpd/conf/workers2.properties
poisson,template-poisson,medium,1.917,2005-12-04 16:50:00,T0,0.0,10.0,2.42,0.00021505818791145437,模板 T0 本桶 10 次，基线速率 2.42 次/桶（放大 4.1 倍），泊松上尾 p = 2.15e-04，在 212 次检验中经 BH-FDR(q=0.05) 校正后仍显著,L655 | [Sun Dec 04 16:52:49 2005] [notice] workerEnv.init() ok /etc/httpd/conf/workers2.properties || L656 | [Sun Dec 04 16:52:49 2005] [notice] workerEnv.init() ok /etc/httpd/conf/workers2.properties || L657 | [Sun Dec 04 16:52:49 2005] [notice] workerEnv.init() ok /etc/httpd/conf/workers2.properties
poisson,template-poisson,medium,1.917,2005-12-04 19:50:00,T0,0.0,10.0,2.42,0.00021505818791145437,模板 T0 本桶 10 次，基线速率 2.42 次/桶（放大 4.1 倍），泊松上尾 p = 2.15e-04，在 212 次检验中经 BH-FDR(q=0.05) 校正后仍显著,L865 | [Sun Dec 04 19:50:51 2005] [notice] workerEnv.init() ok /etc/httpd/conf/workers2.properties || L866 | [Sun Dec 04 19:50:51 2005] [notice] workerEnv.init() ok /etc/httpd/conf/workers2.properties || L870 | [Sun Dec 04 19:51:16 2005] [notice] workerEnv.init() ok /etc/httpd/conf/workers2.properties
poisson,template-poisson,medium,1.917,2005-12-04 20:20:00,T0,0.0,10.0,2.42,0.00021505818791145437,模板 T0 本桶 10 次，基线速率 2.42 次/桶（放大 4.1 倍），泊松上尾 p = 2.15e-04，在 212 次检验中经 BH-FDR(q=0.05) 校正后仍显著,L946 | [Sun Dec 04 20:21:21 2005] [notice] workerEnv.init() ok /etc/httpd/conf/workers2.properties || L947 | [Sun Dec 04 20:21:31 2005] [notice] workerEnv.init() ok /etc/httpd/conf/workers2.properties || L948 | [Sun Dec 04 20:21:31 2005] [notice] workerEnv.init() ok /etc/httpd/conf/workers2.properties
robust_z,template-burst,medium,1.9,2005-12-04 05:00:00,T2,2.0,14.0,0.0,,模板 T2 在本桶出现 14 次，历史中位数 0.0 次，稳健 z = 14.0（阈值 5.0，sigma=1.0）,L86 | [Sun Dec 04 05:00:03 2005] [notice] jk2_init() Found child 8560 in scoreboard slot 7 || L89 | [Sun Dec 04 05:00:13 2005] [notice] jk2_init() Found child 8565 in scoreboard slot 9 || L90 | [Sun Dec 04 05:00:13 2005] [notice] jk2_init() Found child 8573 in scoreboard slot 10
robust_z,template-burst,medium,1.9,2005-12-05 10:50:00,T2,2.0,14.0,0.0,,模板 T2 在本桶出现 14 次，历史中位数 0.0 次，稳健 z = 14.0（阈值 5.0，sigma=1.0）,L1494 | [Mon Dec 05 10:51:12 2005] [notice] jk2_init() Found child 5515 in scoreboard slot 7 || L1495 | [Mon Dec 05 10:51:12 2005] [notice] jk2_init() Found child 5516 in scoreboard slot 8 || L1500 | [Mon Dec 05 10:51:59 2005] [notice] jk2_init() Found child 5517 in scoreboard slot 6
poisson,template-poisson,medium,1.867,2005-12-04 06:20:00,T2,2.0,12.0,3.567,0.0003416640108762081,模板 T2 本桶 12 次，基线速率 3.567 次/桶（放大 3.4 倍），泊松上尾 p = 3.42e-04，在 212 次检验中经 BH-FDR(q=0.05) 校正后仍显著,L255 | [Sun Dec 04 06:20:30 2005] [notice] jk2_init() Found child 32467 in scoreboard slot 9 || L256 | [Sun Dec 04 06:20:30 2005] [notice] jk2_init() Found child 32464 in scoreboard slot 8 || L257 | [Sun Dec 04 06:20:30 2005] [notice] jk2_init() Found child 32465 in scoreboard slot 7
poisson,template-poisson,medium,1.867,2005-12-04 17:10:00,T2,2.0,12.0,3.567,0.0003416640108762081,模板 T2 本桶 12 次，基线速率 3.567 次/桶（放大 3.4 倍），泊松上尾 p = 3.42e-04，在 212 次检验中经 BH-FDR(q=0.05) 校正后仍显著,L705 | [Sun Dec 04 17:11:23 2005] [notice] jk2_init() Found child 1387 in scoreboard slot 7 || L706 | [Sun Dec 04 17:11:37 2005] [notice] jk2_init() Found child 1390 in scoreboard slot 10 || L707 | [Sun Dec 04 17:11:37 2005] [notice] jk2_init() Found child 1388 in scoreboard slot 8
poisson,template-poisson,medium,1.867,2005-12-05 03:40:00,T2,2.0,12.0,3.567,0.0003416640108762081,模板 T2 本桶 12 次，基线速率 3.567 次/桶（放大 3.4 倍），泊松上尾 p = 3.42e-04，在 212 次检验中经 BH-FDR(q=0.05) 校正后仍显著,L1076 | [Mon Dec 05 03:40:46 2005] [notice] jk2_init() Found child 2823 in scoreboard slot 9 || L1079 | [Mon Dec 05 03:44:50 2005] [notice] jk2_init() Found child 2824 in scoreboard slot 10 || L1083 | [Mon Dec 05 03:46:38 2005] [notice] jk2_init() Found child 2838 in scoreboard slot 10
poisson,template-poisson,medium,1.867,2005-12-05 16:30:00,T2,2.0,12.0,3.567,0.0003416640108762081,模板 T2 本桶 12 次，基线速率 3.567 次/桶（放大 3.4 倍），泊松上尾 p = 3.42e-04，在 212 次检验中经 BH-FDR(q=0.05) 校正后仍显著,L1866 | [Mon Dec 05 16:31:48 2005] [notice] jk2_init() Found child 6420 in scoreboard slot 6 || L1867 | [Mon Dec 05 16:31:49 2005] [notice] jk2_init() Found child 6421 in scoreboard slot 7 || L1868 | [Mon Dec 05 16:31:49 2005] [notice] jk2_init() Found child 6422 in scoreboard slot 8
poisson,template-poisson,medium,1.8,2005-12-04 06:20:00,T1,1.0,9.0,2.294,0.0006306948103231846,模板 T1 本桶 9 次，基线速率 2.294 次/桶（放大 3.9 倍），泊松上尾 p = 6.31e-04，在 212 次检验中经 BH-FDR(q=0.05) 校正后仍显著,L263 | [Sun Dec 04 06:20:46 2005] [error] mod_jk child workerEnv in error state 6 || L264 | [Sun Dec 04 06:20:46 2005] [error] mod_jk child workerEnv in error state 7 || L265 | [Sun Dec 04 06:20:46 2005] [error] mod_jk child workerEnv in error state 8
poisson,template-poisson,medium,1.8,2005-12-04 19:30:00,T1,1.0,9.0,2.294,0.0006306948103231846,模板 T1 本桶 9 次，基线速率 2.294 次/桶（放大 3.9 倍），泊松上尾 p = 6.31e-04，在 212 次检验中经 BH-FDR(q=0.05) 校正后仍显著,L813 | [Sun Dec 04 19:32:33 2005] [error] mod_jk child workerEnv in error state 6 || L818 | [Sun Dec 04 19:32:34 2005] [error] mod_jk child workerEnv in error state 6 || L820 | [Sun Dec 04 19:32:34 2005] [error] mod_jk child workerEnv in error state 7
poisson,template-poisson,medium,1.8,2005-12-05 10:20:00,T1,1.0,9.0,2.294,0.0006306948103231846,模板 T1 本桶 9 次，基线速率 2.294 次/桶（放大 3.9 倍），泊松上尾 p = 6.31e-04，在 212 次检验中经 BH-FDR(q=0.05) 校正后仍显著,L1402 | [Mon Dec 05 10:21:13 2005] [error] mod_jk child workerEnv in error state 6 || L1403 | [Mon Dec 05 10:21:13 2005] [error] mod_jk child workerEnv in error state 6 || L1404 | [Mon Dec 05 10:21:13 2005] [error] mod_jk child workerEnv in error state 6
robust_z,template-burst,medium,1.8,2005-12-04 06:00:00,T0,0.0,13.0,0.0,,模板 T0 在本桶出现 13 次，历史中位数 0.0 次，稳健 z = 13.0（阈值 5.0，sigma=1.0）,L138 | [Sun Dec 04 06:01:21 2005] [notice] workerEnv.init() ok /etc/httpd/conf/workers2.properties || L139 | [Sun Dec 04 06:01:21 2005] [notice] workerEnv.init() ok /etc/httpd/conf/workers2.properties || L144 | [Sun Dec 04 06:02:01 2005] [notice] workerEnv.init() ok /etc/httpd/conf/workers2.properties
robust_z,template-burst,medium,1.8,2005-12-04 16:40:00,T2,2.0,13.0,0.0,,模板 T2 在本桶出现 13 次，历史中位数 0.0 次，稳健 z = 13.0（阈值 5.0，sigma=1.0）,L612 | [Sun Dec 04 16:41:15 2005] [notice] jk2_init() Found child 1275 in scoreboard slot 6 || L613 | [Sun Dec 04 16:41:16 2005] [notice] jk2_init() Found child 1276 in scoreboard slot 9 || L614 | [Sun Dec 04 16:41:22 2005] [notice] jk2_init() Found child 1277 in scoreboard slot 7
robust_z,template-burst,medium,1.8,2005-12-04 17:20:00,T2,2.0,13.0,0.0,,模板 T2 在本桶出现 13 次，历史中位数 0.0 次，稳健 z = 13.0（阈值 5.0，sigma=1.0）,L727 | [Sun Dec 04 17:20:38 2005] [notice] jk2_init() Found child 1448 in scoreboard slot 6 || L728 | [Sun Dec 04 17:20:38 2005] [notice] jk2_init() Found child 1439 in scoreboard slot 7 || L729 | [Sun Dec 04 17:20:38 2005] [notice] jk2_init() Found child 1441 in scoreboard slot 9
robust_z,template-burst,medium,1.8,2005-12-05 05:10:00,T2,2.0,13.0,0.0,,模板 T2 在本桶出现 13 次，历史中位数 0.0 次，稳健 z = 13.0（阈值 5.0，sigma=1.0）,L1190 | [Mon Dec 05 05:11:04 2005] [notice] jk2_init() Found child 4609 in scoreboard slot 7 || L1191 | [Mon Dec 05 05:11:04 2005] [notice] jk2_init() Found child 4608 in scoreboard slot 6 || L1192 | [Mon Dec 05 05:11:34 2005] [notice] jk2_init() Found child 4611 in scoreboard slot 9
robust_z,template-burst,medium,1.8,2005-12-05 13:40:00,T0,0.0,13.0,0.0,,模板 T0 在本桶出现 13 次，历史中位数 0.0 次，稳健 z = 13.0（阈值 5.0，sigma=1.0）,L1692 | [Mon Dec 05 13:43:43 2005] [notice] workerEnv.init() ok /etc/httpd/conf/workers2.properties || L1693 | [Mon Dec 05 13:43:44 2005] [notice] workerEnv.init() ok /etc/httpd/conf/workers2.properties || L1694 | [Mon Dec 05 13:43:43 2005] [notice] workerEnv.init() ok /etc/httpd/conf/workers2.properties
poisson,template-poisson,medium,1.759,2005-12-04 06:20:00,T0,0.0,9.0,2.424,0.0009237400729762424,模板 T0 本桶 9 次，基线速率 2.424 次/桶（放大 3.7 倍），泊松上尾 p = 9.24e-04，在 212 次检验中经 BH-FDR(q=0.05) 校正后仍显著,L260 | [Sun Dec 04 06:20:44 2005] [notice] workerEnv.init() ok /etc/httpd/conf/workers2.properties || L261 | [Sun Dec 04 06:20:44 2005] [notice] workerEnv.init() ok /etc/httpd/conf/workers2.properties || L262 | [Sun Dec 04 06:20:44 2005] [notice] workerEnv.init() ok /etc/httpd/conf/workers2.properties
poisson,template-poisson,medium,1.759,2005-12-04 19:30:00,T0,0.0,9.0,2.424,0.0009237400729762424,模板 T0 本桶 9 次，基线速率 2.424 次/桶（放大 3.7 倍），泊松上尾 p = 9.24e-04，在 212 次检验中经 BH-FDR(q=0.05) 校正后仍显著,L812 | [Sun Dec 04 19:32:32 2005] [notice] workerEnv.init() ok /etc/httpd/conf/workers2.properties || L817 | [Sun Dec 04 19:32:34 2005] [notice] workerEnv.init() ok /etc/httpd/conf/workers2.properties || L819 | [Sun Dec 04 19:32:34 2005] [notice] workerEnv.init() ok /etc/httpd/conf/workers2.properties
poisson,template-poisson,medium,1.759,2005-12-05 10:20:00,T0,0.0,9.0,2.424,0.0009237400729762424,模板 T0 本桶 9 次，基线速率 2.424 次/桶（放大 3.7 倍），泊松上尾 p = 9.24e-04，在 212 次检验中经 BH-FDR(q=0.05) 校正后仍显著,L1398 | [Mon Dec 05 10:21:13 2005] [notice] workerEnv.init() ok /etc/httpd/conf/workers2.properties || L1399 | [Mon Dec 05 10:21:13 2005] [notice] workerEnv.init() ok /etc/httpd/conf/workers2.properties || L1400 | [Mon Dec 05 10:21:13 2005] [notice] workerEnv.init() ok /etc/httpd/conf/workers2.properties
robust_z,template-burst,medium,1.7,2005-12-04 06:00:00,T1,1.0,12.0,0.0,,模板 T1 在本桶出现 12 次，历史中位数 0.0 次，稳健 z = 12.0（阈值 5.0，sigma=1.0）,L140 | [Sun Dec 04 06:01:30 2005] [error] mod_jk child workerEnv in error state 6 || L145 | [Sun Dec 04 06:02:02 2005] [error] mod_jk child workerEnv in error state 7 || L151 | [Sun Dec 04 06:02:07 2005] [error] mod_jk child workerEnv in error state 7
robust_z,template-burst,medium,1.7,2005-12-04 06:20:00,T2,2.0,12.0,0.0,,模板 T2 在本桶出现 12 次，历史中位数 0.0 次，稳健 z = 12.0（阈值 5.0，sigma=1.0）,L255 | [Sun Dec 04 06:20:30 2005] [notice] jk2_init() Found child 32467 in scoreboard slot 9 || L256 | [Sun Dec 04 06:20:30 2005] [notice] jk2_init() Found child 32464 in scoreboard slot 8 || L257 | [Sun Dec 04 06:20:30 2005] [notice] jk2_init() Found child 32465 in scoreboard slot 7
robust_z,template-burst,medium,1.7,2005-12-04 17:10:00,T2,2.0,12.0,0.0,,模板 T2 在本桶出现 12 次，历史中位数 0.0 次，稳健 z = 12.0（阈值 5.0，sigma=1.0）,L705 | [Sun Dec 04 17:11:23 2005] [notice] jk2_init() Found child 1387 in scoreboard slot 7 || L706 | [Sun Dec 04 17:11:37 2005] [notice] jk2_init() Found child 1390 in scoreboard slot 10 || L707 | [Sun Dec 04 17:11:37 2005] [notice] jk2_init() Found child 1388 in scoreboard slot 8
robust_z,template-burst,medium,1.7,2005-12-04 20:30:00,T0,0.0,12.0,0.0,,模板 T0 在本桶出现 12 次，历史中位数 0.0 次，稳健 z = 12.0（阈值 5.0，sigma=1.0）,L988 | [Sun Dec 04 20:32:50 2005] [notice] workerEnv.init() ok /etc/httpd/conf/workers2.properties || L989 | [Sun Dec 04 20:32:50 2005] [notice] workerEnv.init() ok /etc/httpd/conf/workers2.properties || L990 | [Sun Dec 04 20:32:50 2005] [notice] workerEnv.init() ok /etc/httpd/conf/workers2.properties
robust_z,template-burst,medium,1.7,2005-12-04 20:30:00,T1,1.0,12.0,0.0,,模板 T1 在本桶出现 12 次，历史中位数 0.0 次，稳健 z = 12.0（阈值 5.0，sigma=1.0）,L991 | [Sun Dec 04 20:32:55 2005] [error] mod_jk child workerEnv in error state 10 || L992 | [Sun Dec 04 20:32:55 2005] [error] mod_jk child workerEnv in error state 6 || L993 | [Sun Dec 04 20:32:55 2005] [error] mod_jk child workerEnv in error state 10
robust_z,template-burst,medium,1.7,2005-12-05 03:40:00,T2,2.0,12.0,0.0,,模板 T2 在本桶出现 12 次，历史中位数 0.0 次，稳健 z = 12.0（阈值 5.0，sigma=1.0）,L1076 | [Mon Dec 05 03:40:46 2005] [notice] jk2_init() Found child 2823 in scoreboard slot 9 || L1079 | [Mon Dec 05 03:44:50 2005] [notice] jk2_init() Found child 2824 in scoreboard slot 10 || L1083 | [Mon Dec 05 03:46:38 2005] [notice] jk2_init() Found child 2838 in scoreboard slot 10
robust_z,template-burst,medium,1.7,2005-12-05 07:40:00,T0,0.0,12.0,0.0,,模板 T0 在本桶出现 12 次，历史中位数 0.0 次，稳健 z = 12.0（阈值 5.0，sigma=1.0）,L1275 | [Mon Dec 05 07:43:15 2005] [notice] workerEnv.init() ok /etc/httpd/conf/workers2.properties || L1277 | [Mon Dec 05 07:43:15 2005] [notice] workerEnv.init() ok /etc/httpd/conf/workers2.properties || L1279 | [Mon Dec 05 07:43:15 2005] [notice] workerEnv.init() ok /etc/httpd/conf/workers2.properties
robust_z,template-burst,medium,1.7,2005-12-05 07:40:00,T1,1.0,12.0,0.0,,模板 T1 在本桶出现 12 次，历史中位数 0.0 次，稳健 z = 12.0（阈值 5.0，sigma=1.0）,L1276 | [Mon Dec 05 07:43:16 2005] [error] mod_jk child workerEnv in error state 7 || L1278 | [Mon Dec 05 07:43:16 2005] [error] mod_jk child workerEnv in error state 7 || L1280 | [Mon Dec 05 07:43:16 2005] [error] mod_jk child workerEnv in error state 6
robust_z,template-burst,medium,1.7,2005-12-05 07:50:00,T1,1.0,12.0,0.0,,模板 T1 在本桶出现 12 次，历史中位数 0.0 次，稳健 z = 12.0（阈值 5.0，sigma=1.0）,L1318 | [Mon Dec 05 07:51:23 2005] [error] mod_jk child workerEnv in error state 6 || L1323 | [Mon Dec 05 07:52:02 2005] [error] mod_jk child workerEnv in error state 6 || L1324 | [Mon Dec 05 07:52:02 2005] [error] mod_jk child workerEnv in error state 7
robust_z,template-burst,medium,1.7,2005-12-05 13:40:00,T1,1.0,12.0,0.0,,模板 T1 在本桶出现 12 次，历史中位数 0.0 次，稳健 z = 12.0（阈值 5.0，sigma=1.0）,L1695 | [Mon Dec 05 13:43:46 2005] [error] mod_jk child workerEnv in error state 6 || L1696 | [Mon Dec 05 13:43:46 2005] [error] mod_jk child workerEnv in error state 8 || L1697 | [Mon Dec 05 13:43:46 2005] [error] mod_jk child workerEnv in error state 7
robust_z,template-burst,medium,1.7,2005-12-05 16:30:00,T2,2.0,12.0,0.0,,模板 T2 在本桶出现 12 次，历史中位数 0.0 次，稳健 z = 12.0（阈值 5.0，sigma=1.0）,L1866 | [Mon Dec 05 16:31:48 2005] [notice] jk2_init() Found child 6420 in scoreboard slot 6 || L1867 | [Mon Dec 05 16:31:49 2005] [notice] jk2_init() Found child 6421 in scoreboard slot 7 || L1868 | [Mon Dec 05 16:31:49 2005] [notice] jk2_init() Found child 6422 in scoreboard slot 8
poisson,template-poisson,medium,1.647,2005-12-04 17:00:00,T1,1.0,8.0,2.299,0.002580056824140531,模板 T1 本桶 8 次，基线速率 2.299 次/桶（放大 3.5 倍），泊松上尾 p = 2.58e-03，在 212 次检验中经 BH-FDR(q=0.05) 校正后仍显著,L687 | [Sun Dec 04 17:01:47 2005] [error] mod_jk child workerEnv in error state 6 || L689 | [Sun Dec 04 17:01:47 2005] [error] mod_jk child workerEnv in error state 6 || L691 | [Sun Dec 04 17:01:47 2005] [error] mod_jk child workerEnv in error state 6
poisson,template-poisson,medium,1.647,2005-12-04 19:40:00,T1,1.0,8.0,2.299,0.002580056824140531,模板 T1 本桶 8 次，基线速率 2.299 次/桶（放大 3.5 倍），泊松上尾 p = 2.58e-03，在 212 次检验中经 BH-FDR(q=0.05) 校正后仍显著,L844 | [Sun Dec 04 19:41:21 2005] [error] mod_jk child workerEnv in error state 6 || L846 | [Sun Dec 04 19:41:21 2005] [error] mod_jk child workerEnv in error state 6 || L848 | [Sun Dec 04 19:41:21 2005] [error] mod_jk child workerEnv in error state 6
poisson,template-poisson,medium,1.647,2005-12-04 20:00:00,T1,1.0,8.0,2.299,0.002580056824140531,模板 T1 本桶 8 次，基线速率 2.299 次/桶（放大 3.5 倍），泊松上尾 p = 2.58e-03，在 212 次检验中经 BH-FDR(q=0.05) 校正后仍显著,L903 | [Sun Dec 04 20:01:37 2005] [error] mod_jk child workerEnv in error state 6 || L904 | [Sun Dec 04 20:01:37 2005] [error] mod_jk child workerEnv in error state 6 || L905 | [Sun Dec 04 20:01:37 2005] [error] mod_jk child workerEnv in error state 6
poisson,template-poisson,medium,1.647,2005-12-04 20:10:00,T1,1.0,8.0,2.299,0.002580056824140531,模板 T1 本桶 8 次，基线速率 2.299 次/桶（放大 3.5 倍），泊松上尾 p = 2.58e-03，在 212 次检验中经 BH-FDR(q=0.05) 校正后仍显著,L924 | [Sun Dec 04 20:11:14 2005] [error] mod_jk child workerEnv in error state 6 || L926 | [Sun Dec 04 20:11:14 2005] [error] mod_jk child workerEnv in error state 6 || L928 | [Sun Dec 04 20:11:14 2005] [error] mod_jk child workerEnv in error state 6
poisson,template-poisson,medium,1.647,2005-12-05 03:50:00,T1,1.0,8.0,2.299,0.002580056824140531,模板 T1 本桶 8 次，基线速率 2.299 次/桶（放大 3.5 倍），泊松上尾 p = 2.58e-03，在 212 次检验中经 BH-FDR(q=0.05) 校正后仍显著,L1111 | [Mon Dec 05 03:50:59 2005] [error] mod_jk child workerEnv in error state 6 || L1112 | [Mon Dec 05 03:50:59 2005] [error] mod_jk child workerEnv in error state 6 || L1113 | [Mon Dec 05 03:50:59 2005] [error] mod_jk child workerEnv in error state 6
poisson,template-poisson,medium,1.647,2005-12-05 07:30:00,T1,1.0,8.0,2.299,0.002580056824140531,模板 T1 本桶 8 次，基线速率 2.299 次/桶（放大 3.5 倍），泊松上尾 p = 2.58e-03，在 212 次检验中经 BH-FDR(q=0.05) 校正后仍显著,L1248 | [Mon Dec 05 07:32:06 2005] [error] mod_jk child workerEnv in error state 6 || L1250 | [Mon Dec 05 07:32:06 2005] [error] mod_jk child workerEnv in error state 6 || L1252 | [Mon Dec 05 07:32:06 2005] [error] mod_jk child workerEnv in error state 6
poisson,template-poisson,medium,1.647,2005-12-05 10:30:00,T1,1.0,8.0,2.299,0.002580056824140531,模板 T1 本桶 8 次，基线速率 2.299 次/桶（放大 3.5 倍），泊松上尾 p = 2.58e-03，在 212 次检验中经 BH-FDR(q=0.05) 校正后仍显著,L1430 | [Mon Dec 05 10:33:44 2005] [error] mod_jk child workerEnv in error state 6 || L1432 | [Mon Dec 05 10:33:44 2005] [error] mod_jk child workerEnv in error state 6 || L1434 | [Mon Dec 05 10:33:44 2005] [error] mod_jk child workerEnv in error state 7
poisson,template-poisson,medium,1.647,2005-12-05 13:20:00,T1,1.0,8.0,2.299,0.002580056824140531,模板 T1 本桶 8 次，基线速率 2.299 次/桶（放大 3.5 倍），泊松上尾 p = 2.58e-03，在 212 次检验中经 BH-FDR(q=0.05) 校正后仍显著,L1613 | [Mon Dec 05 13:22:48 2005] [error] mod_jk child workerEnv in error state 7 || L1615 | [Mon Dec 05 13:22:48 2005] [error] mod_jk child workerEnv in error state 7 || L1617 | [Mon Dec 05 13:22:48 2005] [error] mod_jk child workerEnv in error state 6
poisson,template-poisson,medium,1.611,2005-12-04 17:00:00,T0,0.0,8.0,2.429,0.003581024787914,模板 T0 本桶 8 次，基线速率 2.429 次/桶（放大 3.3 倍），泊松上尾 p = 3.58e-03，在 212 次检验中经 BH-FDR(q=0.05) 校正后仍显著,L686 | [Sun Dec 04 17:01:47 2005] [notice] workerEnv.init() ok /etc/httpd/conf/workers2.properties || L688 | [Sun Dec 04 17:01:47 2005] [notice] workerEnv.init() ok /etc/httpd/conf/workers2.properties || L690 | [Sun Dec 04 17:01:47 2005] [notice] workerEnv.init() ok /etc/httpd/conf/workers2.properties
poisson,template-poisson,medium,1.611,2005-12-04 19:40:00,T0,0.0,8.0,2.429,0.003581024787914,模板 T0 本桶 8 次，基线速率 2.429 次/桶（放大 3.3 倍），泊松上尾 p = 3.58e-03，在 212 次检验中经 BH-FDR(q=0.05) 校正后仍显著,L843 | [Sun Dec 04 19:41:21 2005] [notice] workerEnv.init() ok /etc/httpd/conf/workers2.properties || L845 | [Sun Dec 04 19:41:21 2005] [notice] workerEnv.init() ok /etc/httpd/conf/workers2.properties || L847 | [Sun Dec 04 19:41:21 2005] [notice] workerEnv.init() ok /etc/httpd/conf/workers2.properties
poisson,template-poisson,medium,1.611,2005-12-04 20:00:00,T0,0.0,8.0,2.429,0.003581024787914,模板 T0 本桶 8 次，基线速率 2.429 次/桶（放大 3.3 倍），泊松上尾 p = 3.58e-03，在 212 次检验中经 BH-FDR(q=0.05) 校正后仍显著,L899 | [Sun Dec 04 20:01:37 2005] [notice] workerEnv.init() ok /etc/httpd/conf/workers2.properties || L900 | [Sun Dec 04 20:01:37 2005] [notice] workerEnv.init() ok /etc/httpd/conf/workers2.properties || L901 | [Sun Dec 04 20:01:37 2005] [notice] workerEnv.init() ok /etc/httpd/conf/workers2.properties
poisson,template-poisson,medium,1.611,2005-12-04 20:10:00,T0,0.0,8.0,2.429,0.003581024787914,模板 T0 本桶 8 次，基线速率 2.429 次/桶（放大 3.3 倍），泊松上尾 p = 3.58e-03，在 212 次检验中经 BH-FDR(q=0.05) 校正后仍显著,L923 | [Sun Dec 04 20:11:14 2005] [notice] workerEnv.init() ok /etc/httpd/conf/workers2.properties || L925 | [Sun Dec 04 20:11:14 2005] [notice] workerEnv.init() ok /etc/httpd/conf/workers2.properties || L927 | [Sun Dec 04 20:11:14 2005] [notice] workerEnv.init() ok /etc/httpd/conf/workers2.properties
poisson,template-poisson,medium,1.611,2005-12-05 03:40:00,T0,0.0,8.0,2.429,0.003581024787914,模板 T0 本桶 8 次，基线速率 2.429 次/桶（放大 3.3 倍），泊松上尾 p = 3.58e-03，在 212 次检验中经 BH-FDR(q=0.05) 校正后仍显著,L1077 | [Mon Dec 05 03:40:55 2005] [notice] workerEnv.init() ok /etc/httpd/conf/workers2.properties || L1081 | [Mon Dec 05 03:44:50 2005] [notice] workerEnv.init() ok /etc/httpd/conf/workers2.properties || L1086 | [Mon Dec 05 03:46:50 2005] [notice] workerEnv.init() ok /etc/httpd/conf/workers2.properties
poisson,template-poisson,medium,1.611,2005-12-05 03:50:00,T0,0.0,8.0,2.429,0.003581024787914,模板 T0 本桶 8 次，基线速率 2.429 次/桶（放大 3.3 倍），泊松上尾 p = 3.58e-03，在 212 次检验中经 BH-FDR(q=0.05) 校正后仍显著,L1107 | [Mon Dec 05 03:50:59 2005] [notice] workerEnv.init() ok /etc/httpd/conf/workers2.properties || L1108 | [Mon Dec 05 03:50:59 2005] [notice] workerEnv.init() ok /etc/httpd/conf/workers2.properties || L1109 | [Mon Dec 05 03:50:59 2005] [notice] workerEnv.init() ok /etc/httpd/conf/workers2.properties
poisson,template-poisson,medium,1.611,2005-12-05 07:30:00,T0,0.0,8.0,2.429,0.003581024787914,模板 T0 本桶 8 次，基线速率 2.429 次/桶（放大 3.3 倍），泊松上尾 p = 3.58e-03，在 212 次检验中经 BH-FDR(q=0.05) 校正后仍显著,L1247 | [Mon Dec 05 07:32:06 2005] [notice] workerEnv.init() ok /etc/httpd/conf/workers2.properties || L1249 | [Mon Dec 05 07:32:06 2005] [notice] workerEnv.init() ok /etc/httpd/conf/workers2.properties || L1251 | [Mon Dec 05 07:32:06 2005] [notice] workerEnv.init() ok /etc/httpd/conf/workers2.properties
poisson,template-poisson,medium,1.611,2005-12-05 10:30:00,T0,0.0,8.0,2.429,0.003581024787914,模板 T0 本桶 8 次，基线速率 2.429 次/桶（放大 3.3 倍），泊松上尾 p = 3.58e-03，在 212 次检验中经 BH-FDR(q=0.05) 校正后仍显著,L1429 | [Mon Dec 05 10:33:44 2005] [notice] workerEnv.init() ok /etc/httpd/conf/workers2.properties || L1431 | [Mon Dec 05 10:33:44 2005] [notice] workerEnv.init() ok /etc/httpd/conf/workers2.properties || L1433 | [Mon Dec 05 10:33:44 2005] [notice] workerEnv.init() ok /etc/httpd/conf/workers2.properties
poisson,template-poisson,medium,1.611,2005-12-05 13:20:00,T0,0.0,8.0,2.429,0.003581024787914,模板 T0 本桶 8 次，基线速率 2.429 次/桶（放大 3.3 倍），泊松上尾 p = 3.58e-03，在 212 次检验中经 BH-FDR(q=0.05) 校正后仍显著,L1612 | [Mon Dec 05 13:22:48 2005] [notice] workerEnv.init() ok /etc/httpd/conf/workers2.properties || L1614 | [Mon Dec 05 13:22:48 2005] [notice] workerEnv.init() ok /etc/httpd/conf/workers2.properties || L1616 | [Mon Dec 05 13:22:48 2005] [notice] workerEnv.init() ok /etc/httpd/conf/workers2.properties
poisson,template-poisson,medium,1.604,2005-12-04 19:30:00,T2,2.0,10.0,3.576,0.00384222411729096,模板 T2 本桶 10 次，基线速率 3.576 次/桶（放大 2.8 倍），泊松上尾 p = 3.84e-03，在 212 次检验中经 BH-FDR(q=0.05) 校正后仍显著,L810 | [Sun Dec 04 19:32:20 2005] [notice] jk2_init() Found child 1786 in scoreboard slot 8 || L811 | [Sun Dec 04 19:32:20 2005] [notice] jk2_init() Found child 1787 in scoreboard slot 9 || L814 | [Sun Dec 04 19:32:34 2005] [notice] jk2_init() Found child 1788 in scoreboard slot 6
poisson,template-poisson,medium,1.604,2005-12-04 19:50:00,T2,2.0,10.0,3.576,0.00384222411729096,模板 T2 本桶 10 次，基线速率 3.576 次/桶（放大 2.8 倍），泊松上尾 p = 3.84e-03，在 212 次检验中经 BH-FDR(q=0.05) 校正后仍显著,L863 | [Sun Dec 04 19:50:39 2005] [notice] jk2_init() Found child 1833 in scoreboard slot 7 || L864 | [Sun Dec 04 19:50:39 2005] [notice] jk2_init() Found child 1832 in scoreboard slot 6 || L868 | [Sun Dec 04 19:50:57 2005] [notice] jk2_init() Found child 1834 in scoreboard slot 8
poisson,template-poisson,medium,1.604,2005-12-04 20:00:00,T2,2.0,10.0,3.576,0.00384222411729096,模板 T2 本桶 10 次，基线速率 3.576 次/桶（放大 2.8 倍），泊松上尾 p = 3.84e-03，在 212 次检验中经 BH-FDR(q=0.05) 校正后仍显著,L893 | [Sun Dec 04 20:01:00 2005] [notice] jk2_init() Found child 1861 in scoreboard slot 8 || L894 | [Sun Dec 04 20:01:00 2005] [notice] jk2_init() Found child 1862 in scoreboard slot 6 || L895 | [Sun Dec 04 20:01:30 2005] [notice] jk2_init() Found child 1867 in scoreboard slot 8
poisson,template-poisson,medium,1.604,2005-12-05 04:10:00,T2,2.0,10.0,3.576,0.00384222411729096,模板 T2 本桶 10 次，基线速率 3.576 次/桶（放大 2.8 倍），泊松上尾 p = 3.84e-03，在 212 次检验中经 BH-FDR(q=0.05) 校正后仍显著,L1157 | [Mon Dec 05 04:10:47 2005] [notice] jk2_init() Found child 3698 in scoreboard slot 9 || L1158 | [Mon Dec 05 04:10:47 2005] [notice] jk2_init() Found child 3690 in scoreboard slot 6 || L1159 | [Mon Dec 05 04:10:47 2005] [notice] jk2_init() Found child 3691 in scoreboard slot 8
poisson,template-poisson,medium,1.604,2005-12-05 07:30:00,T2,2.0,10.0,3.576,0.00384222411729096,模板 T2 本桶 10 次，基线速率 3.576 次/桶（放大 2.8 倍），泊松上尾 p = 3.84e-03，在 212 次检验中经 BH-FDR(q=0.05) 校正后仍显著,L1242 | [Mon Dec 05 07:31:22 2005] [notice] jk2_init() Found child 4932 in scoreboard slot 6 || L1243 | [Mon Dec 05 07:32:03 2005] [notice] jk2_init() Found child 4938 in scoreboard slot 8 || L1244 | [Mon Dec 05 07:32:03 2005] [notice] jk2_init() Found child 4935 in scoreboard slot 9
robust_z,template-burst,medium,1.6,2005-12-04 07:00:00,T0,0.0,11.0,0.0,,模板 T0 在本桶出现 11 次，历史中位数 0.0 次，稳健 z = 11.0（阈值 5.0，sigma=1.0）,L487 | [Sun Dec 04 07:02:01 2005] [notice] workerEnv.init() ok /etc/httpd/conf/workers2.properties || L488 | [Sun Dec 04 07:02:01 2005] [notice] workerEnv.init() ok /etc/httpd/conf/workers2.properties || L489 | [Sun Dec 04 07:02:01 2005] [notice] workerEnv.init() ok /etc/httpd/conf/workers2.properties
robust_z,template-burst,medium,1.6,2005-12-04 07:00:00,T1,1.0,11.0,0.0,,模板 T1 在本桶出现 11 次，历史中位数 0.0 次，稳健 z = 11.0（阈值 5.0，sigma=1.0）,L492 | [Sun Dec 04 07:02:03 2005] [error] mod_jk child workerEnv in error state 9 || L493 | [Sun Dec 04 07:02:03 2005] [error] mod_jk child workerEnv in error state 8 || L494 | [Sun Dec 04 07:02:03 2005] [error] mod_jk child workerEnv in error state 8
robust_z,template-burst,medium,1.6,2005-12-05 10:40:00,T0,0.0,11.0,0.0,,模板 T0 在本桶出现 11 次，历史中位数 0.0 次，稳健 z = 11.0（阈值 5.0，sigma=1.0）,L1462 | [Mon Dec 05 10:43:34 2005] [notice] workerEnv.init() ok /etc/httpd/conf/workers2.properties || L1463 | [Mon Dec 05 10:43:34 2005] [notice] workerEnv.init() ok /etc/httpd/conf/workers2.properties || L1465 | [Mon Dec 05 10:43:41 2005] [notice] workerEnv.init() ok /etc/httpd/conf/workers2.properties
robust_z,template-burst,medium,1.6,2005-12-05 10:50:00,T0,0.0,11.0,0.0,,模板 T0 在本桶出现 11 次，历史中位数 0.0 次，稳健 z = 11.0（阈值 5.0，sigma=1.0）,L1496 | [Mon Dec 05 10:51:33 2005] [notice] workerEnv.init() ok /etc/httpd/conf/workers2.properties || L1497 | [Mon Dec 05 10:51:33 2005] [notice] workerEnv.init() ok /etc/httpd/conf/workers2.properties || L1502 | [Mon Dec 05 10:52:15 2005] [notice] workerEnv.init() ok /etc/httpd/conf/workers2.properties
robust_z,template-burst,medium,1.6,2005-12-05 13:30:00,T0,0.0,11.0,0.0,,模板 T0 在本桶出现 11 次，历史中位数 0.0 次，稳健 z = 11.0（阈值 5.0，sigma=1.0）,L1645 | [Mon Dec 05 13:32:04 2005] [notice] workerEnv.init() ok /etc/httpd/conf/workers2.properties || L1646 | [Mon Dec 05 13:32:04 2005] [notice] workerEnv.init() ok /etc/httpd/conf/workers2.properties || L1649 | [Mon Dec 05 13:32:09 2005] [notice] workerEnv.init() ok /etc/httpd/conf/workers2.properties
robust_z,template-burst,medium,1.6,2005-12-05 13:30:00,T1,1.0,11.0,0.0,,模板 T1 在本桶出现 11 次，历史中位数 0.0 次，稳健 z = 11.0（阈值 5.0，sigma=1.0）,L1647 | [Mon Dec 05 13:32:04 2005] [error] mod_jk child workerEnv in error state 6 || L1648 | [Mon Dec 05 13:32:04 2005] [error] mod_jk child workerEnv in error state 6 || L1651 | [Mon Dec 05 13:32:10 2005] [error] mod_jk child workerEnv in error state 7
poisson,template-poisson,medium,1.506,2005-12-04 17:30:00,T1,1.0,7.0,2.303,0.009424552224381877,模板 T1 本桶 7 次，基线速率 2.303 次/桶（放大 3.0 倍），泊松上尾 p = 9.42e-03，在 212 次检验中经 BH-FDR(q=0.05) 校正后仍显著,L760 | [Sun Dec 04 17:31:12 2005] [error] mod_jk child workerEnv in error state 6 || L761 | [Sun Dec 04 17:31:12 2005] [error] mod_jk child workerEnv in error state 6 || L762 | [Sun Dec 04 17:31:12 2005] [error] mod_jk child workerEnv in error state 8
poisson,template-poisson,medium,1.506,2005-12-04 20:20:00,T1,1.0,7.0,2.303,0.009424552224381877,模板 T1 本桶 7 次，基线速率 2.303 次/桶（放大 3.0 倍），泊松上尾 p = 9.42e-03，在 212 次检验中经 BH-FDR(q=0.05) 校正后仍显著,L950 | [Sun Dec 04 20:21:36 2005] [error] mod_jk child workerEnv in error state 6 || L955 | [Sun Dec 04 20:22:52 2005] [error] mod_jk child workerEnv in error state 7 || L963 | [Sun Dec 04 20:24:49 2005] [error] mod_jk child workerEnv in error state 8
poisson,template-poisson,medium,1.506,2005-12-05 04:10:00,T1,1.0,7.0,2.303,0.009424552224381877,模板 T1 本桶 7 次，基线速率 2.303 次/桶（放大 3.0 倍），泊松上尾 p = 9.42e-03，在 212 次检验中经 BH-FDR(q=0.05) 校正后仍显著,L1169 | [Mon Dec 05 04:14:00 2005] [error] mod_jk child workerEnv in error state 9 || L1171 | [Mon Dec 05 04:14:00 2005] [error] mod_jk child workerEnv in error state 8 || L1173 | [Mon Dec 05 04:14:00 2005] [error] mod_jk child workerEnv in error state 6
robust_z,template-burst,medium,1.5,2005-12-04 05:00:00,T0,0.0,10.0,0.0,,模板 T0 在本桶出现 10 次，历史中位数 0.0 次，稳健 z = 10.0（阈值 5.0，sigma=1.0）,L87 | [Sun Dec 04 05:00:09 2005] [notice] workerEnv.init() ok /etc/httpd/conf/workers2.properties || L91 | [Sun Dec 04 05:00:15 2005] [notice] workerEnv.init() ok /etc/httpd/conf/workers2.properties || L93 | [Sun Dec 04 05:00:15 2005] [notice] workerEnv.init() ok /etc/httpd/conf/workers2.properties
robust_z,template-burst,medium,1.5,2005-12-04 05:00:00,T1,1.0,10.0,0.0,,模板 T1 在本桶出现 10 次，历史中位数 0.0 次，稳健 z = 10.0（阈值 5.0，sigma=1.0）,L88 | [Sun Dec 04 05:00:09 2005] [error] mod_jk child workerEnv in error state 6 || L92 | [Sun Dec 04 05:00:15 2005] [error] mod_jk child workerEnv in error state 6 || L94 | [Sun Dec 04 05:00:15 2005] [error] mod_jk child workerEnv in error state 6
robust_z,template-burst,medium,1.5,2005-12-04 16:40:00,T0,0.0,10.0,0.0,,模板 T0 在本桶出现 10 次，历史中位数 0.0 次，稳健 z = 10.0（阈值 5.0，sigma=1.0）,L616 | [Sun Dec 04 16:41:22 2005] [notice] workerEnv.init() ok /etc/httpd/conf/workers2.properties || L617 | [Sun Dec 04 16:41:22 2005] [notice] workerEnv.init() ok /etc/httpd/conf/workers2.properties || L618 | [Sun Dec 04 16:41:22 2005] [notice] workerEnv.init() ok /etc/httpd/conf/workers2.properties
robust_z,template-burst,medium,1.5,2005-12-04 16:40:00,T1,1.0,10.0,0.0,,模板 T1 在本桶出现 10 次，历史中位数 0.0 次，稳健 z = 10.0（阈值 5.0，sigma=1.0）,L620 | [Sun Dec 04 16:41:22 2005] [error] mod_jk child workerEnv in error state 6 || L621 | [Sun Dec 04 16:41:22 2005] [error] mod_jk child workerEnv in error state 6 || L622 | [Sun Dec 04 16:41:22 2005] [error] mod_jk child workerEnv in error state 6
robust_z,template-burst,medium,1.5,2005-12-04 16:50:00,T0,0.0,10.0,0.0,,模板 T0 在本桶出现 10 次，历史中位数 0.0 次，稳健 z = 10.0（阈值 5.0，sigma=1.0）,L655 | [Sun Dec 04 16:52:49 2005] [notice] workerEnv.init() ok /etc/httpd/conf/workers2.properties || L656 | [Sun Dec 04 16:52:49 2005] [notice] workerEnv.init() ok /etc/httpd/conf/workers2.properties || L657 | [Sun Dec 04 16:52:49 2005] [notice] workerEnv.init() ok /etc/httpd/conf/workers2.properties
robust_z,template-burst,medium,1.5,2005-12-04 16:50:00,T1,1.0,10.0,0.0,,模板 T1 在本桶出现 10 次，历史中位数 0.0 次，稳健 z = 10.0（阈值 5.0，sigma=1.0）,L660 | [Sun Dec 04 16:52:49 2005] [error] mod_jk child workerEnv in error state 6 || L661 | [Sun Dec 04 16:52:49 2005] [error] mod_jk child workerEnv in error state 7 || L662 | [Sun Dec 04 16:52:49 2005] [error] mod_jk child workerEnv in error state 7
robust_z,template-burst,medium,1.5,2005-12-04 19:30:00,T2,2.0,10.0,0.0,,模板 T2 在本桶出现 10 次，历史中位数 0.0 次，稳健 z = 10.0（阈值 5.0，sigma=1.0）,L810 | [Sun Dec 04 19:32:20 2005] [notice] jk2_init() Found child 1786 in scoreboard slot 8 || L811 | [Sun Dec 04 19:32:20 2005] [notice] jk2_init() Found child 1787 in scoreboard slot 9 || L814 | [Sun Dec 04 19:32:34 2005] [notice] jk2_init() Found child 1788 in scoreboard slot 6
robust_z,template-burst,medium,1.5,2005-12-04 19:50:00,T0,0.0,10.0,0.0,,模板 T0 在本桶出现 10 次，历史中位数 0.0 次，稳健 z = 10.0（阈值 5.0，sigma=1.0）,L865 | [Sun Dec 04 19:50:51 2005] [notice] workerEnv.init() ok /etc/httpd/conf/workers2.properties || L866 | [Sun Dec 04 19:50:51 2005] [notice] workerEnv.init() ok /etc/httpd/conf/workers2.properties || L870 | [Sun Dec 04 19:51:16 2005] [notice] workerEnv.init() ok /etc/httpd/conf/workers2.properties
robust_z,template-burst,medium,1.5,2005-12-04 19:50:00,T1,1.0,10.0,0.0,,模板 T1 在本桶出现 10 次，历史中位数 0.0 次，稳健 z = 10.0（阈值 5.0，sigma=1.0）,L867 | [Sun Dec 04 19:50:55 2005] [error] mod_jk child workerEnv in error state 6 || L869 | [Sun Dec 04 19:50:55 2005] [error] mod_jk child workerEnv in error state 6 || L871 | [Sun Dec 04 19:51:18 2005] [error] mod_jk child workerEnv in error state 6
robust_z,template-burst,medium,1.5,2005-12-04 19:50:00,T2,2.0,10.0,0.0,,模板 T2 在本桶出现 10 次，历史中位数 0.0 次，稳健 z = 10.0（阈值 5.0，sigma=1.0）,L863 | [Sun Dec 04 19:50:39 2005] [notice] jk2_init() Found child 1833 in scoreboard slot 7 || L864 | [Sun Dec 04 19:50:39 2005] [notice] jk2_init() Found child 1832 in scoreboard slot 6 || L868 | [Sun Dec 04 19:50:57 2005] [notice] jk2_init() Found child 1834 in scoreboard slot 8
robust_z,template-burst,medium,1.5,2005-12-04 20:00:00,T2,2.0,10.0,0.0,,模板 T2 在本桶出现 10 次，历史中位数 0.0 次，稳健 z = 10.0（阈值 5.0，sigma=1.0）,L893 | [Sun Dec 04 20:01:00 2005] [notice] jk2_init() Found child 1861 in scoreboard slot 8 || L894 | [Sun Dec 04 20:01:00 2005] [notice] jk2_init() Found child 1862 in scoreboard slot 6 || L895 | [Sun Dec 04 20:01:30 2005] [notice] jk2_init() Found child 1867 in scoreboard slot 8
robust_z,template-burst,medium,1.5,2005-12-04 20:20:00,T0,0.0,10.0,0.0,,模板 T0 在本桶出现 10 次，历史中位数 0.0 次，稳健 z = 10.0（阈值 5.0，sigma=1.0）,L946 | [Sun Dec 04 20:21:21 2005] [notice] workerEnv.init() ok /etc/httpd/conf/workers2.properties || L947 | [Sun Dec 04 20:21:31 2005] [notice] workerEnv.init() ok /etc/httpd/conf/workers2.properties || L948 | [Sun Dec 04 20:21:31 2005] [notice] workerEnv.init() ok /etc/httpd/conf/workers2.properties
robust_z,template-burst,medium,1.5,2005-12-05 04:10:00,T2,2.0,10.0,0.0,,模板 T2 在本桶出现 10 次，历史中位数 0.0 次，稳健 z = 10.0（阈值 5.0，sigma=1.0）,L1157 | [Mon Dec 05 04:10:47 2005] [notice] jk2_init() Found child 3698 in scoreboard slot 9 || L1158 | [Mon Dec 05 04:10:47 2005] [notice] jk2_init() Found child 3690 in scoreboard slot 6 || L1159 | [Mon Dec 05 04:10:47 2005] [notice] jk2_init() Found child 3691 in scoreboard slot 8
robust_z,template-burst,medium,1.5,2005-12-05 07:30:00,T2,2.0,10.0,0.0,,模板 T2 在本桶出现 10 次，历史中位数 0.0 次，稳健 z = 10.0（阈值 5.0，sigma=1.0）,L1242 | [Mon Dec 05 07:31:22 2005] [notice] jk2_init() Found child 4932 in scoreboard slot 6 || L1243 | [Mon Dec 05 07:32:03 2005] [notice] jk2_init() Found child 4938 in scoreboard slot 8 || L1244 | [Mon Dec 05 07:32:03 2005] [notice] jk2_init() Found child 4935 in scoreboard slot 9
robust_z,template-burst,medium,1.5,2005-12-05 10:40:00,T1,1.0,10.0,0.0,,模板 T1 在本桶出现 10 次，历史中位数 0.0 次，稳健 z = 10.0（阈值 5.0，sigma=1.0）,L1464 | [Mon Dec 05 10:43:39 2005] [error] mod_jk child workerEnv in error state 8 || L1466 | [Mon Dec 05 10:43:41 2005] [error] mod_jk child workerEnv in error state 7 || L1470 | [Mon Dec 05 10:43:51 2005] [error] mod_jk child workerEnv in error state 7
robust_z,template-burst,medium,1.5,2005-12-05 10:50:00,T1,1.0,10.0,0.0,,模板 T1 在本桶出现 10 次，历史中位数 0.0 次，稳健 z = 10.0（阈值 5.0，sigma=1.0）,L1498 | [Mon Dec 05 10:51:35 2005] [error] mod_jk child workerEnv in error state 6 || L1499 | [Mon Dec 05 10:51:35 2005] [error] mod_jk child workerEnv in error state 6 || L1504 | [Mon Dec 05 10:52:21 2005] [error] mod_jk child workerEnv in error state 6
robust_z,template-burst,low,1.4,2005-12-04 06:20:00,T0,0.0,9.0,0.0,,模板 T0 在本桶出现 9 次，历史中位数 0.0 次，稳健 z = 9.0（阈值 5.0，sigma=1.0）,L260 | [Sun Dec 04 06:20:44 2005] [notice] workerEnv.init() ok /etc/httpd/conf/workers2.properties || L261 | [Sun Dec 04 06:20:44 2005] [notice] workerEnv.init() ok /etc/httpd/conf/workers2.properties || L262 | [Sun Dec 04 06:20:44 2005] [notice] workerEnv.init() ok /etc/httpd/conf/workers2.properties
robust_z,template-burst,low,1.4,2005-12-04 06:20:00,T1,1.0,9.0,0.0,,模板 T1 在本桶出现 9 次，历史中位数 0.0 次，稳健 z = 9.0（阈值 5.0，sigma=1.0）,L263 | [Sun Dec 04 06:20:46 2005] [error] mod_jk child workerEnv in error state 6 || L264 | [Sun Dec 04 06:20:46 2005] [error] mod_jk child workerEnv in error state 7 || L265 | [Sun Dec 04 06:20:46 2005] [error] mod_jk child workerEnv in error state 8
robust_z,template-burst,low,1.4,2005-12-04 19:30:00,T0,0.0,9.0,0.0,,模板 T0 在本桶出现 9 次，历史中位数 0.0 次，稳健 z = 9.0（阈值 5.0，sigma=1.0）,L812 | [Sun Dec 04 19:32:32 2005] [notice] workerEnv.init() ok /etc/httpd/conf/workers2.properties || L817 | [Sun Dec 04 19:32:34 2005] [notice] workerEnv.init() ok /etc/httpd/conf/workers2.properties || L819 | [Sun Dec 04 19:32:34 2005] [notice] workerEnv.init() ok /etc/httpd/conf/workers2.properties
robust_z,template-burst,low,1.4,2005-12-04 19:30:00,T1,1.0,9.0,0.0,,模板 T1 在本桶出现 9 次，历史中位数 0.0 次，稳健 z = 9.0（阈值 5.0，sigma=1.0）,L813 | [Sun Dec 04 19:32:33 2005] [error] mod_jk child workerEnv in error state 6 || L818 | [Sun Dec 04 19:32:34 2005] [error] mod_jk child workerEnv in error state 6 || L820 | [Sun Dec 04 19:32:34 2005] [error] mod_jk child workerEnv in error state 7
robust_z,template-burst,low,1.4,2005-12-04 20:40:00,T2,2.0,9.0,0.0,,模板 T2 在本桶出现 9 次，历史中位数 0.0 次，稳健 z = 9.0（阈值 5.0，sigma=1.0）,L1025 | [Sun Dec 04 20:41:12 2005] [notice] jk2_init() Found child 2042 in scoreboard slot 8 || L1026 | [Sun Dec 04 20:41:47 2005] [notice] jk2_init() Found child 2045 in scoreboard slot 9 || L1027 | [Sun Dec 04 20:42:42 2005] [notice] jk2_init() Found child 2051 in scoreboard slot 8
robust_z,template-burst,low,1.4,2005-12-05 10:20:00,T0,0.0,9.0,0.0,,模板 T0 在本桶出现 9 次，历史中位数 0.0 次，稳健 z = 9.0（阈值 5.0，sigma=1.0）,L1398 | [Mon Dec 05 10:21:13 2005] [notice] workerEnv.init() ok /etc/httpd/conf/workers2.properties || L1399 | [Mon Dec 05 10:21:13 2005] [notice] workerEnv.init() ok /etc/httpd/conf/workers2.properties || L1400 | [Mon Dec 05 10:21:13 2005] [notice] workerEnv.init() ok /etc/httpd/conf/workers2.properties
robust_z,template-burst,low,1.4,2005-12-05 10:20:00,T1,1.0,9.0,0.0,,模板 T1 在本桶出现 9 次，历史中位数 0.0 次，稳健 z = 9.0（阈值 5.0，sigma=1.0）,L1402 | [Mon Dec 05 10:21:13 2005] [error] mod_jk child workerEnv in error state 6 || L1403 | [Mon Dec 05 10:21:13 2005] [error] mod_jk child workerEnv in error state 6 || L1404 | [Mon Dec 05 10:21:13 2005] [error] mod_jk child workerEnv in error state 6
robust_z,template-burst,low,1.4,2005-12-05 10:20:00,T2,2.0,9.0,0.0,,模板 T2 在本桶出现 9 次，历史中位数 0.0 次，稳健 z = 9.0（阈值 5.0，sigma=1.0）,L1394 | [Mon Dec 05 10:21:05 2005] [notice] jk2_init() Found child 5366 in scoreboard slot 9 || L1395 | [Mon Dec 05 10:21:05 2005] [notice] jk2_init() Found child 5365 in scoreboard slot 8 || L1396 | [Mon Dec 05 10:21:05 2005] [notice] jk2_init() Found child 5367 in scoreboard slot 6
robust_z,template-burst,low,1.4,2005-12-05 16:00:00,T2,2.0,9.0,0.0,,模板 T2 在本桶出现 9 次，历史中位数 0.0 次，稳健 z = 9.0（阈值 5.0，sigma=1.0）,L1812 | [Mon Dec 05 16:01:17 2005] [notice] jk2_init() Found child 6310 in scoreboard slot 6 || L1813 | [Mon Dec 05 16:02:00 2005] [notice] jk2_init() Found child 6315 in scoreboard slot 6 || L1814 | [Mon Dec 05 16:02:00 2005] [notice] jk2_init() Found child 6316 in scoreboard slot 7
robust_z,template-burst,low,1.3,2005-12-04 17:00:00,T0,0.0,8.0,0.0,,模板 T0 在本桶出现 8 次，历史中位数 0.0 次，稳健 z = 8.0（阈值 5.0，sigma=1.0）,L686 | [Sun Dec 04 17:01:47 2005] [notice] workerEnv.init() ok /etc/httpd/conf/workers2.properties || L688 | [Sun Dec 04 17:01:47 2005] [notice] workerEnv.init() ok /etc/httpd/conf/workers2.properties || L690 | [Sun Dec 04 17:01:47 2005] [notice] workerEnv.init() ok /etc/httpd/conf/workers2.properties
robust_z,template-burst,low,1.3,2005-12-04 17:00:00,T1,1.0,8.0,0.0,,模板 T1 在本桶出现 8 次，历史中位数 0.0 次，稳健 z = 8.0（阈值 5.0，sigma=1.0）,L687 | [Sun Dec 04 17:01:47 2005] [error] mod_jk child workerEnv in error state 6 || L689 | [Sun Dec 04 17:01:47 2005] [error] mod_jk child workerEnv in error state 6 || L691 | [Sun Dec 04 17:01:47 2005] [error] mod_jk child workerEnv in error state 6
robust_z,template-burst,low,1.3,2005-12-04 17:00:00,T2,2.0,8.0,0.0,,模板 T2 在本桶出现 8 次，历史中位数 0.0 次，稳健 z = 8.0（阈值 5.0，sigma=1.0）,L681 | [Sun Dec 04 17:01:43 2005] [notice] jk2_init() Found child 1358 in scoreboard slot 8 || L682 | [Sun Dec 04 17:01:43 2005] [notice] jk2_init() Found child 1356 in scoreboard slot 6 || L683 | [Sun Dec 04 17:01:43 2005] [notice] jk2_init() Found child 1354 in scoreboard slot 9
robust_z,template-burst,low,1.3,2005-12-04 19:40:00,T0,0.0,8.0,0.0,,模板 T0 在本桶出现 8 次，历史中位数 0.0 次，稳健 z = 8.0（阈值 5.0，sigma=1.0）,L843 | [Sun Dec 04 19:41:21 2005] [notice] workerEnv.init() ok /etc/httpd/conf/workers2.properties || L845 | [Sun Dec 04 19:41:21 2005] [notice] workerEnv.init() ok /etc/httpd/conf/workers2.properties || L847 | [Sun Dec 04 19:41:21 2005] [notice] workerEnv.init() ok /etc/httpd/conf/workers2.properties
robust_z,template-burst,low,1.3,2005-12-04 19:40:00,T1,1.0,8.0,0.0,,模板 T1 在本桶出现 8 次，历史中位数 0.0 次，稳健 z = 8.0（阈值 5.0，sigma=1.0）,L844 | [Sun Dec 04 19:41:21 2005] [error] mod_jk child workerEnv in error state 6 || L846 | [Sun Dec 04 19:41:21 2005] [error] mod_jk child workerEnv in error state 6 || L848 | [Sun Dec 04 19:41:21 2005] [error] mod_jk child workerEnv in error state 6
robust_z,template-burst,low,1.3,2005-12-04 19:40:00,T2,2.0,8.0,0.0,,模板 T2 在本桶出现 8 次，历史中位数 0.0 次，稳健 z = 8.0（阈值 5.0，sigma=1.0）,L839 | [Sun Dec 04 19:41:20 2005] [notice] jk2_init() Found child 1816 in scoreboard slot 9 || L840 | [Sun Dec 04 19:41:20 2005] [notice] jk2_init() Found child 1814 in scoreboard slot 7 || L841 | [Sun Dec 04 19:41:20 2005] [notice] jk2_init() Found child 1813 in scoreboard slot 6
robust_z,template-burst,low,1.3,2005-12-04 20:00:00,T0,0.0,8.0,0.0,,模板 T0 在本桶出现 8 次，历史中位数 0.0 次，稳健 z = 8.0（阈值 5.0，sigma=1.0）,L899 | [Sun Dec 04 20:01:37 2005] [notice] workerEnv.init() ok /etc/httpd/conf/workers2.properties || L900 | [Sun Dec 04 20:01:37 2005] [notice] workerEnv.init() ok /etc/httpd/conf/workers2.properties || L901 | [Sun Dec 04 20:01:37 2005] [notice] workerEnv.init() ok /etc/httpd/conf/workers2.properties
robust_z,template-burst,low,1.3,2005-12-04 20:00:00,T1,1.0,8.0,0.0,,模板 T1 在本桶出现 8 次，历史中位数 0.0 次，稳健 z = 8.0（阈值 5.0，sigma=1.0）,L903 | [Sun Dec 04 20:01:37 2005] [error] mod_jk child workerEnv in error state 6 || L904 | [Sun Dec 04 20:01:37 2005] [error] mod_jk child workerEnv in error state 6 || L905 | [Sun Dec 04 20:01:37 2005] [error] mod_jk child workerEnv in error state 6
robust_z,template-burst,low,1.3,2005-12-04 20:10:00,T0,0.0,8.0,0.0,,模板 T0 在本桶出现 8 次，历史中位数 0.0 次，稳健 z = 8.0（阈值 5.0，sigma=1.0）,L923 | [Sun Dec 04 20:11:14 2005] [notice] workerEnv.init() ok /etc/httpd/conf/workers2.properties || L925 | [Sun Dec 04 20:11:14 2005] [notice] workerEnv.init() ok /etc/httpd/conf/workers2.properties || L927 | [Sun Dec 04 20:11:14 2005] [notice] workerEnv.init() ok /etc/httpd/conf/workers2.properties
robust_z,template-burst,low,1.3,2005-12-04 20:10:00,T1,1.0,8.0,0.0,,模板 T1 在本桶出现 8 次，历史中位数 0.0 次，稳健 z = 8.0（阈值 5.0，sigma=1.0）,L924 | [Sun Dec 04 20:11:14 2005] [error] mod_jk child workerEnv in error state 6 || L926 | [Sun Dec 04 20:11:14 2005] [error] mod_jk child workerEnv in error state 6 || L928 | [Sun Dec 04 20:11:14 2005] [error] mod_jk child workerEnv in error state 6
robust_z,template-burst,low,1.3,2005-12-04 20:10:00,T2,2.0,8.0,0.0,,模板 T2 在本桶出现 8 次，历史中位数 0.0 次，稳健 z = 8.0（阈值 5.0，sigma=1.0）,L919 | [Sun Dec 04 20:11:09 2005] [notice] jk2_init() Found child 1899 in scoreboard slot 7 || L920 | [Sun Dec 04 20:11:09 2005] [notice] jk2_init() Found child 1900 in scoreboard slot 8 || L921 | [Sun Dec 04 20:11:09 2005] [notice] jk2_init() Found child 1901 in scoreboard slot 6
robust_z,template-burst,low,1.3,2005-12-05 03:40:00,T0,0.0,8.0,0.0,,模板 T0 在本桶出现 8 次，历史中位数 0.0 次，稳健 z = 8.0（阈值 5.0，sigma=1.0）,L1077 | [Mon Dec 05 03:40:55 2005] [notice] workerEnv.init() ok /etc/httpd/conf/workers2.properties || L1081 | [Mon Dec 05 03:44:50 2005] [notice] workerEnv.init() ok /etc/httpd/conf/workers2.properties || L1086 | [Mon Dec 05 03:46:50 2005] [notice] workerEnv.init() ok /etc/httpd/conf/workers2.properties
robust_z,template-burst,low,1.3,2005-12-05 03:50:00,T0,0.0,8.0,0.0,,模板 T0 在本桶出现 8 次，历史中位数 0.0 次，稳健 z = 8.0（阈值 5.0，sigma=1.0）,L1107 | [Mon Dec 05 03:50:59 2005] [notice] workerEnv.init() ok /etc/httpd/conf/workers2.properties || L1108 | [Mon Dec 05 03:50:59 2005] [notice] workerEnv.init() ok /etc/httpd/conf/workers2.properties || L1109 | [Mon Dec 05 03:50:59 2005] [notice] workerEnv.init() ok /etc/httpd/conf/workers2.properties
robust_z,template-burst,low,1.3,2005-12-05 03:50:00,T1,1.0,8.0,0.0,,模板 T1 在本桶出现 8 次，历史中位数 0.0 次，稳健 z = 8.0（阈值 5.0，sigma=1.0）,L1111 | [Mon Dec 05 03:50:59 2005] [error] mod_jk child workerEnv in error state 6 || L1112 | [Mon Dec 05 03:50:59 2005] [error] mod_jk child workerEnv in error state 6 || L1113 | [Mon Dec 05 03:50:59 2005] [error] mod_jk child workerEnv in error state 6
robust_z,template-burst,low,1.3,2005-12-05 03:50:00,T2,2.0,8.0,0.0,,模板 T2 在本桶出现 8 次，历史中位数 0.0 次，稳健 z = 8.0（阈值 5.0，sigma=1.0）,L1103 | [Mon Dec 05 03:50:49 2005] [notice] jk2_init() Found child 2857 in scoreboard slot 9 || L1104 | [Mon Dec 05 03:50:50 2005] [notice] jk2_init() Found child 2854 in scoreboard slot 7 || L1105 | [Mon Dec 05 03:50:49 2005] [notice] jk2_init() Found child 2855 in scoreboard slot 8
robust_z,template-burst,low,1.3,2005-12-05 07:30:00,T0,0.0,8.0,0.0,,模板 T0 在本桶出现 8 次，历史中位数 0.0 次，稳健 z = 8.0（阈值 5.0，sigma=1.0）,L1247 | [Mon Dec 05 07:32:06 2005] [notice] workerEnv.init() ok /etc/httpd/conf/workers2.properties || L1249 | [Mon Dec 05 07:32:06 2005] [notice] workerEnv.init() ok /etc/httpd/conf/workers2.properties || L1251 | [Mon Dec 05 07:32:06 2005] [notice] workerEnv.init() ok /etc/httpd/conf/workers2.properties
robust_z,template-burst,low,1.3,2005-12-05 07:30:00,T1,1.0,8.0,0.0,,模板 T1 在本桶出现 8 次，历史中位数 0.0 次，稳健 z = 8.0（阈值 5.0，sigma=1.0）,L1248 | [Mon Dec 05 07:32:06 2005] [error] mod_jk child workerEnv in error state 6 || L1250 | [Mon Dec 05 07:32:06 2005] [error] mod_jk child workerEnv in error state 6 || L1252 | [Mon Dec 05 07:32:06 2005] [error] mod_jk child workerEnv in error state 6
robust_z,template-burst,low,1.3,2005-12-05 10:10:00,T2,2.0,8.0,0.0,,模板 T2 在本桶出现 8 次，历史中位数 0.0 次，稳健 z = 8.0（阈值 5.0，sigma=1.0）,L1376 | [Mon Dec 05 10:10:32 2005] [notice] jk2_init() Found child 5330 in scoreboard slot 9 || L1379 | [Mon Dec 05 10:16:20 2005] [notice] jk2_init() Found child 5344 in scoreboard slot 7 || L1380 | [Mon Dec 05 10:16:52 2005] [notice] jk2_init() Found child 5347 in scoreboard slot 6
robust_z,template-burst,low,1.3,2005-12-05 10:30:00,T0,0.0,8.0,0.0,,模板 T0 在本桶出现 8 次，历史中位数 0.0 次，稳健 z = 8.0（阈值 5.0，sigma=1.0）,L1429 | [Mon Dec 05 10:33:44 2005] [notice] workerEnv.init() ok /etc/httpd/conf/workers2.properties || L1431 | [Mon Dec 05 10:33:44 2005] [notice] workerEnv.init() ok /etc/httpd/conf/workers2.properties || L1433 | [Mon Dec 05 10:33:44 2005] [notice] workerEnv.init() ok /etc/httpd/conf/workers2.properties
robust_z,template-burst,low,1.3,2005-12-05 10:30:00,T1,1.0,8.0,0.0,,模板 T1 在本桶出现 8 次，历史中位数 0.0 次，稳健 z = 8.0（阈值 5.0，sigma=1.0）,L1430 | [Mon Dec 05 10:33:44 2005] [error] mod_jk child workerEnv in error state 6 || L1432 | [Mon Dec 05 10:33:44 2005] [error] mod_jk child workerEnv in error state 6 || L1434 | [Mon Dec 05 10:33:44 2005] [error] mod_jk child workerEnv in error state 7
robust_z,template-burst,low,1.3,2005-12-05 13:20:00,T0,0.0,8.0,0.0,,模板 T0 在本桶出现 8 次，历史中位数 0.0 次，稳健 z = 8.0（阈值 5.0，sigma=1.0）,L1612 | [Mon Dec 05 13:22:48 2005] [notice] workerEnv.init() ok /etc/httpd/conf/workers2.properties || L1614 | [Mon Dec 05 13:22:48 2005] [notice] workerEnv.init() ok /etc/httpd/conf/workers2.properties || L1616 | [Mon Dec 05 13:22:48 2005] [notice] workerEnv.init() ok /etc/httpd/conf/workers2.properties
robust_z,template-burst,low,1.3,2005-12-05 13:20:00,T1,1.0,8.0,0.0,,模板 T1 在本桶出现 8 次，历史中位数 0.0 次，稳健 z = 8.0（阈值 5.0，sigma=1.0）,L1613 | [Mon Dec 05 13:22:48 2005] [error] mod_jk child workerEnv in error state 7 || L1615 | [Mon Dec 05 13:22:48 2005] [error] mod_jk child workerEnv in error state 7 || L1617 | [Mon Dec 05 13:22:48 2005] [error] mod_jk child workerEnv in error state 6
robust_z,template-burst,low,1.2,2005-12-04 17:30:00,T0,0.0,7.0,0.0,,模板 T0 在本桶出现 7 次，历史中位数 0.0 次，稳健 z = 7.0（阈值 5.0，sigma=1.0）,L756 | [Sun Dec 04 17:31:10 2005] [notice] workerEnv.init() ok /etc/httpd/conf/workers2.properties || L757 | [Sun Dec 04 17:31:10 2005] [notice] workerEnv.init() ok /etc/httpd/conf/workers2.properties || L758 | [Sun Dec 04 17:31:10 2005] [notice] workerEnv.init() ok /etc/httpd/conf/workers2.properties
robust_z,template-burst,low,1.2,2005-12-04 17:30:00,T1,1.0,7.0,0.0,,模板 T1 在本桶出现 7 次，历史中位数 0.0 次，稳健 z = 7.0（阈值 5.0，sigma=1.0）,L760 | [Sun Dec 04 17:31:12 2005] [error] mod_jk child workerEnv in error state 6 || L761 | [Sun Dec 04 17:31:12 2005] [error] mod_jk child workerEnv in error state 6 || L762 | [Sun Dec 04 17:31:12 2005] [error] mod_jk child workerEnv in error state 8
robust_z,template-burst,low,1.2,2005-12-04 17:40:00,T0,0.0,7.0,0.0,,模板 T0 在本桶出现 7 次，历史中位数 0.0 次，稳健 z = 7.0（阈值 5.0，sigma=1.0）,L791 | [Sun Dec 04 17:43:12 2005] [notice] workerEnv.init() ok /etc/httpd/conf/workers2.properties || L793 | [Sun Dec 04 17:43:12 2005] [notice] workerEnv.init() ok /etc/httpd/conf/workers2.properties || L795 | [Sun Dec 04 17:43:12 2005] [notice] workerEnv.init() ok /etc/httpd/conf/workers2.properties
novelty,new-template,high,1.2,2005-12-04 17:40:00,T4,4.0,12.0,0.0,,模板 T4 首次出现在观察期之后（第 79/232 个时间桶），全文共 12 次，主要级别 ERROR；模板形态：jk2_init() Can't find child <NUM> in scoreboard,L785 | [Sun Dec 04 17:43:08 2005] [error] jk2_init() Can't find child 1566 in scoreboard || L789 | [Sun Dec 04 17:43:08 2005] [error] jk2_init() Can't find child 1567 in scoreboard
novelty,new-template,high,1.2,2005-12-04 17:40:00,T5,5.0,12.0,0.0,,模板 T5 首次出现在观察期之后（第 79/232 个时间桶），全文共 12 次，主要级别 ERROR；模板形态：mod_jk child init <NUM> -<NUM>,L796 | [Sun Dec 04 17:43:12 2005] [error] mod_jk child init 1 -2 || L802 | [Sun Dec 04 17:43:12 2005] [error] mod_jk child init 1 -2
robust_z,template-burst,low,1.2,2005-12-04 20:20:00,T1,1.0,7.0,0.0,,模板 T1 在本桶出现 7 次，历史中位数 0.0 次，稳健 z = 7.0（阈值 5.0，sigma=1.0）,L950 | [Sun Dec 04 20:21:36 2005] [error] mod_jk child workerEnv in error state 6 || L955 | [Sun Dec 04 20:22:52 2005] [error] mod_jk child workerEnv in error state 7 || L963 | [Sun Dec 04 20:24:49 2005] [error] mod_jk child workerEnv in error state 8
robust_z,template-burst,low,1.2,2005-12-04 20:40:00,T0,0.0,7.0,0.0,,模板 T0 在本桶出现 7 次，历史中位数 0.0 次，稳健 z = 7.0（阈值 5.0，sigma=1.0）,L1034 | [Sun Dec 04 20:47:16 2005] [notice] workerEnv.init() ok /etc/httpd/conf/workers2.properties || L1036 | [Sun Dec 04 20:47:16 2005] [notice] workerEnv.init() ok /etc/httpd/conf/workers2.properties || L1038 | [Sun Dec 04 20:47:16 2005] [notice] workerEnv.init() ok /etc/httpd/conf/workers2.properties
robust_z,template-burst,low,1.2,2005-12-05 04:00:00,T0,0.0,7.0,0.0,,模板 T0 在本桶出现 7 次，历史中位数 0.0 次，稳健 z = 7.0（阈值 5.0，sigma=1.0）,L1132 | [Mon Dec 05 04:01:23 2005] [notice] workerEnv.init() ok /etc/httpd/conf/workers2.properties || L1134 | [Mon Dec 05 04:01:23 2005] [notice] workerEnv.init() ok /etc/httpd/conf/workers2.properties || L1136 | [Mon Dec 05 04:01:23 2005] [notice] workerEnv.init() ok /etc/httpd/conf/workers2.properties
robust_z,template-burst,low,1.2,2005-12-05 04:10:00,T0,0.0,7.0,0.0,,模板 T0 在本桶出现 7 次，历史中位数 0.0 次，稳健 z = 7.0（阈值 5.0，sigma=1.0）,L1167 | [Mon Dec 05 04:14:00 2005] [notice] workerEnv.init() ok /etc/httpd/conf/workers2.properties || L1168 | [Mon Dec 05 04:14:00 2005] [notice] workerEnv.init() ok /etc/httpd/conf/workers2.properties || L1170 | [Mon Dec 05 04:14:00 2005] [notice] workerEnv.init() ok /etc/httpd/conf/workers2.properties
robust_z,template-burst,low,1.2,2005-12-05 04:10:00,T1,1.0,7.0,0.0,,模板 T1 在本桶出现 7 次，历史中位数 0.0 次，稳健 z = 7.0（阈值 5.0，sigma=1.0）,L1169 | [Mon Dec 05 04:14:00 2005] [error] mod_jk child workerEnv in error state 9 || L1171 | [Mon Dec 05 04:14:00 2005] [error] mod_jk child workerEnv in error state 8 || L1173 | [Mon Dec 05 04:14:00 2005] [error] mod_jk child workerEnv in error state 6
robust_z,template-burst,low,1.2,2005-12-05 11:00:00,T0,0.0,7.0,0.0,,模板 T0 在本桶出现 7 次，历史中位数 0.0 次，稳健 z = 7.0（阈值 5.0，sigma=1.0）,L1535 | [Mon Dec 05 11:06:51 2005] [notice] workerEnv.init() ok /etc/httpd/conf/workers2.properties || L1537 | [Mon Dec 05 11:06:51 2005] [notice] workerEnv.init() ok /etc/httpd/conf/workers2.properties || L1539 | [Mon Dec 05 11:06:51 2005] [notice] workerEnv.init() ok /etc/httpd/conf/workers2.properties
robust_z,template-burst,low,1.1,2005-12-04 16:30:00,T2,2.0,6.0,0.0,,模板 T2 在本桶出现 6 次，历史中位数 0.0 次，稳健 z = 6.0（阈值 5.0，sigma=1.0）,L596 | [Sun Dec 04 16:31:07 2005] [notice] jk2_init() Found child 1248 in scoreboard slot 7 || L597 | [Sun Dec 04 16:32:37 2005] [notice] jk2_init() Found child 1253 in scoreboard slot 9 || L600 | [Sun Dec 04 16:32:58 2005] [notice] jk2_init() Found child 1254 in scoreboard slot 7
robust_z,template-burst,low,1.1,2005-12-04 17:20:00,T0,0.0,6.0,0.0,,模板 T0 在本桶出现 6 次，历史中位数 0.0 次，稳健 z = 6.0（阈值 5.0，sigma=1.0）,L733 | [Sun Dec 04 17:20:44 2005] [notice] workerEnv.init() ok /etc/httpd/conf/workers2.properties || L734 | [Sun Dec 04 17:20:44 2005] [notice] workerEnv.init() ok /etc/httpd/conf/workers2.properties || L735 | [Sun Dec 04 17:20:44 2005] [notice] workerEnv.init() ok /etc/httpd/conf/workers2.properties
robust_z,template-burst,low,1.1,2005-12-04 17:20:00,T1,1.0,6.0,0.0,,模板 T1 在本桶出现 6 次，历史中位数 0.0 次，稳健 z = 6.0（阈值 5.0，sigma=1.0）,L738 | [Sun Dec 04 17:20:46 2005] [error] mod_jk child workerEnv in error state 7 || L739 | [Sun Dec 04 17:20:46 2005] [error] mod_jk child workerEnv in error state 6 || L740 | [Sun Dec 04 17:20:46 2005] [error] mod_jk child workerEnv in error state 6
robust_z,template-burst,low,1.1,2005-12-05 03:40:00,T1,1.0,6.0,0.0,,模板 T1 在本桶出现 6 次，历史中位数 0.0 次，稳健 z = 6.0（阈值 5.0，sigma=1.0）,L1078 | [Mon Dec 05 03:40:55 2005] [error] mod_jk child workerEnv in error state 6 || L1082 | [Mon Dec 05 03:44:50 2005] [error] mod_jk child workerEnv in error state 6 || L1096 | [Mon Dec 05 03:47:54 2005] [error] mod_jk child workerEnv in error state 8
robust_z,template-burst,low,1.1,2005-12-05 04:00:00,T1,1.0,6.0,0.0,,模板 T1 在本桶出现 6 次，历史中位数 0.0 次，稳健 z = 6.0（阈值 5.0，sigma=1.0）,L1133 | [Mon Dec 05 04:01:23 2005] [error] mod_jk child workerEnv in error state 6 || L1135 | [Mon Dec 05 04:01:23 2005] [error] mod_jk child workerEnv in error state 6 || L1137 | [Mon Dec 05 04:01:23 2005] [error] mod_jk child workerEnv in error state 6
robust_z,template-burst,low,1.1,2005-12-05 07:20:00,T0,0.0,6.0,0.0,,模板 T0 在本桶出现 6 次，历史中位数 0.0 次，稳健 z = 6.0（阈值 5.0，sigma=1.0）,L1227 | [Mon Dec 05 07:21:09 2005] [notice] workerEnv.init() ok /etc/httpd/conf/workers2.properties || L1228 | [Mon Dec 05 07:21:09 2005] [notice] workerEnv.init() ok /etc/httpd/conf/workers2.properties || L1231 | [Mon Dec 05 07:21:09 2005] [notice] workerEnv.init() ok /etc/httpd/conf/workers2.properties
robust_z,template-burst,low,1.1,2005-12-05 07:20:00,T1,1.0,6.0,0.0,,模板 T1 在本桶出现 6 次，历史中位数 0.0 次，稳健 z = 6.0（阈值 5.0，sigma=1.0）,L1229 | [Mon Dec 05 07:21:09 2005] [error] mod_jk child workerEnv in error state 6 || L1230 | [Mon Dec 05 07:21:09 2005] [error] mod_jk child workerEnv in error state 6 || L1232 | [Mon Dec 05 07:21:09 2005] [error] mod_jk child workerEnv in error state 6
robust_z,template-burst,low,1.1,2005-12-05 07:20:00,T2,2.0,6.0,0.0,,模板 T2 在本桶出现 6 次，历史中位数 0.0 次，稳健 z = 6.0（阈值 5.0，sigma=1.0）,L1224 | [Mon Dec 05 07:21:03 2005] [notice] jk2_init() Found child 4907 in scoreboard slot 6 || L1225 | [Mon Dec 05 07:21:02 2005] [notice] jk2_init() Found child 4906 in scoreboard slot 9 || L1226 | [Mon Dec 05 07:21:02 2005] [notice] jk2_init() Found child 4905 in scoreboard slot 8
robust_z,template-burst,low,1.1,2005-12-05 11:00:00,T2,2.0,6.0,0.0,,模板 T2 在本桶出现 6 次，历史中位数 0.0 次，稳健 z = 6.0（阈值 5.0，sigma=1.0）,L1529 | [Mon Dec 05 11:02:05 2005] [notice] jk2_init() Found child 5579 in scoreboard slot 6 || L1530 | [Mon Dec 05 11:04:16 2005] [notice] jk2_init() Found child 5592 in scoreboard slot 8 || L1531 | [Mon Dec 05 11:04:16 2005] [notice] jk2_init() Found child 5593 in scoreboard slot 9
robust_z,template-burst,low,1.1,2005-12-05 12:30:00,T2,2.0,6.0,0.0,,模板 T2 在本桶出现 6 次，历史中位数 0.0 次，稳健 z = 6.0（阈值 5.0，sigma=1.0）,L1553 | [Mon Dec 05 12:35:57 2005] [notice] jk2_init() Found child 5785 in scoreboard slot 6 || L1554 | [Mon Dec 05 12:35:57 2005] [notice] jk2_init() Found child 5786 in scoreboard slot 7 || L1555 | [Mon Dec 05 12:36:36 2005] [notice] jk2_init() Found child 5790 in scoreboard slot 7
robust_z,template-burst,low,1.1,2005-12-05 13:50:00,T0,0.0,6.0,0.0,,模板 T0 在本桶出现 6 次，历史中位数 0.0 次，稳健 z = 6.0（阈值 5.0，sigma=1.0）,L1734 | [Mon Dec 05 13:52:33 2005] [notice] workerEnv.init() ok /etc/httpd/conf/workers2.properties || L1735 | [Mon Dec 05 13:52:33 2005] [notice] workerEnv.init() ok /etc/httpd/conf/workers2.properties || L1745 | [Mon Dec 05 13:53:35 2005] [notice] workerEnv.init() ok /etc/httpd/conf/workers2.properties
robust_z,template-burst,low,1.1,2005-12-05 13:50:00,T1,1.0,6.0,0.0,,模板 T1 在本桶出现 6 次，历史中位数 0.0 次，稳健 z = 6.0（阈值 5.0，sigma=1.0）,L1736 | [Mon Dec 05 13:52:36 2005] [error] mod_jk child workerEnv in error state 6 || L1737 | [Mon Dec 05 13:52:36 2005] [error] mod_jk child workerEnv in error state 6 || L1749 | [Mon Dec 05 13:53:35 2005] [error] mod_jk child workerEnv in error state 6
robust_z,template-burst,low,1.1,2005-12-05 15:40:00,T2,2.0,6.0,0.0,,模板 T2 在本桶出现 6 次，历史中位数 0.0 次，稳健 z = 6.0（阈值 5.0，sigma=1.0）,L1784 | [Mon Dec 05 15:40:59 2005] [notice] jk2_init() Found child 6277 in scoreboard slot 7 || L1785 | [Mon Dec 05 15:40:59 2005] [notice] jk2_init() Found child 6276 in scoreboard slot 6 || L1786 | [Mon Dec 05 15:41:32 2005] [notice] jk2_init() Found child 6280 in scoreboard slot 7
robust_z,template-burst,low,1.1,2005-12-05 15:50:00,T2,2.0,6.0,0.0,,模板 T2 在本桶出现 6 次，历史中位数 0.0 次，稳健 z = 6.0（阈值 5.0，sigma=1.0）,L1798 | [Mon Dec 05 15:50:53 2005] [notice] jk2_init() Found child 6293 in scoreboard slot 6 || L1799 | [Mon Dec 05 15:50:53 2005] [notice] jk2_init() Found child 6294 in scoreboard slot 7 || L1800 | [Mon Dec 05 15:51:18 2005] [notice] jk2_init() Found child 6297 in scoreboard slot 7
robust_z,template-burst,low,1.1,2005-12-05 16:00:00,T0,0.0,6.0,0.0,,模板 T0 在本桶出现 6 次，历史中位数 0.0 次，稳健 z = 6.0（阈值 5.0，sigma=1.0）,L1816 | [Mon Dec 05 16:02:02 2005] [notice] workerEnv.init() ok /etc/httpd/conf/workers2.properties || L1817 | [Mon Dec 05 16:02:02 2005] [notice] workerEnv.init() ok /etc/httpd/conf/workers2.properties || L1818 | [Mon Dec 05 16:02:02 2005] [notice] workerEnv.init() ok /etc/httpd/conf/workers2.properties
robust_z,template-burst,low,1.1,2005-12-05 16:00:00,T1,1.0,6.0,0.0,,模板 T1 在本桶出现 6 次，历史中位数 0.0 次，稳健 z = 6.0（阈值 5.0，sigma=1.0）,L1819 | [Mon Dec 05 16:02:02 2005] [error] mod_jk child workerEnv in error state 6 || L1820 | [Mon Dec 05 16:02:02 2005] [error] mod_jk child workerEnv in error state 7 || L1821 | [Mon Dec 05 16:02:02 2005] [error] mod_jk child workerEnv in error state 6
robust_z,template-burst,low,1.1,2005-12-05 16:20:00,T0,0.0,6.0,0.0,,模板 T0 在本桶出现 6 次，历史中位数 0.0 次，稳健 z = 6.0（阈值 5.0，sigma=1.0）,L1851 | [Mon Dec 05 16:21:29 2005] [notice] workerEnv.init() ok /etc/httpd/conf/workers2.properties || L1853 | [Mon Dec 05 16:21:29 2005] [notice] workerEnv.init() ok /etc/httpd/conf/workers2.properties || L1855 | [Mon Dec 05 16:21:29 2005] [notice] workerEnv.init() ok /etc/httpd/conf/workers2.properties
robust_z,template-burst,low,1.1,2005-12-05 16:20:00,T1,1.0,6.0,0.0,,模板 T1 在本桶出现 6 次，历史中位数 0.0 次，稳健 z = 6.0（阈值 5.0，sigma=1.0）,L1852 | [Mon Dec 05 16:21:29 2005] [error] mod_jk child workerEnv in error state 6 || L1854 | [Mon Dec 05 16:21:29 2005] [error] mod_jk child workerEnv in error state 6 || L1856 | [Mon Dec 05 16:21:29 2005] [error] mod_jk child workerEnv in error state 6
robust_z,template-burst,low,1.1,2005-12-05 16:20:00,T2,2.0,6.0,0.0,,模板 T2 在本桶出现 6 次，历史中位数 0.0 次，稳健 z = 6.0（阈值 5.0，sigma=1.0）,L1848 | [Mon Dec 05 16:21:25 2005] [notice] jk2_init() Found child 6387 in scoreboard slot 7 || L1849 | [Mon Dec 05 16:21:25 2005] [notice] jk2_init() Found child 6386 in scoreboard slot 6 || L1850 | [Mon Dec 05 16:21:25 2005] [notice] jk2_init() Found child 6385 in scoreboard slot 8
robust_z,template-burst,low,1.0,2005-12-04 05:10:00,T0,0.0,5.0,0.0,,模板 T0 在本桶出现 5 次，历史中位数 0.0 次，稳健 z = 5.0（阈值 5.0，sigma=1.0）,L121 | [Sun Dec 04 05:12:07 2005] [notice] workerEnv.init() ok /etc/httpd/conf/workers2.properties || L125 | [Sun Dec 04 05:12:28 2005] [notice] workerEnv.init() ok /etc/httpd/conf/workers2.properties || L127 | [Sun Dec 04 05:12:28 2005] [notice] workerEnv.init() ok /etc/httpd/conf/workers2.properties
robust_z,template-burst,low,1.0,2005-12-04 05:10:00,T1,1.0,5.0,0.0,,模板 T1 在本桶出现 5 次，历史中位数 0.0 次，稳健 z = 5.0（阈值 5.0，sigma=1.0）,L122 | [Sun Dec 04 05:12:10 2005] [error] mod_jk child workerEnv in error state 6 || L126 | [Sun Dec 04 05:12:28 2005] [error] mod_jk child workerEnv in error state 6 || L128 | [Sun Dec 04 05:12:28 2005] [error] mod_jk child workerEnv in error state 6
robust_z,template-burst,low,1.0,2005-12-04 05:10:00,T2,2.0,5.0,0.0,,模板 T2 在本桶出现 5 次，历史中位数 0.0 次，稳健 z = 5.0（阈值 5.0，sigma=1.0）,L120 | [Sun Dec 04 05:11:51 2005] [notice] jk2_init() Found child 25792 in scoreboard slot 6 || L123 | [Sun Dec 04 05:12:26 2005] [notice] jk2_init() Found child 25798 in scoreboard slot 7 || L124 | [Sun Dec 04 05:12:26 2005] [notice] jk2_init() Found child 25803 in scoreboard slot 8
robust_z,template-burst,low,1.0,2005-12-04 16:30:00,T0,0.0,5.0,0.0,,模板 T0 在本桶出现 5 次，历史中位数 0.0 次，稳健 z = 5.0（阈值 5.0，sigma=1.0）,L598 | [Sun Dec 04 16:32:56 2005] [notice] workerEnv.init() ok /etc/httpd/conf/workers2.properties || L603 | [Sun Dec 04 16:32:58 2005] [notice] workerEnv.init() ok /etc/httpd/conf/workers2.properties || L605 | [Sun Dec 04 16:32:58 2005] [notice] workerEnv.init() ok /etc/httpd/conf/workers2.properties
robust_z,template-burst,low,1.0,2005-12-04 16:30:00,T1,1.0,5.0,0.0,,模板 T1 在本桶出现 5 次，历史中位数 0.0 次，稳健 z = 5.0（阈值 5.0，sigma=1.0）,L599 | [Sun Dec 04 16:32:56 2005] [error] mod_jk child workerEnv in error state 6 || L604 | [Sun Dec 04 16:32:58 2005] [error] mod_jk child workerEnv in error state 7 || L606 | [Sun Dec 04 16:32:58 2005] [error] mod_jk child workerEnv in error state 6
robust_z,template-burst,low,1.0,2005-12-04 17:10:00,T0,0.0,5.0,0.0,,模板 T0 在本桶出现 5 次，历史中位数 0.0 次，稳健 z = 5.0（阈值 5.0，sigma=1.0）,L713 | [Sun Dec 04 17:12:54 2005] [notice] workerEnv.init() ok /etc/httpd/conf/workers2.properties || L714 | [Sun Dec 04 17:12:54 2005] [notice] workerEnv.init() ok /etc/httpd/conf/workers2.properties || L715 | [Sun Dec 04 17:12:54 2005] [notice] workerEnv.init() ok /etc/httpd/conf/workers2.properties
robust_z,template-burst,low,1.0,2005-12-04 17:10:00,T1,1.0,5.0,0.0,,模板 T1 在本桶出现 5 次，历史中位数 0.0 次，稳健 z = 5.0（阈值 5.0，sigma=1.0）,L717 | [Sun Dec 04 17:12:55 2005] [error] mod_jk child workerEnv in error state 6 || L718 | [Sun Dec 04 17:12:55 2005] [error] mod_jk child workerEnv in error state 7 || L719 | [Sun Dec 04 17:12:55 2005] [error] mod_jk child workerEnv in error state 7
robust_z,template-burst,low,1.0,2005-12-04 17:40:00,T1,1.0,5.0,0.0,,模板 T1 在本桶出现 5 次，历史中位数 0.0 次，稳健 z = 5.0（阈值 5.0，sigma=1.0）,L792 | [Sun Dec 04 17:43:12 2005] [error] mod_jk child workerEnv in error state 9 || L794 | [Sun Dec 04 17:43:12 2005] [error] mod_jk child workerEnv in error state 8 || L798 | [Sun Dec 04 17:43:12 2005] [error] mod_jk child workerEnv in error state 7
robust_z,template-burst,low,1.0,2005-12-04 17:40:00,T2,2.0,5.0,0.0,,模板 T2 在本桶出现 5 次，历史中位数 0.0 次，稳健 z = 5.0（阈值 5.0，sigma=1.0）,L784 | [Sun Dec 04 17:43:08 2005] [notice] jk2_init() Found child 1565 in scoreboard slot 9 || L786 | [Sun Dec 04 17:43:08 2005] [notice] jk2_init() Found child 1561 in scoreboard slot 6 || L787 | [Sun Dec 04 17:43:08 2005] [notice] jk2_init() Found child 1563 in scoreboard slot 8
robust_z,template-burst,low,1.0,2005-12-05 10:10:00,T0,0.0,5.0,0.0,,模板 T0 在本桶出现 5 次，历史中位数 0.0 次，稳健 z = 5.0（阈值 5.0，sigma=1.0）,L1377 | [Mon Dec 05 10:10:33 2005] [notice] workerEnv.init() ok /etc/httpd/conf/workers2.properties || L1386 | [Mon Dec 05 10:17:51 2005] [notice] workerEnv.init() ok /etc/httpd/conf/workers2.properties || L1387 | [Mon Dec 05 10:17:51 2005] [notice] workerEnv.init() ok /etc/httpd/conf/workers2.properties
robust_z,template-burst,low,1.0,2005-12-05 10:10:00,T1,1.0,5.0,0.0,,模板 T1 在本桶出现 5 次，历史中位数 0.0 次，稳健 z = 5.0（阈值 5.0，sigma=1.0）,L1378 | [Mon Dec 05 10:10:33 2005] [error] mod_jk child workerEnv in error state 6 || L1390 | [Mon Dec 05 10:17:51 2005] [error] mod_jk child workerEnv in error state 6 || L1391 | [Mon Dec 05 10:17:51 2005] [error] mod_jk child workerEnv in error state 6
robust_z,template-burst,low,1.0,2005-12-05 13:10:00,T0,0.0,5.0,0.0,,模板 T0 在本桶出现 5 次，历史中位数 0.0 次，稳健 z = 5.0（阈值 5.0，sigma=1.0）,L1592 | [Mon Dec 05 13:10:59 2005] [notice] workerEnv.init() ok /etc/httpd/conf/workers2.properties || L1598 | [Mon Dec 05 13:16:29 2005] [notice] workerEnv.init() ok /etc/httpd/conf/workers2.properties || L1600 | [Mon Dec 05 13:16:29 2005] [notice] workerEnv.init() ok /etc/httpd/conf/workers2.properties
robust_z,template-burst,low,1.0,2005-12-05 13:10:00,T1,1.0,5.0,0.0,,模板 T1 在本桶出现 5 次，历史中位数 0.0 次，稳健 z = 5.0（阈值 5.0，sigma=1.0）,L1593 | [Mon Dec 05 13:10:59 2005] [error] mod_jk child workerEnv in error state 6 || L1599 | [Mon Dec 05 13:16:29 2005] [error] mod_jk child workerEnv in error state 6 || L1601 | [Mon Dec 05 13:16:29 2005] [error] mod_jk child workerEnv in error state 6
robust_z,template-burst,low,1.0,2005-12-05 13:10:00,T2,2.0,5.0,0.0,,模板 T2 在本桶出现 5 次，历史中位数 0.0 次，稳健 z = 5.0（阈值 5.0，sigma=1.0）,L1591 | [Mon Dec 05 13:10:55 2005] [notice] jk2_init() Found child 5856 in scoreboard slot 8 || L1594 | [Mon Dec 05 13:16:27 2005] [notice] jk2_init() Found child 5877 in scoreboard slot 9 || L1595 | [Mon Dec 05 13:16:27 2005] [notice] jk2_init() Found child 5876 in scoreboard slot 8
robust_z,template-burst,low,1.0,2005-12-05 16:10:00,T0,0.0,5.0,0.0,,模板 T0 在本桶出现 5 次，历史中位数 0.0 次，稳健 z = 5.0（阈值 5.0，sigma=1.0）,L1835 | [Mon Dec 05 16:10:44 2005] [notice] workerEnv.init() ok /etc/httpd/conf/workers2.properties || L1837 | [Mon Dec 05 16:10:44 2005] [notice] workerEnv.init() ok /etc/httpd/conf/workers2.properties || L1842 | [Mon Dec 05 16:16:36 2005] [notice] workerEnv.init() ok /etc/httpd/conf/workers2.properties
robust_z,template-burst,low,1.0,2005-12-05 16:10:00,T1,1.0,5.0,0.0,,模板 T1 在本桶出现 5 次，历史中位数 0.0 次，稳健 z = 5.0（阈值 5.0，sigma=1.0）,L1836 | [Mon Dec 05 16:10:44 2005] [error] mod_jk child workerEnv in error state 6 || L1838 | [Mon Dec 05 16:10:44 2005] [error] mod_jk child workerEnv in error state 6 || L1843 | [Mon Dec 05 16:16:36 2005] [error] mod_jk child workerEnv in error state 6
robust_z,template-burst,low,1.0,2005-12-05 16:10:00,T2,2.0,5.0,0.0,,模板 T2 在本桶出现 5 次，历史中位数 0.0 次，稳健 z = 5.0（阈值 5.0，sigma=1.0）,L1833 | [Mon Dec 05 16:10:43 2005] [notice] jk2_init() Found child 6351 in scoreboard slot 8 || L1834 | [Mon Dec 05 16:10:43 2005] [notice] jk2_init() Found child 6350 in scoreboard slot 7 || L1839 | [Mon Dec 05 16:16:34 2005] [notice] jk2_init() Found child 6368 in scoreboard slot 8
robust_z,template-burst,low,1.0,2005-12-05 18:20:00,T2,2.0,5.0,0.0,,模板 T2 在本桶出现 5 次，历史中位数 0.0 次，稳健 z = 5.0（阈值 5.0，sigma=1.0）,L1940 | [Mon Dec 05 18:20:51 2005] [notice] jk2_init() Found child 6670 in scoreboard slot 7 || L1941 | [Mon Dec 05 18:20:51 2005] [notice] jk2_init() Found child 6669 in scoreboard slot 8 || L1946 | [Mon Dec 05 18:26:06 2005] [notice] jk2_init() Found child 6684 in scoreboard slot 7
ewma,ewma-error-volume-up,low,0.9,2005-12-04 04:50:00,error-volume,,25.0,0.0,,error-volume 本桶 25 条，历史中位数 0.0 条，偏离控制限 6.4 sigma（L=4.0，方向 上升）；环比上一桶 25.0 倍,L9 | [Sun Dec 04 04:51:18 2005] [error] mod_jk child workerEnv in error state 6 || L10 | [Sun Dec 04 04:51:18 2005] [error] mod_jk child workerEnv in error state 6 || L11 | [Sun Dec 04 04:51:18 2005] [error] mod_jk child workerEnv in error state 6
ewma,ewma-error-volume-up,low,0.9,2005-12-04 16:30:00,error-volume,,5.0,0.0,,error-volume 本桶 5 条，历史中位数 0.0 条，偏离控制限 4.4 sigma（L=4.0，方向 上升）；环比上一桶 2.5 倍,L599 | [Sun Dec 04 16:32:56 2005] [error] mod_jk child workerEnv in error state 6 || L604 | [Sun Dec 04 16:32:58 2005] [error] mod_jk child workerEnv in error state 7 || L606 | [Sun Dec 04 16:32:58 2005] [error] mod_jk child workerEnv in error state 6
ewma,ewma-error-volume-up,low,0.9,2005-12-04 19:30:00,error-volume,,10.0,0.0,,error-volume 本桶 10 条，历史中位数 0.0 条，偏离控制限 4.7 sigma（L=4.0，方向 上升）；环比上一桶 10.0 倍,L813 | [Sun Dec 04 19:32:33 2005] [error] mod_jk child workerEnv in error state 6 || L818 | [Sun Dec 04 19:32:34 2005] [error] mod_jk child workerEnv in error state 6 || L820 | [Sun Dec 04 19:32:34 2005] [error] mod_jk child workerEnv in error state 7
ewma,ewma-error-volume-up,low,0.9,2005-12-05 03:20:00,error-volume,,4.0,0.0,,error-volume 本桶 4 条，历史中位数 0.0 条，偏离控制限 23.9 sigma（L=4.0，方向 上升）,L1056 | [Mon Dec 05 03:21:02 2005] [error] mod_jk child workerEnv in error state 6 || L1059 | [Mon Dec 05 03:23:24 2005] [error] mod_jk child workerEnv in error state 6 || L1060 | [Mon Dec 05 03:23:24 2005] [error] [client 218.207.61.7] Directory index forbidden by rule: /var/www/html/
rules,rule:error-level,high,0.8,2005-12-04 04:50:00,ERROR,,25.0,2.565,,出现 ERROR 级日志 25 条，全文件均值 2.565 条/桶,L9 | [Sun Dec 04 04:51:18 2005] [error] mod_jk child workerEnv in error state 6 || L10 | [Sun Dec 04 04:51:18 2005] [error] mod_jk child workerEnv in error state 6 || L11 | [Sun Dec 04 04:51:18 2005] [error] mod_jk child workerEnv in error state 6
rules,rule:error-level,high,0.8,2005-12-04 05:00:00,ERROR,,10.0,2.565,,出现 ERROR 级日志 10 条，全文件均值 2.565 条/桶,L88 | [Sun Dec 04 05:00:09 2005] [error] mod_jk child workerEnv in error state 6 || L92 | [Sun Dec 04 05:00:15 2005] [error] mod_jk child workerEnv in error state 6 || L94 | [Sun Dec 04 05:00:15 2005] [error] mod_jk child workerEnv in error state 6
rules,rule:error-level,high,0.8,2005-12-04 05:10:00,ERROR,,6.0,2.565,,出现 ERROR 级日志 6 条，全文件均值 2.565 条/桶,L122 | [Sun Dec 04 05:12:10 2005] [error] mod_jk child workerEnv in error state 6 || L126 | [Sun Dec 04 05:12:28 2005] [error] mod_jk child workerEnv in error state 6 || L128 | [Sun Dec 04 05:12:28 2005] [error] mod_jk child workerEnv in error state 6
rules,rule:error-level,high,0.8,2005-12-04 06:00:00,ERROR,,12.0,2.565,,出现 ERROR 级日志 12 条，全文件均值 2.565 条/桶,L140 | [Sun Dec 04 06:01:30 2005] [error] mod_jk child workerEnv in error state 6 || L145 | [Sun Dec 04 06:02:02 2005] [error] mod_jk child workerEnv in error state 7 || L151 | [Sun Dec 04 06:02:07 2005] [error] mod_jk child workerEnv in error state 7
rules,rule:error-level,high,0.8,2005-12-04 06:10:00,ERROR,,22.0,2.565,,出现 ERROR 级日志 22 条，全文件均值 2.565 条/桶,L190 | [Sun Dec 04 06:12:40 2005] [error] mod_jk child workerEnv in error state 6 || L191 | [Sun Dec 04 06:12:40 2005] [error] mod_jk child workerEnv in error state 6 || L192 | [Sun Dec 04 06:12:40 2005] [error] mod_jk child workerEnv in error state 6
rules,rule:error-level,high,0.8,2005-12-04 06:20:00,ERROR,,9.0,2.565,,出现 ERROR 级日志 9 条，全文件均值 2.565 条/桶,L263 | [Sun Dec 04 06:20:46 2005] [error] mod_jk child workerEnv in error state 6 || L264 | [Sun Dec 04 06:20:46 2005] [error] mod_jk child workerEnv in error state 7 || L265 | [Sun Dec 04 06:20:46 2005] [error] mod_jk child workerEnv in error state 8
rules,rule:error-level,high,0.8,2005-12-04 06:30:00,ERROR,,3.0,2.565,,出现 ERROR 级日志 3 条，全文件均值 2.565 条/桶,L287 | [Sun Dec 04 06:30:43 2005] [error] mod_jk child workerEnv in error state 6 || L291 | [Sun Dec 04 06:36:10 2005] [error] mod_jk child workerEnv in error state 6 || L293 | [Sun Dec 04 06:36:10 2005] [error] mod_jk child workerEnv in error state 6
rules,rule:error-level,high,0.8,2005-12-04 06:40:00,ERROR,,19.0,2.565,,出现 ERROR 级日志 19 条，全文件均值 2.565 条/桶,L300 | [Sun Dec 04 06:41:07 2005] [error] mod_jk child workerEnv in error state 6 || L301 | [Sun Dec 04 06:41:08 2005] [error] mod_jk child workerEnv in error state 6 || L302 | [Sun Dec 04 06:41:08 2005] [error] mod_jk child workerEnv in error state 6
rules,rule:error-level,high,0.8,2005-12-04 06:50:00,ERROR,,25.0,2.565,,出现 ERROR 级日志 25 条，全文件均值 2.565 条/桶,L384 | [Sun Dec 04 06:51:23 2005] [error] mod_jk child workerEnv in error state 7 || L386 | [Sun Dec 04 06:51:23 2005] [error] mod_jk child workerEnv in error state 6 || L388 | [Sun Dec 04 06:51:23 2005] [error] mod_jk child workerEnv in error state 8
rules,rule:error-level,high,0.8,2005-12-04 07:00:00,ERROR,,11.0,2.565,,出现 ERROR 级日志 11 条，全文件均值 2.565 条/桶,L492 | [Sun Dec 04 07:02:03 2005] [error] mod_jk child workerEnv in error state 9 || L493 | [Sun Dec 04 07:02:03 2005] [error] mod_jk child workerEnv in error state 8 || L494 | [Sun Dec 04 07:02:03 2005] [error] mod_jk child workerEnv in error state 8
rules,rule:error-level,high,0.8,2005-12-04 07:10:00,ERROR,,16.0,2.565,,出现 ERROR 级日志 16 条，全文件均值 2.565 条/桶,L529 | [Sun Dec 04 07:11:05 2005] [error] mod_jk child workerEnv in error state 6 || L532 | [Sun Dec 04 07:11:22 2005] [error] mod_jk child workerEnv in error state 6 || L533 | [Sun Dec 04 07:11:22 2005] [error] mod_jk child workerEnv in error state 6
rules,rule:error-level,high,0.8,2005-12-04 16:30:00,ERROR,,5.0,2.565,,出现 ERROR 级日志 5 条，全文件均值 2.565 条/桶,L599 | [Sun Dec 04 16:32:56 2005] [error] mod_jk child workerEnv in error state 6 || L604 | [Sun Dec 04 16:32:58 2005] [error] mod_jk child workerEnv in error state 7 || L606 | [Sun Dec 04 16:32:58 2005] [error] mod_jk child workerEnv in error state 6
rules,rule:error-level,high,0.8,2005-12-04 16:40:00,ERROR,,10.0,2.565,,出现 ERROR 级日志 10 条，全文件均值 2.565 条/桶,L620 | [Sun Dec 04 16:41:22 2005] [error] mod_jk child workerEnv in error state 6 || L621 | [Sun Dec 04 16:41:22 2005] [error] mod_jk child workerEnv in error state 6 || L622 | [Sun Dec 04 16:41:22 2005] [error] mod_jk child workerEnv in error state 6
rules,rule:error-level,high,0.8,2005-12-04 16:50:00,ERROR,,10.0,2.565,,出现 ERROR 级日志 10 条，全文件均值 2.565 条/桶,L660 | [Sun Dec 04 16:52:49 2005] [error] mod_jk child workerEnv in error state 6 || L661 | [Sun Dec 04 16:52:49 2005] [error] mod_jk child workerEnv in error state 7 || L662 | [Sun Dec 04 16:52:49 2005] [error] mod_jk child workerEnv in error state 7
rules,rule:error-level,high,0.8,2005-12-04 17:00:00,ERROR,,8.0,2.565,,出现 ERROR 级日志 8 条，全文件均值 2.565 条/桶,L687 | [Sun Dec 04 17:01:47 2005] [error] mod_jk child workerEnv in error state 6 || L689 | [Sun Dec 04 17:01:47 2005] [error] mod_jk child workerEnv in error state 6 || L691 | [Sun Dec 04 17:01:47 2005] [error] mod_jk child workerEnv in error state 6
rules,rule:error-level,high,0.8,2005-12-04 17:10:00,ERROR,,5.0,2.565,,出现 ERROR 级日志 5 条，全文件均值 2.565 条/桶,L717 | [Sun Dec 04 17:12:55 2005] [error] mod_jk child workerEnv in error state 6 || L718 | [Sun Dec 04 17:12:55 2005] [error] mod_jk child workerEnv in error state 7 || L719 | [Sun Dec 04 17:12:55 2005] [error] mod_jk child workerEnv in error state 7
rules,rule:error-level,high,0.8,2005-12-04 17:20:00,ERROR,,6.0,2.565,,出现 ERROR 级日志 6 条，全文件均值 2.565 条/桶,L738 | [Sun Dec 04 17:20:46 2005] [error] mod_jk child workerEnv in error state 7 || L739 | [Sun Dec 04 17:20:46 2005] [error] mod_jk child workerEnv in error state 6 || L740 | [Sun Dec 04 17:20:46 2005] [error] mod_jk child workerEnv in error state 6
rules,rule:error-level,high,0.8,2005-12-04 17:30:00,ERROR,,8.0,2.565,,出现 ERROR 级日志 8 条，全文件均值 2.565 条/桶,L760 | [Sun Dec 04 17:31:12 2005] [error] mod_jk child workerEnv in error state 6 || L761 | [Sun Dec 04 17:31:12 2005] [error] mod_jk child workerEnv in error state 6 || L762 | [Sun Dec 04 17:31:12 2005] [error] mod_jk child workerEnv in error state 8
rules,rule:error-level,high,0.8,2005-12-04 17:40:00,ERROR,,9.0,2.565,,出现 ERROR 级日志 9 条，全文件均值 2.565 条/桶,L785 | [Sun Dec 04 17:43:08 2005] [error] jk2_init() Can't find child 1566 in scoreboard || L789 | [Sun Dec 04 17:43:08 2005] [error] jk2_init() Can't find child 1567 in scoreboard || L792 | [Sun Dec 04 17:43:12 2005] [error] mod_jk child workerEnv in error state 9
rules,rule:error-level,high,0.8,2005-12-04 19:30:00,ERROR,,10.0,2.565,,出现 ERROR 级日志 10 条，全文件均值 2.565 条/桶,L813 | [Sun Dec 04 19:32:33 2005] [error] mod_jk child workerEnv in error state 6 || L818 | [Sun Dec 04 19:32:34 2005] [error] mod_jk child workerEnv in error state 6 || L820 | [Sun Dec 04 19:32:34 2005] [error] mod_jk child workerEnv in error state 7
rules,rule:error-level,high,0.8,2005-12-04 19:40:00,ERROR,,8.0,2.565,,出现 ERROR 级日志 8 条，全文件均值 2.565 条/桶,L844 | [Sun Dec 04 19:41:21 2005] [error] mod_jk child workerEnv in error state 6 || L846 | [Sun Dec 04 19:41:21 2005] [error] mod_jk child workerEnv in error state 6 || L848 | [Sun Dec 04 19:41:21 2005] [error] mod_jk child workerEnv in error state 6
rules,rule:error-level,high,0.8,2005-12-04 19:50:00,ERROR,,10.0,2.565,,出现 ERROR 级日志 10 条，全文件均值 2.565 条/桶,L867 | [Sun Dec 04 19:50:55 2005] [error] mod_jk child workerEnv in error state 6 || L869 | [Sun Dec 04 19:50:55 2005] [error] mod_jk child workerEnv in error state 6 || L871 | [Sun Dec 04 19:51:18 2005] [error] mod_jk child workerEnv in error state 6
rules,rule:error-level,high,0.8,2005-12-04 20:00:00,ERROR,,8.0,2.565,,出现 ERROR 级日志 8 条，全文件均值 2.565 条/桶,L903 | [Sun Dec 04 20:01:37 2005] [error] mod_jk child workerEnv in error state 6 || L904 | [Sun Dec 04 20:01:37 2005] [error] mod_jk child workerEnv in error state 6 || L905 | [Sun Dec 04 20:01:37 2005] [error] mod_jk child workerEnv in error state 6
rules,rule:error-level,high,0.8,2005-12-04 20:10:00,ERROR,,8.0,2.565,,出现 ERROR 级日志 8 条，全文件均值 2.565 条/桶,L924 | [Sun Dec 04 20:11:14 2005] [error] mod_jk child workerEnv in error state 6 || L926 | [Sun Dec 04 20:11:14 2005] [error] mod_jk child workerEnv in error state 6 || L928 | [Sun Dec 04 20:11:14 2005] [error] mod_jk child workerEnv in error state 6
rules,rule:error-level,high,0.8,2005-12-04 20:20:00,ERROR,,7.0,2.565,,出现 ERROR 级日志 7 条，全文件均值 2.565 条/桶,L950 | [Sun Dec 04 20:21:36 2005] [error] mod_jk child workerEnv in error state 6 || L955 | [Sun Dec 04 20:22:52 2005] [error] mod_jk child workerEnv in error state 7 || L963 | [Sun Dec 04 20:24:49 2005] [error] mod_jk child workerEnv in error state 8
rules,rule:error-level,high,0.8,2005-12-04 20:30:00,ERROR,,12.0,2.565,,出现 ERROR 级日志 12 条，全文件均值 2.565 条/桶,L991 | [Sun Dec 04 20:32:55 2005] [error] mod_jk child workerEnv in error state 10 || L992 | [Sun Dec 04 20:32:55 2005] [error] mod_jk child workerEnv in error state 6 || L993 | [Sun Dec 04 20:32:55 2005] [error] mod_jk child workerEnv in error state 10
rules,rule:error-level,high,0.8,2005-12-04 20:40:00,ERROR,,11.0,2.565,,出现 ERROR 级日志 11 条，全文件均值 2.565 条/桶,L1032 | [Sun Dec 04 20:47:16 2005] [error] jk2_init() Can't find child 2082 in scoreboard || L1035 | [Sun Dec 04 20:47:16 2005] [error] mod_jk child workerEnv in error state 6 || L1037 | [Sun Dec 04 20:47:16 2005] [error] mod_jk child init 1 -2
rules,rule:error-level,high,0.8,2005-12-05 03:20:00,ERROR,,4.0,2.565,,出现 ERROR 级日志 4 条，全文件均值 2.565 条/桶,L1056 | [Mon Dec 05 03:21:02 2005] [error] mod_jk child workerEnv in error state 6 || L1059 | [Mon Dec 05 03:23:24 2005] [error] mod_jk child workerEnv in error state 6 || L1060 | [Mon Dec 05 03:23:24 2005] [error] [client 218.207.61.7] Directory index forbidden by rule: /var/www/html/
rules,rule:error-level,high,0.8,2005-12-05 03:30:00,ERROR,,4.0,2.565,,出现 ERROR 级日志 4 条，全文件均值 2.565 条/桶,L1072 | [Mon Dec 05 03:36:57 2005] [error] mod_jk child workerEnv in error state 6 || L1073 | [Mon Dec 05 03:36:57 2005] [error] mod_jk child workerEnv in error state 6 || L1074 | [Mon Dec 05 03:36:57 2005] [error] mod_jk child workerEnv in error state 6
rules,rule:error-level,high,0.8,2005-12-05 03:40:00,ERROR,,7.0,2.565,,出现 ERROR 级日志 7 条，全文件均值 2.565 条/桶,L1078 | [Mon Dec 05 03:40:55 2005] [error] mod_jk child workerEnv in error state 6 || L1080 | [Mon Dec 05 03:44:50 2005] [error] [client 168.20.198.21] Directory index forbidden by rule: /var/www/html/ || L1082 | [Mon Dec 05 03:44:50 2005] [error] mod_jk child workerEnv in error state 6
rules,rule:error-level,high,0.8,2005-12-05 03:50:00,ERROR,,8.0,2.565,,出现 ERROR 级日志 8 条，全文件均值 2.565 条/桶,L1111 | [Mon Dec 05 03:50:59 2005] [error] mod_jk child workerEnv in error state 6 || L1112 | [Mon Dec 05 03:50:59 2005] [error] mod_jk child workerEnv in error state 6 || L1113 | [Mon Dec 05 03:50:59 2005] [error] mod_jk child workerEnv in error state 6
rules,rule:error-level,high,0.8,2005-12-05 04:00:00,ERROR,,6.0,2.565,,出现 ERROR 级日志 6 条，全文件均值 2.565 条/桶,L1133 | [Mon Dec 05 04:01:23 2005] [error] mod_jk child workerEnv in error state 6 || L1135 | [Mon Dec 05 04:01:23 2005] [error] mod_jk child workerEnv in error state 6 || L1137 | [Mon Dec 05 04:01:23 2005] [error] mod_jk child workerEnv in error state 6
rules,rule:error-level,high,0.8,2005-12-05 04:10:00,ERROR,,7.0,2.565,,出现 ERROR 级日志 7 条，全文件均值 2.565 条/桶,L1169 | [Mon Dec 05 04:14:00 2005] [error] mod_jk child workerEnv in error state 9 || L1171 | [Mon Dec 05 04:14:00 2005] [error] mod_jk child workerEnv in error state 8 || L1173 | [Mon Dec 05 04:14:00 2005] [error] mod_jk child workerEnv in error state 6
rules,rule:error-level,high,0.8,2005-12-05 05:00:00,ERROR,,3.0,2.565,,出现 ERROR 级日志 3 条，全文件均值 2.565 条/桶,L1187 | [Mon Dec 05 05:06:47 2005] [error] mod_jk child workerEnv in error state 6 || L1188 | [Mon Dec 05 05:06:47 2005] [error] mod_jk child workerEnv in error state 6 || L1189 | [Mon Dec 05 05:06:47 2005] [error] mod_jk child workerEnv in error state 6
rules,rule:error-level,high,0.8,2005-12-05 05:10:00,ERROR,,4.0,2.565,,出现 ERROR 级日志 4 条，全文件均值 2.565 条/桶,L1204 | [Mon Dec 05 05:15:33 2005] [error] mod_jk child workerEnv in error state 9 || L1206 | [Mon Dec 05 05:15:33 2005] [error] mod_jk child workerEnv in error state 9 || L1208 | [Mon Dec 05 05:15:33 2005] [error] mod_jk child workerEnv in error state 7
rules,rule:error-level,high,0.8,2005-12-05 06:30:00,ERROR,,3.0,2.565,,出现 ERROR 级日志 3 条，全文件均值 2.565 条/桶,L1213 | [Mon Dec 05 06:35:27 2005] [error] mod_jk child workerEnv in error state 6 || L1216 | [Mon Dec 05 06:36:58 2005] [error] mod_jk child workerEnv in error state 6 || L1217 | [Mon Dec 05 06:36:59 2005] [error] [client 221.232.178.24] Directory index forbidden by rule: /var/www/html/
rules,rule:error-level,high,0.8,2005-12-05 07:20:00,ERROR,,6.0,2.565,,出现 ERROR 级日志 6 条，全文件均值 2.565 条/桶,L1229 | [Mon Dec 05 07:21:09 2005] [error] mod_jk child workerEnv in error state 6 || L1230 | [Mon Dec 05 07:21:09 2005] [error] mod_jk child workerEnv in error state 6 || L1232 | [Mon Dec 05 07:21:09 2005] [error] mod_jk child workerEnv in error state 6
rules,rule:error-level,high,0.8,2005-12-05 07:30:00,ERROR,,8.0,2.565,,出现 ERROR 级日志 8 条，全文件均值 2.565 条/桶,L1248 | [Mon Dec 05 07:32:06 2005] [error] mod_jk child workerEnv in error state 6 || L1250 | [Mon Dec 05 07:32:06 2005] [error] mod_jk child workerEnv in error state 6 || L1252 | [Mon Dec 05 07:32:06 2005] [error] mod_jk child workerEnv in error state 6
rules,rule:error-level,high,0.8,2005-12-05 07:40:00,ERROR,,12.0,2.565,,出现 ERROR 级日志 12 条，全文件均值 2.565 条/桶,L1276 | [Mon Dec 05 07:43:16 2005] [error] mod_jk child workerEnv in error state 7 || L1278 | [Mon Dec 05 07:43:16 2005] [error] mod_jk child workerEnv in error state 7 || L1280 | [Mon Dec 05 07:43:16 2005] [error] mod_jk child workerEnv in error state 6
rules,rule:error-level,high,0.8,2005-12-05 07:50:00,ERROR,,16.0,2.565,,出现 ERROR 级日志 16 条，全文件均值 2.565 条/桶,L1318 | [Mon Dec 05 07:51:23 2005] [error] mod_jk child workerEnv in error state 6 || L1323 | [Mon Dec 05 07:52:02 2005] [error] mod_jk child workerEnv in error state 6 || L1324 | [Mon Dec 05 07:52:02 2005] [error] mod_jk child workerEnv in error state 7
rules,rule:error-level,high,0.8,2005-12-05 10:10:00,ERROR,,5.0,2.565,,出现 ERROR 级日志 5 条，全文件均值 2.565 条/桶,L1378 | [Mon Dec 05 10:10:33 2005] [error] mod_jk child workerEnv in error state 6 || L1390 | [Mon Dec 05 10:17:51 2005] [error] mod_jk child workerEnv in error state 6 || L1391 | [Mon Dec 05 10:17:51 2005] [error] mod_jk child workerEnv in error state 6
rules,rule:error-level,high,0.8,2005-12-05 10:20:00,ERROR,,11.0,2.565,,出现 ERROR 级日志 11 条，全文件均值 2.565 条/桶,L1402 | [Mon Dec 05 10:21:13 2005] [error] mod_jk child workerEnv in error state 6 || L1403 | [Mon Dec 05 10:21:13 2005] [error] mod_jk child workerEnv in error state 6 || L1404 | [Mon Dec 05 10:21:13 2005] [error] mod_jk child workerEnv in error state 6
rules,rule:error-level,high,0.8,2005-12-05 10:30:00,ERROR,,8.0,2.565,,出现 ERROR 级日志 8 条，全文件均值 2.565 条/桶,L1430 | [Mon Dec 05 10:33:44 2005] [error] mod_jk child workerEnv in error state 6 || L1432 | [Mon Dec 05 10:33:44 2005] [error] mod_jk child workerEnv in error state 6 || L1434 | [Mon Dec 05 10:33:44 2005] [error] mod_jk child workerEnv in error state 7
rules,rule:error-level,high,0.8,2005-12-05 10:40:00,ERROR,,11.0,2.565,,出现 ERROR 级日志 11 条，全文件均值 2.565 条/桶,L1464 | [Mon Dec 05 10:43:39 2005] [error] mod_jk child workerEnv in error state 8 || L1466 | [Mon Dec 05 10:43:41 2005] [error] mod_jk child workerEnv in error state 7 || L1470 | [Mon Dec 05 10:43:51 2005] [error] mod_jk child workerEnv in error state 7
rules,rule:error-level,high,0.8,2005-12-05 10:50:00,ERROR,,10.0,2.565,,出现 ERROR 级日志 10 条，全文件均值 2.565 条/桶,L1498 | [Mon Dec 05 10:51:35 2005] [error] mod_jk child workerEnv in error state 6 || L1499 | [Mon Dec 05 10:51:35 2005] [error] mod_jk child workerEnv in error state 6 || L1504 | [Mon Dec 05 10:52:21 2005] [error] mod_jk child workerEnv in error state 6
rules,rule:error-level,high,0.8,2005-12-05 11:00:00,ERROR,,11.0,2.565,,出现 ERROR 级日志 11 条，全文件均值 2.565 条/桶,L1536 | [Mon Dec 05 11:06:51 2005] [error] mod_jk child workerEnv in error state 6 || L1538 | [Mon Dec 05 11:06:51 2005] [error] mod_jk child workerEnv in error state 7 || L1540 | [Mon Dec 05 11:06:51 2005] [error] mod_jk child workerEnv in error state 6
rules,rule:error-level,high,0.8,2005-12-05 12:30:00,ERROR,,4.0,2.565,,出现 ERROR 级日志 4 条，全文件均值 2.565 条/桶,L1560 | [Mon Dec 05 12:36:39 2005] [error] mod_jk child workerEnv in error state 7 || L1562 | [Mon Dec 05 12:36:39 2005] [error] mod_jk child workerEnv in error state 6 || L1564 | [Mon Dec 05 12:36:39 2005] [error] mod_jk child workerEnv in error state 7
rules,rule:error-level,high,0.8,2005-12-05 12:50:00,ERROR,,4.0,2.565,,出现 ERROR 级日志 4 条，全文件均值 2.565 条/桶,L1574 | [Mon Dec 05 12:50:43 2005] [error] mod_jk child workerEnv in error state 6 || L1575 | [Mon Dec 05 12:50:43 2005] [error] mod_jk child workerEnv in error state 6 || L1579 | [Mon Dec 05 12:55:49 2005] [error] mod_jk child workerEnv in error state 6
rules,rule:error-level,high,0.8,2005-12-05 13:00:00,ERROR,,3.0,2.565,,出现 ERROR 级日志 3 条，全文件均值 2.565 条/桶,L1585 | [Mon Dec 05 13:00:34 2005] [error] mod_jk child workerEnv in error state 6 || L1587 | [Mon Dec 05 13:00:34 2005] [error] mod_jk child workerEnv in error state 6 || L1590 | [Mon Dec 05 13:05:24 2005] [error] mod_jk child workerEnv in error state 6
rules,rule:error-level,high,0.8,2005-12-05 13:10:00,ERROR,,5.0,2.565,,出现 ERROR 级日志 5 条，全文件均值 2.565 条/桶,L1593 | [Mon Dec 05 13:10:59 2005] [error] mod_jk child workerEnv in error state 6 || L1599 | [Mon Dec 05 13:16:29 2005] [error] mod_jk child workerEnv in error state 6 || L1601 | [Mon Dec 05 13:16:29 2005] [error] mod_jk child workerEnv in error state 6
rules,rule:error-level,high,0.8,2005-12-05 13:20:00,ERROR,,8.0,2.565,,出现 ERROR 级日志 8 条，全文件均值 2.565 条/桶,L1613 | [Mon Dec 05 13:22:48 2005] [error] mod_jk child workerEnv in error state 7 || L1615 | [Mon Dec 05 13:22:48 2005] [error] mod_jk child workerEnv in error state 7 || L1617 | [Mon Dec 05 13:22:48 2005] [error] mod_jk child workerEnv in error state 6
rules,rule:error-level,high,0.8,2005-12-05 13:30:00,ERROR,,11.0,2.565,,出现 ERROR 级日志 11 条，全文件均值 2.565 条/桶,L1647 | [Mon Dec 05 13:32:04 2005] [error] mod_jk child workerEnv in error state 6 || L1648 | [Mon Dec 05 13:32:04 2005] [error] mod_jk child workerEnv in error state 6 || L1651 | [Mon Dec 05 13:32:10 2005] [error] mod_jk child workerEnv in error state 7
rules,rule:error-level,high,0.8,2005-12-05 13:40:00,ERROR,,12.0,2.565,,出现 ERROR 级日志 12 条，全文件均值 2.565 条/桶,L1695 | [Mon Dec 05 13:43:46 2005] [error] mod_jk child workerEnv in error state 6 || L1696 | [Mon Dec 05 13:43:46 2005] [error] mod_jk child workerEnv in error state 8 || L1697 | [Mon Dec 05 13:43:46 2005] [error] mod_jk child workerEnv in error state 7
rules,rule:error-level,high,0.8,2005-12-05 13:50:00,ERROR,,6.0,2.565,,出现 ERROR 级日志 6 条，全文件均值 2.565 条/桶,L1736 | [Mon Dec 05 13:52:36 2005] [error] mod_jk child workerEnv in error state 6 || L1737 | [Mon Dec 05 13:52:36 2005] [error] mod_jk child workerEnv in error state 6 || L1749 | [Mon Dec 05 13:53:35 2005] [error] mod_jk child workerEnv in error state 6
rules,rule:error-level,high,0.8,2005-12-05 14:00:00,ERROR,,3.0,2.565,,出现 ERROR 级日志 3 条，全文件均值 2.565 条/桶,L1766 | [Mon Dec 05 14:01:48 2005] [error] mod_jk child workerEnv in error state 7 || L1768 | [Mon Dec 05 14:01:48 2005] [error] mod_jk child workerEnv in error state 9 || L1770 | [Mon Dec 05 14:01:48 2005] [error] mod_jk child workerEnv in error state 8
rules,rule:error-level,high,0.8,2005-12-05 15:30:00,ERROR,,3.0,2.565,,出现 ERROR 级日志 3 条，全文件均值 2.565 条/桶,L1779 | [Mon Dec 05 15:31:10 2005] [error] mod_jk child workerEnv in error state 6 || L1781 | [Mon Dec 05 15:31:10 2005] [error] mod_jk child workerEnv in error state 6 || L1783 | [Mon Dec 05 15:31:10 2005] [error] mod_jk child workerEnv in error state 6
rules,rule:error-level,high,0.8,2005-12-05 15:40:00,ERROR,,4.0,2.565,,出现 ERROR 级日志 4 条，全文件均值 2.565 条/桶,L1790 | [Mon Dec 05 15:41:32 2005] [error] mod_jk child workerEnv in error state 7 || L1792 | [Mon Dec 05 15:41:32 2005] [error] mod_jk child workerEnv in error state 6 || L1794 | [Mon Dec 05 15:41:32 2005] [error] mod_jk child workerEnv in error state 7
rules,rule:error-level,high,0.8,2005-12-05 15:50:00,ERROR,,4.0,2.565,,出现 ERROR 级日志 4 条，全文件均值 2.565 条/桶,L1804 | [Mon Dec 05 15:51:20 2005] [error] mod_jk child workerEnv in error state 7 || L1806 | [Mon Dec 05 15:51:20 2005] [error] mod_jk child workerEnv in error state 7 || L1808 | [Mon Dec 05 15:51:20 2005] [error] mod_jk child workerEnv in error state 6
rules,rule:error-level,high,0.8,2005-12-05 16:00:00,ERROR,,6.0,2.565,,出现 ERROR 级日志 6 条，全文件均值 2.565 条/桶,L1819 | [Mon Dec 05 16:02:02 2005] [error] mod_jk child workerEnv in error state 6 || L1820 | [Mon Dec 05 16:02:02 2005] [error] mod_jk child workerEnv in error state 7 || L1821 | [Mon Dec 05 16:02:02 2005] [error] mod_jk child workerEnv in error state 6
rules,rule:error-level,high,0.8,2005-12-05 16:10:00,ERROR,,5.0,2.565,,出现 ERROR 级日志 5 条，全文件均值 2.565 条/桶,L1836 | [Mon Dec 05 16:10:44 2005] [error] mod_jk child workerEnv in error state 6 || L1838 | [Mon Dec 05 16:10:44 2005] [error] mod_jk child workerEnv in error state 6 || L1843 | [Mon Dec 05 16:16:36 2005] [error] mod_jk child workerEnv in error state 6
rules,rule:error-level,high,0.8,2005-12-05 16:20:00,ERROR,,6.0,2.565,,出现 ERROR 级日志 6 条，全文件均值 2.565 条/桶,L1852 | [Mon Dec 05 16:21:29 2005] [error] mod_jk child workerEnv in error state 6 || L1854 | [Mon Dec 05 16:21:29 2005] [error] mod_jk child workerEnv in error state 6 || L1856 | [Mon Dec 05 16:21:29 2005] [error] mod_jk child workerEnv in error state 6
rules,rule:error-level,high,0.8,2005-12-05 16:30:00,ERROR,,3.0,2.565,,出现 ERROR 级日志 3 条，全文件均值 2.565 条/桶,L1872 | [Mon Dec 05 16:31:52 2005] [error] mod_jk child workerEnv in error state 6 || L1873 | [Mon Dec 05 16:31:52 2005] [error] mod_jk child workerEnv in error state 6 || L1874 | [Mon Dec 05 16:31:52 2005] [error] mod_jk child workerEnv in error state 6
rules,rule:error-level,high,0.8,2005-12-05 16:40:00,ERROR,,4.0,2.565,,出现 ERROR 级日志 4 条，全文件均值 2.565 条/桶,L1887 | [Mon Dec 05 16:40:06 2005] [error] mod_jk child workerEnv in error state 9 || L1888 | [Mon Dec 05 16:40:06 2005] [error] mod_jk child workerEnv in error state 6 || L1889 | [Mon Dec 05 16:40:06 2005] [error] mod_jk child workerEnv in error state 6
rules,rule:error-level,high,0.8,2005-12-05 17:30:00,ERROR,,4.0,2.565,,出现 ERROR 级日志 4 条，全文件均值 2.565 条/桶,L1892 | [Mon Dec 05 17:31:39 2005] [error] [client 218.75.106.250] Directory index forbidden by rule: /var/www/html/ || L1894 | [Mon Dec 05 17:31:41 2005] [error] mod_jk child workerEnv in error state 6 || L1898 | [Mon Dec 05 17:35:58 2005] [error] mod_jk child workerEnv in error state 6
rules,rule:error-level,high,0.8,2005-12-05 17:40:00,ERROR,,4.0,2.565,,出现 ERROR 级日志 4 条，全文件均值 2.565 条/桶,L1904 | [Mon Dec 05 17:40:39 2005] [error] mod_jk child workerEnv in error state 6 || L1906 | [Mon Dec 05 17:40:39 2005] [error] mod_jk child workerEnv in error state 6 || L1911 | [Mon Dec 05 17:46:06 2005] [error] mod_jk child workerEnv in error state 6
rules,rule:error-level,high,0.8,2005-12-05 17:50:00,ERROR,,4.0,2.565,,出现 ERROR 级日志 4 条，全文件均值 2.565 条/桶,L1916 | [Mon Dec 05 17:50:41 2005] [error] mod_jk child workerEnv in error state 6 || L1918 | [Mon Dec 05 17:50:41 2005] [error] mod_jk child workerEnv in error state 6 || L1923 | [Mon Dec 05 17:55:35 2005] [error] mod_jk child workerEnv in error state 6
rules,rule:error-level,high,0.8,2005-12-05 18:10:00,ERROR,,4.0,2.565,,出现 ERROR 级日志 4 条，全文件均值 2.565 条/桶,L1931 | [Mon Dec 05 18:10:58 2005] [error] mod_jk child workerEnv in error state 6 || L1933 | [Mon Dec 05 18:10:58 2005] [error] mod_jk child workerEnv in error state 6 || L1938 | [Mon Dec 05 18:15:47 2005] [error] mod_jk child workerEnv in error state 6
rules,rule:error-level,high,0.8,2005-12-05 18:20:00,ERROR,,4.0,2.565,,出现 ERROR 级日志 4 条，全文件均值 2.565 条/桶,L1943 | [Mon Dec 05 18:20:53 2005] [error] mod_jk child workerEnv in error state 6 || L1945 | [Mon Dec 05 18:20:53 2005] [error] mod_jk child workerEnv in error state 6 || L1949 | [Mon Dec 05 18:27:33 2005] [error] mod_jk child workerEnv in error state 6
rules,rule:error-level,high,0.8,2005-12-05 18:40:00,ERROR,,4.0,2.565,,出现 ERROR 级日志 4 条，全文件均值 2.565 条/桶,L1962 | [Mon Dec 05 18:40:54 2005] [error] mod_jk child workerEnv in error state 6 || L1964 | [Mon Dec 05 18:40:54 2005] [error] mod_jk child workerEnv in error state 6 || L1968 | [Mon Dec 05 18:45:53 2005] [error] mod_jk child workerEnv in error state 6
rules,rule:error-level,high,0.8,2005-12-05 18:50:00,ERROR,,3.0,2.565,,出现 ERROR 级日志 3 条，全文件均值 2.565 条/桶,L1973 | [Mon Dec 05 18:50:31 2005] [error] mod_jk child workerEnv in error state 6 || L1977 | [Mon Dec 05 18:56:04 2005] [error] mod_jk child workerEnv in error state 6 || L1979 | [Mon Dec 05 18:56:04 2005] [error] mod_jk child workerEnv in error state 6
rules,rule:error-level,high,0.8,2005-12-05 19:00:00,ERROR,,4.0,2.565,,出现 ERROR 级日志 4 条，全文件均值 2.565 条/桶,L1984 | [Mon Dec 05 19:00:44 2005] [error] mod_jk child workerEnv in error state 6 || L1985 | [Mon Dec 05 19:00:44 2005] [error] mod_jk child workerEnv in error state 6 || L1988 | [Mon Dec 05 19:00:54 2005] [error] mod_jk child workerEnv in error state 6
rules,rule:error-level,high,0.8,2005-12-05 19:10:00,ERROR,,4.0,2.565,,出现 ERROR 级日志 4 条，全文件均值 2.565 条/桶,L1992 | [Mon Dec 05 19:11:04 2005] [error] mod_jk child workerEnv in error state 6 || L1994 | [Mon Dec 05 19:14:09 2005] [error] [client 61.220.139.68] Directory index forbidden by rule: /var/www/html/ || L1996 | [Mon Dec 05 19:14:11 2005] [error] mod_jk child workerEnv in error state 6
ewma,ewma-volume-up,low,0.6,2005-12-04 04:50:00,volume,,83.0,0.0,,volume 本桶 83 条，历史中位数 0.0 条，偏离控制限 5.9 sigma（L=4.0，方向 上升）；环比上一桶 41.5 倍,L3 | [Sun Dec 04 04:51:08 2005] [notice] jk2_init() Found child 6725 in scoreboard slot 10 || L4 | [Sun Dec 04 04:51:09 2005] [notice] jk2_init() Found child 6726 in scoreboard slot 8 || L5 | [Sun Dec 04 04:51:09 2005] [notice] jk2_init() Found child 6728 in scoreboard slot 6
ewma,ewma-volume-up,low,0.6,2005-12-04 16:30:00,volume,,16.0,0.0,,volume 本桶 16 条，历史中位数 0.0 条，偏离控制限 7.6 sigma（L=4.0，方向 上升）；环比上一桶 4.0 倍,L596 | [Sun Dec 04 16:31:07 2005] [notice] jk2_init() Found child 1248 in scoreboard slot 7 || L597 | [Sun Dec 04 16:32:37 2005] [notice] jk2_init() Found child 1253 in scoreboard slot 9 || L598 | [Sun Dec 04 16:32:56 2005] [notice] workerEnv.init() ok /etc/httpd/conf/workers2.properties
ewma,ewma-volume-up,low,0.6,2005-12-04 19:30:00,volume,,29.0,0.0,,volume 本桶 29 条，历史中位数 0.0 条，偏离控制限 4.1 sigma（L=4.0，方向 上升）；环比上一桶 9.67 倍,L810 | [Sun Dec 04 19:32:20 2005] [notice] jk2_init() Found child 1786 in scoreboard slot 8 || L811 | [Sun Dec 04 19:32:20 2005] [notice] jk2_init() Found child 1787 in scoreboard slot 9 || L812 | [Sun Dec 04 19:32:32 2005] [notice] workerEnv.init() ok /etc/httpd/conf/workers2.properties
ewma,ewma-volume-up,low,0.6,2005-12-05 03:20:00,volume,,10.0,0.0,,volume 本桶 10 条，历史中位数 0.0 条，偏离控制限 47.9 sigma（L=4.0，方向 上升）,L1054 | [Mon Dec 05 03:21:00 2005] [notice] jk2_init() Found child 2760 in scoreboard slot 6 || L1055 | [Mon Dec 05 03:21:02 2005] [notice] workerEnv.init() ok /etc/httpd/conf/workers2.properties || L1056 | [Mon Dec 05 03:21:02 2005] [error] mod_jk child workerEnv in error state 6
rules,rule:error-level,medium,0.5,2005-12-04 04:40:00,ERROR,,1.0,2.565,,出现 ERROR 级日志 1 条，全文件均值 2.565 条/桶,L2 | [Sun Dec 04 04:47:44 2005] [error] mod_jk child workerEnv in error state 6
rules,rule:error-level,medium,0.5,2005-12-04 07:40:00,ERROR,,1.0,2.565,,出现 ERROR 级日志 1 条，全文件均值 2.565 条/桶,L580 | [Sun Dec 04 07:45:45 2005] [error] [client 63.13.186.196] Directory index forbidden by rule: /var/www/html/
rules,rule:error-level,medium,0.5,2005-12-04 08:50:00,ERROR,,1.0,2.565,,出现 ERROR 级日志 1 条，全文件均值 2.565 条/桶,L581 | [Sun Dec 04 08:54:17 2005] [error] [client 147.31.138.75] Directory index forbidden by rule: /var/www/html/
rules,rule:error-level,medium,0.5,2005-12-04 09:30:00,ERROR,,1.0,2.565,,出现 ERROR 级日志 1 条，全文件均值 2.565 条/桶,L582 | [Sun Dec 04 09:35:12 2005] [error] [client 207.203.80.15] Directory index forbidden by rule: /var/www/html/
rules,rule:error-level,medium,0.5,2005-12-04 10:50:00,ERROR,,1.0,2.565,,出现 ERROR 级日志 1 条，全文件均值 2.565 条/桶,L583 | [Sun Dec 04 10:53:30 2005] [error] [client 218.76.139.20] Directory index forbidden by rule: /var/www/html/
rules,rule:error-level,medium,0.5,2005-12-04 11:10:00,ERROR,,1.0,2.565,,出现 ERROR 级日志 1 条，全文件均值 2.565 条/桶,L584 | [Sun Dec 04 11:11:07 2005] [error] [client 24.147.151.74] Directory index forbidden by rule: /var/www/html/
rules,rule:error-level,medium,0.5,2005-12-04 11:30:00,ERROR,,1.0,2.565,,出现 ERROR 级日志 1 条，全文件均值 2.565 条/桶,L585 | [Sun Dec 04 11:33:18 2005] [error] [client 211.141.93.88] Directory index forbidden by rule: /var/www/html/
rules,rule:error-level,medium,0.5,2005-12-04 11:40:00,ERROR,,1.0,2.565,,出现 ERROR 级日志 1 条，全文件均值 2.565 条/桶,L586 | [Sun Dec 04 11:42:43 2005] [error] [client 216.127.124.16] Directory index forbidden by rule: /var/www/html/
rules,rule:error-level,medium,0.5,2005-12-04 12:30:00,ERROR,,1.0,2.565,,出现 ERROR 级日志 1 条，全文件均值 2.565 条/桶,L587 | [Sun Dec 04 12:33:13 2005] [error] [client 208.51.151.210] Directory index forbidden by rule: /var/www/html/
rules,rule:error-level,medium,0.5,2005-12-04 13:30:00,ERROR,,1.0,2.565,,出现 ERROR 级日志 1 条，全文件均值 2.565 条/桶,L588 | [Sun Dec 04 13:32:32 2005] [error] [client 65.68.235.27] Directory index forbidden by rule: /var/www/html/
rules,rule:error-level,medium,0.5,2005-12-04 14:20:00,ERROR,,1.0,2.565,,出现 ERROR 级日志 1 条，全文件均值 2.565 条/桶,L589 | [Sun Dec 04 14:29:00 2005] [error] [client 4.245.93.87] Directory index forbidden by rule: /var/www/html/
rules,rule:error-level,medium,0.5,2005-12-04 15:10:00,ERROR,,1.0,2.565,,出现 ERROR 级日志 1 条，全文件均值 2.565 条/桶,L590 | [Sun Dec 04 15:18:36 2005] [error] [client 67.154.58.130] Directory index forbidden by rule: /var/www/html/
rules,rule:error-level,medium,0.5,2005-12-04 15:50:00,ERROR,,1.0,2.565,,出现 ERROR 级日志 1 条，全文件均值 2.565 条/桶,L591 | [Sun Dec 04 15:59:01 2005] [error] [client 24.83.37.136] Directory index forbidden by rule: /var/www/html/
rules,rule:error-level,medium,0.5,2005-12-04 16:20:00,ERROR,,2.0,2.565,,出现 ERROR 级日志 2 条，全文件均值 2.565 条/桶,L593 | [Sun Dec 04 16:24:05 2005] [error] [client 58.225.62.140] Directory index forbidden by rule: /var/www/html/ || L595 | [Sun Dec 04 16:24:06 2005] [error] mod_jk child workerEnv in error state 6
rules,rule:error-level,medium,0.5,2005-12-04 17:50:00,ERROR,,1.0,2.565,,出现 ERROR 级日志 1 条，全文件均值 2.565 条/桶,L805 | [Sun Dec 04 17:53:43 2005] [error] [client 218.39.132.175] Directory index forbidden by rule: /var/www/html/
rules,rule:error-level,medium,0.5,2005-12-04 18:20:00,ERROR,,1.0,2.565,,出现 ERROR 级日志 1 条，全文件均值 2.565 条/桶,L806 | [Sun Dec 04 18:24:22 2005] [error] [client 125.30.38.52] Directory index forbidden by rule: /var/www/html/
rules,rule:error-level,medium,0.5,2005-12-04 19:20:00,ERROR,,1.0,2.565,,出现 ERROR 级日志 1 条，全文件均值 2.565 条/桶,L809 | [Sun Dec 04 19:25:53 2005] [error] mod_jk child workerEnv in error state 6
rules,rule:error-level,medium,0.5,2005-12-05 01:00:00,ERROR,,1.0,2.565,,出现 ERROR 级日志 1 条，全文件均值 2.565 条/桶,L1052 | [Mon Dec 05 01:04:31 2005] [error] [client 218.62.18.218] Directory index forbidden by rule: /var/www/html/
rules,rule:error-level,medium,0.5,2005-12-05 01:30:00,ERROR,,1.0,2.565,,出现 ERROR 级日志 1 条，全文件均值 2.565 条/桶,L1053 | [Mon Dec 05 01:30:32 2005] [error] [client 211.62.201.48] Directory index forbidden by rule: /var/www/html/
rules,rule:error-level,medium,0.5,2005-12-05 07:10:00,ERROR,,2.0,2.565,,出现 ERROR 级日志 2 条，全文件均值 2.565 条/桶,L1221 | [Mon Dec 05 07:16:03 2005] [error] mod_jk child workerEnv in error state 6 || L1223 | [Mon Dec 05 07:16:03 2005] [error] mod_jk child workerEnv in error state 6
rules,rule:error-level,medium,0.5,2005-12-05 09:00:00,ERROR,,1.0,2.565,,出现 ERROR 级日志 1 条，全文件均值 2.565 条/桶,L1366 | [Mon Dec 05 09:09:48 2005] [error] [client 207.12.15.211] Directory index forbidden by rule: /var/www/html/
rules,rule:error-level,medium,0.5,2005-12-05 09:30:00,ERROR,,2.0,2.565,,出现 ERROR 级日志 2 条，全文件均值 2.565 条/桶,L1370 | [Mon Dec 05 09:36:14 2005] [error] mod_jk child workerEnv in error state 6 || L1372 | [Mon Dec 05 09:36:14 2005] [error] mod_jk child workerEnv in error state 6
rules,rule:error-level,medium,0.5,2005-12-05 09:50:00,ERROR,,1.0,2.565,,出现 ERROR 级日志 1 条，全文件均值 2.565 条/桶,L1375 | [Mon Dec 05 09:55:21 2005] [error] mod_jk child workerEnv in error state 6
rules,rule:error-level,medium,0.5,2005-12-05 12:40:00,ERROR,,1.0,2.565,,出现 ERROR 级日志 1 条，全文件均值 2.565 条/桶,L1569 | [Mon Dec 05 12:40:38 2005] [error] mod_jk child workerEnv in error state 6
rules,rule:error-level,medium,0.5,2005-12-05 14:10:00,ERROR,,2.0,2.565,,出现 ERROR 级日志 2 条，全文件均值 2.565 条/桶,L1772 | [Mon Dec 05 14:11:43 2005] [error] [client 141.154.18.244] Directory index forbidden by rule: /var/www/html/ || L1774 | [Mon Dec 05 14:11:45 2005] [error] mod_jk child workerEnv in error state 7
rules,rule:error-level,medium,0.5,2005-12-05 18:00:00,ERROR,,1.0,2.565,,出现 ERROR 级日志 1 条，全文件均值 2.565 条/桶,L1927 | [Mon Dec 05 18:00:26 2005] [error] mod_jk child workerEnv in error state 6
rules,rule:error-level,medium,0.5,2005-12-05 18:30:00,ERROR,,2.0,2.565,,出现 ERROR 级日志 2 条，全文件均值 2.565 条/桶,L1956 | [Mon Dec 05 18:35:53 2005] [error] mod_jk child workerEnv in error state 6 || L1958 | [Mon Dec 05 18:35:53 2005] [error] mod_jk child workerEnv in error state 6
rules,rule:jk-error,medium,0.4,2005-12-04 04:50:00,jk-error,,25.0,1.0,,Apache mod_jk 连接器异常状态；本桶命中 25 次（规则阈值 1 次，全文共 539 次）,L9 | [Sun Dec 04 04:51:18 2005] [error] mod_jk child workerEnv in error state 6 || L10 | [Sun Dec 04 04:51:18 2005] [error] mod_jk child workerEnv in error state 6 || L11 | [Sun Dec 04 04:51:18 2005] [error] mod_jk child workerEnv in error state 6
rules,rule:jk-error,medium,0.4,2005-12-04 06:00:00,jk-error,,12.0,1.0,,Apache mod_jk 连接器异常状态；本桶命中 12 次（规则阈值 1 次，全文共 539 次）,L140 | [Sun Dec 04 06:01:30 2005] [error] mod_jk child workerEnv in error state 6 || L145 | [Sun Dec 04 06:02:02 2005] [error] mod_jk child workerEnv in error state 7 || L151 | [Sun Dec 04 06:02:07 2005] [error] mod_jk child workerEnv in error state 7
rules,rule:jk-error,medium,0.4,2005-12-04 06:10:00,jk-error,,22.0,1.0,,Apache mod_jk 连接器异常状态；本桶命中 22 次（规则阈值 1 次，全文共 539 次）,L190 | [Sun Dec 04 06:12:40 2005] [error] mod_jk child workerEnv in error state 6 || L191 | [Sun Dec 04 06:12:40 2005] [error] mod_jk child workerEnv in error state 6 || L192 | [Sun Dec 04 06:12:40 2005] [error] mod_jk child workerEnv in error state 6
rules,rule:jk-error,medium,0.4,2005-12-04 06:40:00,jk-error,,19.0,1.0,,Apache mod_jk 连接器异常状态；本桶命中 19 次（规则阈值 1 次，全文共 539 次）,L300 | [Sun Dec 04 06:41:07 2005] [error] mod_jk child workerEnv in error state 6 || L301 | [Sun Dec 04 06:41:08 2005] [error] mod_jk child workerEnv in error state 6 || L302 | [Sun Dec 04 06:41:08 2005] [error] mod_jk child workerEnv in error state 6
rules,rule:jk-error,medium,0.4,2005-12-04 06:50:00,jk-error,,25.0,1.0,,Apache mod_jk 连接器异常状态；本桶命中 25 次（规则阈值 1 次，全文共 539 次）,L384 | [Sun Dec 04 06:51:23 2005] [error] mod_jk child workerEnv in error state 7 || L386 | [Sun Dec 04 06:51:23 2005] [error] mod_jk child workerEnv in error state 6 || L388 | [Sun Dec 04 06:51:23 2005] [error] mod_jk child workerEnv in error state 8
rules,rule:jk-error,medium,0.4,2005-12-04 07:10:00,jk-error,,16.0,1.0,,Apache mod_jk 连接器异常状态；本桶命中 16 次（规则阈值 1 次，全文共 539 次）,L529 | [Sun Dec 04 07:11:05 2005] [error] mod_jk child workerEnv in error state 6 || L532 | [Sun Dec 04 07:11:22 2005] [error] mod_jk child workerEnv in error state 6 || L533 | [Sun Dec 04 07:11:22 2005] [error] mod_jk child workerEnv in error state 6
rules,rule:jk-error,medium,0.4,2005-12-05 07:40:00,jk-error,,12.0,1.0,,Apache mod_jk 连接器异常状态；本桶命中 12 次（规则阈值 1 次，全文共 539 次）,L1276 | [Mon Dec 05 07:43:16 2005] [error] mod_jk child workerEnv in error state 7 || L1278 | [Mon Dec 05 07:43:16 2005] [error] mod_jk child workerEnv in error state 7 || L1280 | [Mon Dec 05 07:43:16 2005] [error] mod_jk child workerEnv in error state 6
rules,rule:jk-error,medium,0.4,2005-12-05 13:40:00,jk-error,,12.0,1.0,,Apache mod_jk 连接器异常状态；本桶命中 12 次（规则阈值 1 次，全文共 539 次）,L1695 | [Mon Dec 05 13:43:46 2005] [error] mod_jk child workerEnv in error state 6 || L1696 | [Mon Dec 05 13:43:46 2005] [error] mod_jk child workerEnv in error state 8 || L1697 | [Mon Dec 05 13:43:46 2005] [error] mod_jk child workerEnv in error state 7
