line_no,ts,level,source,pid,host,template_id,template,message,raw
1,2005-12-04 04:47:44,NOTICE,httpd,,,0,workerEnv.init() ok <PATH>,workerEnv.init() ok /etc/httpd/conf/workers2.properties,[Sun Dec 04 04:47:44 2005] [notice] workerEnv.init() ok /etc/httpd/conf/workers2.properties
2,2005-12-04 04:47:44,ERROR,httpd,,,1,mod_jk child workerEnv in error state <NUM>,mod_jk child workerEnv in error state 6,[Sun Dec 04 04:47:44 2005] [error] mod_jk child workerEnv in error state 6
3,2005-12-04 04:51:08,NOTICE,httpd,,,2,jk2_init() Found child <NUM> in scoreboard slot <NUM>,jk2_init() Found child 6725 in scoreboard slot 10,[Sun Dec 04 04:51:08 2005] [notice] jk2_init() Found child 6725 in scoreboard slot 10
4,2005-12-04 04:51:09,NOTICE,httpd,,,2,jk2_init() Found child <NUM> in scoreboard slot <NUM>,jk2_init() Found child 6726 in scoreboard slot 8,[Sun Dec 04 04:51:09 2005] [notice] jk2_init() Found child 6726 in scoreboard slot 8
5,2005-12-04 04:51:09,NOTICE,httpd,,,2,jk2_init() Found child <NUM> in scoreboard slot <NUM>,jk2_init() Found child 6728 in scoreboard slot 6,[Sun Dec 04 04:51:09 2005] [notice] jk2_init() Found child 6728 in scoreboard slot 6
6,2005-12-04 04:51:14,NOTICE,httpd,,,0,workerEnv.init() ok <PATH>,workerEnv.init() ok /etc/httpd/conf/workers2.properties,[Sun Dec 04 04:51:14 2005] [notice] workerEnv.init() ok /etc/httpd/conf/workers2.properties
7,2005-12-04 04:51:14,NOTICE,httpd,,,0,workerEnv.init() ok <PATH>,workerEnv.init() ok /etc/httpd/conf/workers2.properties,[Sun Dec 04 04:51:14 2005] [notice] workerEnv.init() ok /etc/httpd/conf/workers2.properties
8,2005-12-04 04:51:14,NOTICE,httpd,,,0,workerEnv.init() ok <PATH>,workerEnv.init() ok /etc/httpd/conf/workers2.properties,[Sun Dec 04 04:51:14 2005] [notice] workerEnv.init() ok /etc/httpd/conf/workers2.properties
9,2005-12-04 04:51:18,ERROR,httpd,,,1,mod_jk child workerEnv in error state <NUM>,mod_jk child workerEnv in error state 6,[Sun Dec 04 04:51:18 2005] [error] mod_jk child workerEnv in error state 6
10,2005-12-04 04:51:18,ERROR,httpd,,,1,mod_jk child workerEnv in error state <NUM>,mod_jk child workerEnv in error state 6,[Sun Dec 04 04:51:18 2005] [error] mod_jk child workerEnv in error state 6
11,2005-12-04 04:51:18,ERROR,httpd,,,1,mod_jk child workerEnv in error state <NUM>,mod_jk child workerEnv in error state 6,[Sun Dec 04 04:51:18 2005] [error] mod_jk child workerEnv in error state 6
12,2005-12-04 04:51:37,NOTICE,httpd,,,2,jk2_init() Found child <NUM> in scoreboard slot <NUM>,jk2_init() Found child 6736 in scoreboard slot 10,[Sun Dec 04 04:51:37 2005] [notice] jk2_init() Found child 6736 in scoreboard slot 10
13,2005-12-04 04:51:38,NOTICE,httpd,,,2,jk2_init() Found child <NUM> in scoreboard slot <NUM>,jk2_init() Found child 6733 in scoreboard slot 7,[Sun Dec 04 04:51:38 2005] [notice] jk2_init() Found child 6733 in scoreboard slot 7
14,2005-12-04 04:51:38,NOTICE,httpd,,,2,jk2_init() Found child <NUM> in scoreboard slot <NUM>,jk2_init() Found child 6734 in scoreboard slot 9,[Sun Dec 04 04:51:38 2005] [notice] jk2_init() Found child 6734 in scoreboard slot 9
15,2005-12-04 04:51:52,NOTICE,httpd,,,0,workerEnv.init() ok <PATH>,workerEnv.init() ok /etc/httpd/conf/workers2.properties,[Sun Dec 04 04:51:52 2005] [notice] workerEnv.init() ok /etc/httpd/conf/workers2.properties
16,2005-12-04 04:51:52,NOTICE,httpd,,,0,workerEnv.init() ok <PATH>,workerEnv.init() ok /etc/httpd/conf/workers2.properties,[Sun Dec 04 04:51:52 2005] [notice] workerEnv.init() ok /etc/httpd/conf/workers2.properties
17,2005-12-04 04:51:55,ERROR,httpd,,,1,mod_jk child workerEnv in error state <NUM>,mod_jk child workerEnv in error state 6,[Sun Dec 04 04:51:55 2005] [error] mod_jk child workerEnv in error state 6
18,2005-12-04 04:52:04,NOTICE,httpd,,,2,jk2_init() Found child <NUM> in scoreboard slot <NUM>,jk2_init() Found child 6738 in scoreboard slot 6,[Sun Dec 04 04:52:04 2005] [notice] jk2_init() Found child 6738 in scoreboard slot 6
19,2005-12-04 04:52:04,NOTICE,httpd,,,2,jk2_init() Found child <NUM> in scoreboard slot <NUM>,jk2_init() Found child 6741 in scoreboard slot 9,[Sun Dec 04 04:52:04 2005] [notice] jk2_init() Found child 6741 in scoreboard slot 9
20,2005-12-04 04:52:05,NOTICE,httpd,,,2,jk2_init() Found child <NUM> in scoreboard slot <NUM>,jk2_init() Found child 6740 in scoreboard slot 7,[Sun Dec 04 04:52:05 2005] [notice] jk2_init() Found child 6740 in scoreboard slot 7
21,2005-12-04 04:52:05,NOTICE,httpd,,,2,jk2_init() Found child <NUM> in scoreboard slot <NUM>,jk2_init() Found child 6737 in scoreboard slot 8,[Sun Dec 04 04:52:05 2005] [notice] jk2_init() Found child 6737 in scoreboard slot 8
22,2005-12-04 04:52:12,NOTICE,httpd,,,0,workerEnv.init() ok <PATH>,workerEnv.init() ok /etc/httpd/conf/workers2.properties,[Sun Dec 04 04:52:12 2005] [notice] workerEnv.init() ok /etc/httpd/conf/workers2.properties
23,2005-12-04 04:52:12,NOTICE,httpd,,,0,workerEnv.init() ok <PATH>,workerEnv.init() ok /etc/httpd/conf/workers2.properties,[Sun Dec 04 04:52:12 2005] [notice] workerEnv.init() ok /etc/httpd/conf/workers2.properties
24,2005-12-04 04:52:12,NOTICE,httpd,,,0,workerEnv.init() ok <PATH>,workerEnv.init() ok /etc/httpd/conf/workers2.properties,[Sun Dec 04 04:52:12 2005] [notice] workerEnv.init() ok /etc/httpd/conf/workers2.properties
25,2005-12-04 04:52:15,ERROR,httpd,,,1,mod_jk child workerEnv in error state <NUM>,mod_jk child workerEnv in error state 6,[Sun Dec 04 04:52:15 2005] [error] mod_jk child workerEnv in error state 6
26,2005-12-04 04:52:15,ERROR,httpd,,,1,mod_jk child workerEnv in error state <NUM>,mod_jk child workerEnv in error state 7,[Sun Dec 04 04:52:15 2005] [error] mod_jk child workerEnv in error state 7
27,2005-12-04 04:52:15,ERROR,httpd,,,1,mod_jk child workerEnv in error state <NUM>,mod_jk child workerEnv in error state 7,[Sun Dec 04 04:52:15 2005] [error] mod_jk child workerEnv in error state 7
28,2005-12-04 04:52:36,NOTICE,httpd,,,2,jk2_init() Found child <NUM> in scoreboard slot <NUM>,jk2_init() Found child 6748 in scoreboard slot 6,[Sun Dec 04 04:52:36 2005] [notice] jk2_init() Found child 6748 in scoreboard slot 6
29,2005-12-04 04:52:36,NOTICE,httpd,,,2,jk2_init() Found child <NUM> in scoreboard slot <NUM>,jk2_init() Found child 6744 in scoreboard slot 10,[Sun Dec 04 04:52:36 2005] [notice] jk2_init() Found child 6744 in scoreboard slot 10
30,2005-12-04 04:52:36,NOTICE,httpd,,,2,jk2_init() Found child <NUM> in scoreboard slot <NUM>,jk2_init() Found child 6745 in scoreboard slot 8,[Sun Dec 04 04:52:36 2005] [notice] jk2_init() Found child 6745 in scoreboard slot 8
31,2005-12-04 04:52:49,NOTICE,httpd,,,0,workerEnv.init() ok <PATH>,workerEnv.init() ok /etc/httpd/conf/workers2.properties,[Sun Dec 04 04:52:49 2005] [notice] workerEnv.init() ok /etc/httpd/conf/workers2.properties
32,2005-12-04 04:52:49,NOTICE,httpd,,,0,workerEnv.init() ok <PATH>,workerEnv.init() ok /etc/httpd/conf/workers2.properties,[Sun Dec 04 04:52:49 2005] [notice] workerEnv.init() ok /etc/httpd/conf/workers2.properties
33,2005-12-04 04:52:52,ERROR,httpd,,,1,mod_jk child workerEnv in error state <NUM>,mod_jk child workerEnv in error state 7,[Sun Dec 04 04:52:52 2005] [error] mod_jk child workerEnv in error state 7
34,2005-12-04 04:52:52,ERROR,httpd,,,1,mod_jk child workerEnv in error state <NUM>,mod_jk child workerEnv in error state 6,[Sun Dec 04 04:52:52 2005] [error] mod_jk child workerEnv in error state 6
35,2005-12-04 04:53:05,NOTICE,httpd,,,2,jk2_init() Found child <NUM> in scoreboard slot <NUM>,jk2_init() Found child 6750 in scoreboard slot 7,[Sun Dec 04 04:53:05 2005] [notice] jk2_init() Found child 6750 in scoreboard slot 7
36,2005-12-04 04:53:05,NOTICE,httpd,,,2,jk2_init() Found child <NUM> in scoreboard slot <NUM>,jk2_init() Found child 6751 in scoreboard slot 9,[Sun Dec 04 04:53:05 2005] [notice] jk2_init() Found child 6751 in scoreboard slot 9
37,2005-12-04 04:53:05,NOTICE,httpd,,,2,jk2_init() Found child <NUM> in scoreboard slot <NUM>,jk2_init() Found child 6752 in scoreboard slot 10,[Sun Dec 04 04:53:05 2005] [notice] jk2_init() Found child 6752 in scoreboard slot 10
38,2005-12-04 04:53:15,NOTICE,httpd,,,0,workerEnv.init() ok <PATH>,workerEnv.init() ok /etc/httpd/conf/workers2.properties,[Sun Dec 04 04:53:15 2005] [notice] workerEnv.init() ok /etc/httpd/conf/workers2.properties
39,2005-12-04 04:53:15,NOTICE,httpd,,,0,workerEnv.init() ok <PATH>,workerEnv.init() ok /etc/httpd/conf/workers2.properties,[Sun Dec 04 04:53:15 2005] [notice] workerEnv.init() ok /etc/httpd/conf/workers2.properties
40,2005-12-04 04:53:16,ERROR,httpd,,,1,mod_jk child workerEnv in error state <NUM>,mod_jk child workerEnv in error state 7,[Sun Dec 04 04:53:16 2005] [error] mod_jk child workerEnv in error state 7
41,2005-12-04 04:53:16,ERROR,httpd,,,1,mod_jk child workerEnv in error state <NUM>,mod_jk child workerEnv in error state 6,[Sun Dec 04 04:53:16 2005] [error] mod_jk child workerEnv in error state 6
42,2005-12-04 04:53:29,NOTICE,httpd,,,2,jk2_init() Found child <NUM> in scoreboard slot <NUM>,jk2_init() Found child 6754 in scoreboard slot 8,[Sun Dec 04 04:53:29 2005] [notice] jk2_init() Found child 6754 in scoreboard slot 8
43,2005-12-04 04:53:29,NOTICE,httpd,,,2,jk2_init() Found child <NUM> in scoreboard slot <NUM>,jk2_init() Found child 6755 in scoreboard slot 6,[Sun Dec 04 04:53:29 2005] [notice] jk2_init() Found child 6755 in scoreboard slot 6
44,2005-12-04 04:53:40,NOTICE,httpd,,,2,jk2_init() Found child <NUM> in scoreboard slot <NUM>,jk2_init() Found child 6756 in scoreboard slot 7,[Sun Dec 04 04:53:40 2005] [notice] jk2_init() Found child 6756 in scoreboard slot 7
45,2005-12-04 04:53:51,NOTICE,httpd,,,0,workerEnv.init() ok <PATH>,workerEnv.init() ok /etc/httpd/conf/workers2.properties,[Sun Dec 04 04:53:51 2005] [notice] workerEnv.init() ok /etc/httpd/conf/workers2.properties
46,2005-12-04 04:53:54,ERROR,httpd,,,1,mod_jk child workerEnv in error state <NUM>,mod_jk child workerEnv in error state 7,[Sun Dec 04 04:53:54 2005] [error] mod_jk child workerEnv in error state 7
47,2005-12-04 04:54:15,NOTICE,httpd,,,2,jk2_init() Found child <NUM> in scoreboard slot <NUM>,jk2_init() Found child 6763 in scoreboard slot 10,[Sun Dec 04 04:54:15 2005] [notice] jk2_init() Found child 6763 in scoreboard slot 10
48,2005-12-04 04:54:15,NOTICE,httpd,,,2,jk2_init() Found child <NUM> in scoreboard slot <NUM>,jk2_init() Found child 6766 in scoreboard slot 6,[Sun Dec 04 04:54:15 2005] [notice] jk2_init() Found child 6766 in scoreboard slot 6
49,2005-12-04 04:54:15,NOTICE,httpd,,,2,jk2_init() Found child <NUM> in scoreboard slot <NUM>,jk2_init() Found child 6767 in scoreboard slot 7,[Sun Dec 04 04:54:15 2005] [notice] jk2_init() Found child 6767 in scoreboard slot 7
50,2005-12-04 04:54:15,NOTICE,httpd,,,2,jk2_init() Found child <NUM> in scoreboard slot <NUM>,jk2_init() Found child 6765 in scoreboard slot 8,[Sun Dec 04 04:54:15 2005] [notice] jk2_init() Found child 6765 in scoreboard slot 8
51,2005-12-04 04:54:18,NOTICE,httpd,,,0,workerEnv.init() ok <PATH>,workerEnv.init() ok /etc/httpd/conf/workers2.properties,[Sun Dec 04 04:54:18 2005] [notice] workerEnv.init() ok /etc/httpd/conf/workers2.properties
52,2005-12-04 04:54:18,NOTICE,httpd,,,0,workerEnv.init() ok <PATH>,workerEnv.init() ok /etc/httpd/conf/workers2.properties,[Sun Dec 04 04:54:18 2005] [notice] workerEnv.init() ok /etc/httpd/conf/workers2.properties
53,2005-12-04 04:54:18,NOTICE,httpd,,,0,workerEnv.init() ok <PATH>,workerEnv.init() ok /etc/httpd/conf/workers2.properties,[Sun Dec 04 04:54:18 2005] [notice] workerEnv.init() ok /etc/httpd/conf/workers2.properties
54,2005-12-04 04:54:18,NOTICE,httpd,,,0,workerEnv.init() ok <PATH>,workerEnv.init() ok /etc/httpd/conf/workers2.properties,[Sun Dec 04 04:54:18 2005] [notice] workerEnv.init() ok /etc/httpd/conf/workers2.properties
55,2005-12-04 04:54:18,ERROR,httpd,,,1,mod_jk child workerEnv in error state <NUM>,mod_jk child workerEnv in error state 6,[Sun Dec 04 04:54:18 2005] [error] mod_jk child workerEnv in error state 6
56,2005-12-04 04:54:18,ERROR,httpd,,,1,mod_jk child workerEnv in error state <NUM>,mod_jk child workerEnv in error state 6,[Sun Dec 04 04:54:18 2005] [error] mod_jk child workerEnv in error state 6
57,2005-12-04 04:54:18,ERROR,httpd,,,1,mod_jk child workerEnv in error state <NUM>,mod_jk child workerEnv in error state 7,[Sun Dec 04 04:54:18 2005] [error] mod_jk child workerEnv in error state 7
58,2005-12-04 04:54:18,ERROR,httpd,,,1,mod_jk child workerEnv in error state <NUM>,mod_jk child workerEnv in error state 7,[Sun Dec 04 04:54:18 2005] [error] mod_jk child workerEnv in error state 7
59,2005-12-04 04:54:20,NOTICE,httpd,,,2,jk2_init() Found child <NUM> in scoreboard slot <NUM>,jk2_init() Found child 6768 in scoreboard slot 9,[Sun Dec 04 04:54:20 2005] [notice] jk2_init() Found child 6768 in scoreboard slot 9
60,2005-12-04 04:54:20,NOTICE,httpd,,,0,workerEnv.init() ok <PATH>,workerEnv.init() ok /etc/httpd/conf/workers2.properties,[Sun Dec 04 04:54:20 2005] [notice] workerEnv.init() ok /etc/httpd/conf/workers2.properties
61,2005-12-04 04:54:20,ERROR,httpd,,,1,mod_jk child workerEnv in error state <NUM>,mod_jk child workerEnv in error state 6,[Sun Dec 04 04:54:20 2005] [error] mod_jk child workerEnv in error state 6
62,2005-12-04 04:56:52,NOTICE,httpd,,,2,jk2_init() Found child <NUM> in scoreboard slot <NUM>,jk2_init() Found child 8527 in scoreboard slot 10,[Sun Dec 04 04:56:52 2005] [notice] jk2_init() Found child 8527 in scoreboard slot 10
63,2005-12-04 04:56:52,NOTICE,httpd,,,2,jk2_init() Found child <NUM> in scoreboard slot <NUM>,jk2_init() Found child 8533 in scoreboard slot 8,[Sun Dec 04 04:56:52 2005] [notice] jk2_init() Found child 8533 in scoreboard slot 8
64,2005-12-04 04:56:57,NOTICE,httpd,,,0,workerEnv.init() ok <PATH>,workerEnv.init() ok /etc/httpd/conf/workers2.properties,[Sun Dec 04 04:56:57 2005] [notice] workerEnv.init() ok /etc/httpd/conf/workers2.properties
65,2005-12-04 04:56:57,NOTICE,httpd,,,0,workerEnv.init() ok <PATH>,workerEnv.init() ok /etc/httpd/conf/workers2.properties,[Sun Dec 04 04:56:57 2005] [notice] workerEnv.init() ok /etc/httpd/conf/workers2.properties
66,2005-12-04 04:56:59,ERROR,httpd,,,1,mod_jk child workerEnv in error state <NUM>,mod_jk child workerEnv in error state 6,[Sun Dec 04 04:56:59 2005] [error] mod_jk child workerEnv in error state 6
67,2005-12-04 04:57:00,ERROR,httpd,,,1,mod_jk child workerEnv in error state <NUM>,mod_jk child workerEnv in error state 6,[Sun Dec 04 04:57:00 2005] [error] mod_jk child workerEnv in error state 6
68,2005-12-04 04:57:20,NOTICE,httpd,,,2,jk2_init() Found child <NUM> in scoreboard slot <NUM>,jk2_init() Found child 8536 in scoreboard slot 6,[Sun Dec 04 04:57:20 2005] [notice] jk2_init() Found child 8536 in scoreboard slot 6
69,2005-12-04 04:57:20,NOTICE,httpd,,,2,jk2_init() Found child <NUM> in scoreboard slot <NUM>,jk2_init() Found child 8539 in scoreboard slot 7,[Sun Dec 04 04:57:20 2005] [notice] jk2_init() Found child 8539 in scoreboard slot 7
70,2005-12-04 04:57:24,NOTICE,httpd,,,0,workerEnv.init() ok <PATH>,workerEnv.init() ok /etc/httpd/conf/workers2.properties,[Sun Dec 04 04:57:24 2005] [notice] workerEnv.init() ok /etc/httpd/conf/workers2.properties
71,2005-12-04 04:57:24,NOTICE,httpd,,,0,workerEnv.init() ok <PATH>,workerEnv.init() ok /etc/httpd/conf/workers2.properties,[Sun Dec 04 04:57:24 2005] [notice] workerEnv.init() ok /etc/httpd/conf/workers2.properties
72,2005-12-04 04:57:24,ERROR,httpd,,,1,mod_jk child workerEnv in error state <NUM>,mod_jk child workerEnv in error state 6,[Sun Dec 04 04:57:24 2005] [error] mod_jk child workerEnv in error state 6
73,2005-12-04 04:57:24,ERROR,httpd,,,1,mod_jk child workerEnv in error state <NUM>,mod_jk child workerEnv in error state 6,[Sun Dec 04 04:57:24 2005] [error] mod_jk child workerEnv in error state 6
74,2005-12-04 04:57:49,NOTICE,httpd,,,2,jk2_init() Found child <NUM> in scoreboard slot <NUM>,jk2_init() Found child 8541 in scoreboard slot 9,[Sun Dec 04 04:57:49 2005] [notice] jk2_init() Found child 8541 in scoreboard slot 9
75,2005-12-04 04:58:11,NOTICE,httpd,,,0,workerEnv.init() ok <PATH>,workerEnv.init() ok /etc/httpd/conf/workers2.properties,[Sun Dec 04 04:58:11 2005] [notice] workerEnv.init() ok /etc/httpd/conf/workers2.properties
76,2005-12-04 04:58:18,ERROR,httpd,,,1,mod_jk child workerEnv in error state <NUM>,mod_jk child workerEnv in error state 6,[Sun Dec 04 04:58:18 2005] [error] mod_jk child workerEnv in error state 6
77,2005-12-04 04:58:45,NOTICE,httpd,,,2,jk2_init() Found child <NUM> in scoreboard slot <NUM>,jk2_init() Found child 8547 in scoreboard slot 10,[Sun Dec 04 04:58:45 2005] [notice] jk2_init() Found child 8547 in scoreboard slot 10
78,2005-12-04 04:58:57,NOTICE,httpd,,,0,workerEnv.init() ok <PATH>,workerEnv.init() ok /etc/httpd/conf/workers2.properties,[Sun Dec 04 04:58:57 2005] [notice] workerEnv.init() ok /etc/httpd/conf/workers2.properties
79,2005-12-04 04:58:58,ERROR,httpd,,,1,mod_jk child workerEnv in error state <NUM>,mod_jk child workerEnv in error state 6,[Sun Dec 04 04:58:58 2005] [error] mod_jk child workerEnv in error state 6
80,2005-12-04 04:59:28,NOTICE,httpd,,,2,jk2_init() Found child <NUM> in scoreboard slot <NUM>,jk2_init() Found child 8554 in scoreboard slot 6,[Sun Dec 04 04:59:28 2005] [notice] jk2_init() Found child 8554 in scoreboard slot 6
81,2005-12-04 04:59:27,NOTICE,httpd,,,2,jk2_init() Found child <NUM> in scoreboard slot <NUM>,jk2_init() Found child 8553 in scoreboard slot 8,[Sun Dec 04 04:59:27 2005] [notice] jk2_init() Found child 8553 in scoreboard slot 8
82,2005-12-04 04:59:35,NOTICE,httpd,,,0,workerEnv.init() ok <PATH>,workerEnv.init() ok /etc/httpd/conf/workers2.properties,[Sun Dec 04 04:59:35 2005] [notice] workerEnv.init() ok /etc/httpd/conf/workers2.properties
83,2005-12-04 04:59:35,NOTICE,httpd,,,0,workerEnv.init() ok <PATH>,workerEnv.init() ok /etc/httpd/conf/workers2.properties,[Sun Dec 04 04:59:35 2005] [notice] workerEnv.init() ok /etc/httpd/conf/workers2.properties
84,2005-12-04 04:59:38,ERROR,httpd,,,1,mod_jk child workerEnv in error state <NUM>,mod_jk child workerEnv in error state 6,[Sun Dec 04 04:59:38 2005] [error] mod_jk child workerEnv in error state 6
85,2005-12-04 04:59:38,ERROR,httpd,,,1,mod_jk child workerEnv in error state <NUM>,mod_jk child workerEnv in error state 6,[Sun Dec 04 04:59:38 2005] [error] mod_jk child workerEnv in error state 6
86,2005-12-04 05:00:03,NOTICE,httpd,,,2,jk2_init() Found child <NUM> in scoreboard slot <NUM>,jk2_init() Found child 8560 in scoreboard slot 7,[Sun Dec 04 05:00:03 2005] [notice] jk2_init() Found child 8560 in scoreboard slot 7
87,2005-12-04 05:00:09,NOTICE,httpd,,,0,workerEnv.init() ok <PATH>,workerEnv.init() ok /etc/httpd/conf/workers2.properties,[Sun Dec 04 05:00:09 2005] [notice] workerEnv.init() ok /etc/httpd/conf/workers2.properties
88,2005-12-04 05:00:09,ERROR,httpd,,,1,mod_jk child workerEnv in error state <NUM>,mod_jk child workerEnv in error state 6,[Sun Dec 04 05:00:09 2005] [error] mod_jk child workerEnv in error state 6
89,2005-12-04 05:00:13,NOTICE,httpd,,,2,jk2_init() Found child <NUM> in scoreboard slot <NUM>,jk2_init() Found child 8565 in scoreboard slot 9,[Sun Dec 04 05:00:13 2005] [notice] jk2_init() Found child 8565 in scoreboard slot 9
90,2005-12-04 05:00:13,NOTICE,httpd,,,2,jk2_init() Found child <NUM> in scoreboard slot <NUM>,jk2_init() Found child 8573 in scoreboard slot 10,[Sun Dec 04 05:00:13 2005] [notice] jk2_init() Found child 8573 in scoreboard slot 10
91,2005-12-04 05:00:15,NOTICE,httpd,,,0,workerEnv.init() ok <PATH>,workerEnv.init() ok /etc/httpd/conf/workers2.properties,[Sun Dec 04 05:00:15 2005] [notice] workerEnv.init() ok /etc/httpd/conf/workers2.properties
92,2005-12-04 05:00:15,ERROR,httpd,,,1,mod_jk child workerEnv in error state <NUM>,mod_jk child workerEnv in error state 6,[Sun Dec 04 05:00:15 2005] [error] mod_jk child workerEnv in error state 6
93,2005-12-04 05:00:15,NOTICE,httpd,,,0,workerEnv.init() ok <PATH>,workerEnv.init() ok /etc/httpd/conf/workers2.properties,[Sun Dec 04 05:00:15 2005] [notice] workerEnv.init() ok /etc/httpd/conf/workers2.properties
94,2005-12-04 05:00:15,ERROR,httpd,,,1,mod_jk child workerEnv in error state <NUM>,mod_jk child workerEnv in error state 6,[Sun Dec 04 05:00:15 2005] [error] mod_jk child workerEnv in error state 6
95,2005-12-04 05:01:20,NOTICE,httpd,,,2,jk2_init() Found child <NUM> in scoreboard slot <NUM>,jk2_init() Found child 8584 in scoreboard slot 7,[Sun Dec 04 05:01:20 2005] [notice] jk2_init() Found child 8584 in scoreboard slot 7
96,2005-12-04 05:01:20,NOTICE,httpd,,,2,jk2_init() Found child <NUM> in scoreboard slot <NUM>,jk2_init() Found child 8587 in scoreboard slot 9,[Sun Dec 04 05:01:20 2005] [notice] jk2_init() Found child 8587 in scoreboard slot 9
97,2005-12-04 05:02:14,NOTICE,httpd,,,2,jk2_init() Found child <NUM> in scoreboard slot <NUM>,jk2_init() Found child 8603 in scoreboard slot 10,[Sun Dec 04 05:02:14 2005] [notice] jk2_init() Found child 8603 in scoreboard slot 10
98,2005-12-04 05:02:14,NOTICE,httpd,,,2,jk2_init() Found child <NUM> in scoreboard slot <NUM>,jk2_init() Found child 8605 in scoreboard slot 8,[Sun Dec 04 05:02:14 2005] [notice] jk2_init() Found child 8605 in scoreboard slot 8
99,2005-12-04 05:04:03,NOTICE,httpd,,,2,jk2_init() Found child <NUM> in scoreboard slot <NUM>,jk2_init() Found child 8764 in scoreboard slot 10,[Sun Dec 04 05:04:03 2005] [notice] jk2_init() Found child 8764 in scoreboard slot 10
100,2005-12-04 05:04:03,NOTICE,httpd,,,2,jk2_init() Found child <NUM> in scoreboard slot <NUM>,jk2_init() Found child 8765 in scoreboard slot 11,[Sun Dec 04 05:04:03 2005] [notice] jk2_init() Found child 8765 in scoreboard slot 11
101,2005-12-04 05:04:03,NOTICE,httpd,,,2,jk2_init() Found child <NUM> in scoreboard slot <NUM>,jk2_init() Found child 8763 in scoreboard slot 9,[Sun Dec 04 05:04:03 2005] [notice] jk2_init() Found child 8763 in scoreboard slot 9
102,2005-12-04 05:04:03,NOTICE,httpd,,,2,jk2_init() Found child <NUM> in scoreboard slot <NUM>,jk2_init() Found child 8744 in scoreboard slot 8,[Sun Dec 04 05:04:03 2005] [notice] jk2_init() Found child 8744 in scoreboard slot 8
103,2005-12-04 05:04:03,NOTICE,httpd,,,2,jk2_init() Found child <NUM> in scoreboard slot <NUM>,jk2_init() Found child 8743 in scoreboard slot 7,[Sun Dec 04 05:04:03 2005] [notice] jk2_init() Found child 8743 in scoreboard slot 7
104,2005-12-04 05:04:03,NOTICE,httpd,,,2,jk2_init() Found child <NUM> in scoreboard slot <NUM>,jk2_init() Found child 8738 in scoreboard slot 6,[Sun Dec 04 05:04:03 2005] [notice] jk2_init() Found child 8738 in scoreboard slot 6
105,2005-12-04 05:04:03,NOTICE,httpd,,,2,jk2_init() Found child <NUM> in scoreboard slot <NUM>,jk2_init() Found child 8766 in scoreboard slot 12,[Sun Dec 04 05:04:03 2005] [notice] jk2_init() Found child 8766 in scoreboard slot 12
106,2005-12-04 05:04:04,NOTICE,httpd,,,0,workerEnv.init() ok <PATH>,workerEnv.init() ok /etc/httpd/conf/workers2.properties,[Sun Dec 04 05:04:04 2005] [notice] workerEnv.init() ok /etc/httpd/conf/workers2.properties
107,2005-12-04 05:04:04,ERROR,httpd,,,1,mod_jk child workerEnv in error state <NUM>,mod_jk child workerEnv in error state 7,[Sun Dec 04 05:04:04 2005] [error] mod_jk child workerEnv in error state 7
108,2005-12-04 05:04:04,NOTICE,httpd,,,0,workerEnv.init() ok <PATH>,workerEnv.init() ok /etc/httpd/conf/workers2.properties,[Sun Dec 04 05:04:04 2005] [notice] workerEnv.init() ok /etc/httpd/conf/workers2.properties
109,2005-12-04 05:04:04,ERROR,httpd,,,1,mod_jk child workerEnv in error state <NUM>,mod_jk child workerEnv in error state 6,[Sun Dec 04 05:04:04 2005] [error] mod_jk child workerEnv in error state 6
110,2005-12-04 05:04:04,NOTICE,httpd,,,0,workerEnv.init() ok <PATH>,workerEnv.init() ok /etc/httpd/conf/workers2.properties,[Sun Dec 04 05:04:04 2005] [notice] workerEnv.init() ok /etc/httpd/conf/workers2.properties
111,2005-12-04 05:04:04,ERROR,httpd,,,1,mod_jk child workerEnv in error state <NUM>,mod_jk child workerEnv in error state 7,[Sun Dec 04 05:04:04 2005] [error] mod_jk child workerEnv in error state 7
112,2005-12-04 05:04:04,NOTICE,httpd,,,0,workerEnv.init() ok <PATH>,workerEnv.init() ok /etc/httpd/conf/workers2.properties,[Sun Dec 04 05:04:04 2005] [notice] workerEnv.init() ok /etc/httpd/conf/workers2.properties
113,2005-12-04 05:04:04,ERROR,httpd,,,1,mod_jk child workerEnv in error state <NUM>,mod_jk child workerEnv in error state 7,[Sun Dec 04 05:04:04 2005] [error] mod_jk child workerEnv in error state 7
114,2005-12-04 05:04:04,NOTICE,httpd,,,0,workerEnv.init() ok <PATH>,workerEnv.init() ok /etc/httpd/conf/workers2.properties,[Sun Dec 04 05:04:04 2005] [notice] workerEnv.init() ok /etc/httpd/conf/workers2.properties
115,2005-12-04 05:04:04,ERROR,httpd,,,1,mod_jk child workerEnv in error state <NUM>,mod_jk child workerEnv in error state 7,[Sun Dec 04 05:04:04 2005] [error] mod_jk child workerEnv in error state 7
116,2005-12-04 05:04:04,NOTICE,httpd,,,0,workerEnv.init() ok <PATH>,workerEnv.init() ok /etc/httpd/conf/workers2.properties,[Sun Dec 04 05:04:04 2005] [notice] workerEnv.init() ok /etc/httpd/conf/workers2.properties
117,2005-12-04 05:04:04,ERROR,httpd,,,1,mod_jk child workerEnv in error state <NUM>,mod_jk child workerEnv in error state 6,[Sun Dec 04 05:04:04 2005] [error] mod_jk child workerEnv in error state 6
118,2005-12-04 05:04:04,NOTICE,httpd,,,0,workerEnv.init() ok <PATH>,workerEnv.init() ok /etc/httpd/conf/workers2.properties,[Sun Dec 04 05:04:04 2005] [notice] workerEnv.init() ok /etc/httpd/conf/workers2.properties
119,2005-12-04 05:04:04,ERROR,httpd,,,1,mod_jk child workerEnv in error state <NUM>,mod_jk child workerEnv in error state 6,[Sun Dec 04 05:04:04 2005] [error] mod_jk child workerEnv in error state 6
120,2005-12-04 05:11:51,NOTICE,httpd,,,2,jk2_init() Found child <NUM> in scoreboard slot <NUM>,jk2_init() Found child 25792 in scoreboard slot 6,[Sun Dec 04 05:11:51 2005] [notice] jk2_init() Found child 25792 in scoreboard slot 6
121,2005-12-04 05:12:07,NOTICE,httpd,,,0,workerEnv.init() ok <PATH>,workerEnv.init() ok /etc/httpd/conf/workers2.properties,[Sun Dec 04 05:12:07 2005] [notice] workerEnv.init() ok /etc/httpd/conf/workers2.properties
122,2005-12-04 05:12:10,ERROR,httpd,,,1,mod_jk child workerEnv in error state <NUM>,mod_jk child workerEnv in error state 6,[Sun Dec 04 05:12:10 2005] [error] mod_jk child workerEnv in error state 6
123,2005-12-04 05:12:26,NOTICE,httpd,,,2,jk2_init() Found child <NUM> in scoreboard slot <NUM>,jk2_init() Found child 25798 in scoreboard slot 7,[Sun Dec 04 05:12:26 2005] [notice] jk2_init() Found child 25798 in scoreboard slot 7
124,2005-12-04 05:12:26,NOTICE,httpd,,,2,jk2_init() Found child <NUM> in scoreboard slot <NUM>,jk2_init() Found child 25803 in scoreboard slot 8,[Sun Dec 04 05:12:26 2005] [notice] jk2_init() Found child 25803 in scoreboard slot 8
125,2005-12-04 05:12:28,NOTICE,httpd,,,0,workerEnv.init() ok <PATH>,workerEnv.init() ok /etc/httpd/conf/workers2.properties,[Sun Dec 04 05:12:28 2005] [notice] workerEnv.init() ok /etc/httpd/conf/workers2.properties
126,2005-12-04 05:12:28,ERROR,httpd,,,1,mod_jk child workerEnv in error state <NUM>,mod_jk child workerEnv in error state 6,[Sun Dec 04 05:12:28 2005] [error] mod_jk child workerEnv in error state 6
127,2005-12-04 05:12:28,NOTICE,httpd,,,0,workerEnv.init() ok <PATH>,workerEnv.init() ok /etc/httpd/conf/workers2.properties,[Sun Dec 04 05:12:28 2005] [notice] workerEnv.init() ok /etc/httpd/conf/workers2.properties
128,2005-12-04 05:12:28,ERROR,httpd,,,1,mod_jk child workerEnv in error state <NUM>,mod_jk child workerEnv in error state 6,[Sun Dec 04 05:12:28 2005] [error] mod_jk child workerEnv in error state 6
129,2005-12-04 05:12:30,NOTICE,httpd,,,2,jk2_init() Found child <NUM> in scoreboard slot <NUM>,jk2_init() Found child 25805 in scoreboard slot 9,[Sun Dec 04 05:12:30 2005] [notice] jk2_init() Found child 25805 in scoreboard slot 9
130,2005-12-04 05:12:30,NOTICE,httpd,,,0,workerEnv.init() ok <PATH>,workerEnv.init() ok /etc/httpd/conf/workers2.properties,[Sun Dec 04 05:12:30 2005] [notice] workerEnv.init() ok /etc/httpd/conf/workers2.properties
131,2005-12-04 05:12:30,ERROR,httpd,,,1,mod_jk child workerEnv in error state <NUM>,mod_jk child workerEnv in error state 6,[Sun Dec 04 05:12:30 2005] [error] mod_jk child workerEnv in error state 6
132,2005-12-04 05:15:09,ERROR,httpd,,,3,[client <IP>] Directory index forbidden by rule: <PATH>,[client 222.166.160.184] Directory index forbidden by rule: /var/www/html/,[Sun Dec 04 05:15:09 2005] [error] [client 222.166.160.184] Directory index forbidden by rule: /var/www/html/
133,2005-12-04 05:15:13,NOTICE,httpd,,,2,jk2_init() Found child <NUM> in scoreboard slot <NUM>,jk2_init() Found child 1000 in scoreboard slot 10,[Sun Dec 04 05:15:13 2005] [notice] jk2_init() Found child 1000 in scoreboard slot 10
134,2005-12-04 05:15:16,NOTICE,httpd,,,0,workerEnv.init() ok <PATH>,workerEnv.init() ok /etc/httpd/conf/workers2.properties,[Sun Dec 04 05:15:16 2005] [notice] workerEnv.init() ok /etc/httpd/conf/workers2.properties
135,2005-12-04 05:15:16,ERROR,httpd,,,1,mod_jk child workerEnv in error state <NUM>,mod_jk child workerEnv in error state 6,[Sun Dec 04 05:15:16 2005] [error] mod_jk child workerEnv in error state 6
136,2005-12-04 06:01:00,NOTICE,httpd,,,2,jk2_init() Found child <NUM> in scoreboard slot <NUM>,jk2_init() Found child 32347 in scoreboard slot 6,[Sun Dec 04 06:01:00 2005] [notice] jk2_init() Found child 32347 in scoreboard slot 6
137,2005-12-04 06:01:00,NOTICE,httpd,,,2,jk2_init() Found child <NUM> in scoreboard slot <NUM>,jk2_init() Found child 32348 in scoreboard slot 7,[Sun Dec 04 06:01:00 2005] [notice] jk2_init() Found child 32348 in scoreboard slot 7
138,2005-12-04 06:01:21,NOTICE,httpd,,,0,workerEnv.init() ok <PATH>,workerEnv.init() ok /etc/httpd/conf/workers2.properties,[Sun Dec 04 06:01:21 2005] [notice] workerEnv.init() ok /etc/httpd/conf/workers2.properties
139,2005-12-04 06:01:21,NOTICE,httpd,,,0,workerEnv.init() ok <PATH>,workerEnv.init() ok /etc/httpd/conf/workers2.properties,[Sun Dec 04 06:01:21 2005] [notice] workerEnv.init() ok /etc/httpd/conf/workers2.properties
140,2005-12-04 06:01:30,ERROR,httpd,,,1,mod_jk child workerEnv in error state <NUM>,mod_jk child workerEnv in error state 6,[Sun Dec 04 06:01:30 2005] [error] mod_jk child workerEnv in error state 6
141,2005-12-04 06:01:42,NOTICE,httpd,,,2,jk2_init() Found child <NUM> in scoreboard slot <NUM>,jk2_init() Found child 32352 in scoreboard slot 9,[Sun Dec 04 06:01:42 2005] [notice] jk2_init() Found child 32352 in scoreboard slot 9
142,2005-12-04 06:01:42,NOTICE,httpd,,,2,jk2_init() Found child <NUM> in scoreboard slot <NUM>,jk2_init() Found child 32353 in scoreboard slot 10,[Sun Dec 04 06:01:42 2005] [notice] jk2_init() Found child 32353 in scoreboard slot 10
143,2005-12-04 06:01:42,NOTICE,httpd,,,2,jk2_init() Found child <NUM> in scoreboard slot <NUM>,jk2_init() Found child 32354 in scoreboard slot 6,[Sun Dec 04 06:01:42 2005] [notice] jk2_init() Found child 32354 in scoreboard slot 6
144,2005-12-04 06:02:01,NOTICE,httpd,,,0,workerEnv.init() ok <PATH>,workerEnv.init() ok /etc/httpd/conf/workers2.properties,[Sun Dec 04 06:02:01 2005] [notice] workerEnv.init() ok /etc/httpd/conf/workers2.properties
145,2005-12-04 06:02:02,ERROR,httpd,,,1,mod_jk child workerEnv in error state <NUM>,mod_jk child workerEnv in error state 7,[Sun Dec 04 06:02:02 2005] [error] mod_jk child workerEnv in error state 7
146,2005-12-04 06:02:05,NOTICE,httpd,,,2,jk2_init() Found child <NUM> in scoreboard slot <NUM>,jk2_init() Found child 32359 in scoreboard slot 9,[Sun Dec 04 06:02:05 2005] [notice] jk2_init() Found child 32359 in scoreboard slot 9
147,2005-12-04 06:02:05,NOTICE,httpd,,,2,jk2_init() Found child <NUM> in scoreboard slot <NUM>,jk2_init() Found child 32360 in scoreboard slot 11,[Sun Dec 04 06:02:05 2005] [notice] jk2_init() Found child 32360 in scoreboard slot 11
148,2005-12-04 06:02:05,NOTICE,httpd,,,2,jk2_init() Found child <NUM> in scoreboard slot <NUM>,jk2_init() Found child 32358 in scoreboard slot 8,[Sun Dec 04 06:02:05 2005] [notice] jk2_init() Found child 32358 in scoreboard slot 8
149,2005-12-04 06:02:05,NOTICE,httpd,,,2,jk2_init() Found child <NUM> in scoreboard slot <NUM>,jk2_init() Found child 32355 in scoreboard slot 7,[Sun Dec 04 06:02:05 2005] [notice] jk2_init() Found child 32355 in scoreboard slot 7
150,2005-12-04 06:02:07,NOTICE,httpd,,,0,workerEnv.init() ok <PATH>,workerEnv.init() ok /etc/httpd/conf/workers2.properties,[Sun Dec 04 06:02:07 2005] [notice] workerEnv.init() ok /etc/httpd/conf/workers2.properties
151,2005-12-04 06:02:07,ERROR,httpd,,,1,mod_jk child workerEnv in error state <NUM>,mod_jk child workerEnv in error state 7,[Sun Dec 04 06:02:07 2005] [error] mod_jk child workerEnv in error state 7
152,2005-12-04 06:02:07,NOTICE,httpd,,,0,workerEnv.init() ok <PATH>,workerEnv.init() ok /etc/httpd/conf/workers2.properties,[Sun Dec 04 06:02:07 2005] [notice] workerEnv.init() ok /etc/httpd/conf/workers2.properties
153,2005-12-04 06:02:07,ERROR,httpd,,,1,mod_jk child workerEnv in error state <NUM>,mod_jk child workerEnv in error state 6,[Sun Dec 04 06:02:07 2005] [error] mod_jk child workerEnv in error state 6
154,2005-12-04 06:02:07,NOTICE,httpd,,,0,workerEnv.init() ok <PATH>,workerEnv.init() ok /etc/httpd/conf/workers2.properties,[Sun Dec 04 06:02:07 2005] [notice] workerEnv.init() ok /etc/httpd/conf/workers2.properties
155,2005-12-04 06:02:07,ERROR,httpd,,,1,mod_jk child workerEnv in error state <NUM>,mod_jk child workerEnv in error state 6,[Sun Dec 04 06:02:07 2005] [error] mod_jk child workerEnv in error state 6
156,2005-12-04 06:02:07,NOTICE,httpd,,,0,workerEnv.init() ok <PATH>,workerEnv.init() ok /etc/httpd/conf/workers2.properties,[Sun Dec 04 06:02:07 2005] [notice] workerEnv.init() ok /etc/httpd/conf/workers2.properties
157,2005-12-04 06:02:07,ERROR,httpd,,,1,mod_jk child workerEnv in error state <NUM>,mod_jk child workerEnv in error state 6,[Sun Dec 04 06:02:07 2005] [error] mod_jk child workerEnv in error state 6
158,2005-12-04 06:06:00,NOTICE,httpd,,,2,jk2_init() Found child <NUM> in scoreboard slot <NUM>,jk2_init() Found child 32388 in scoreboard slot 8,[Sun Dec 04 06:06:00 2005] [notice] jk2_init() Found child 32388 in scoreboard slot 8
159,2005-12-04 06:06:00,NOTICE,httpd,,,2,jk2_init() Found child <NUM> in scoreboard slot <NUM>,jk2_init() Found child 32387 in scoreboard slot 7,[Sun Dec 04 06:06:00 2005] [notice] jk2_init() Found child 32387 in scoreboard slot 7
160,2005-12-04 06:06:00,NOTICE,httpd,,,2,jk2_init() Found child <NUM> in scoreboard slot <NUM>,jk2_init() Found child 32386 in scoreboard slot 6,[Sun Dec 04 06:06:00 2005] [notice] jk2_init() Found child 32386 in scoreboard slot 6
161,2005-12-04 06:06:10,NOTICE,httpd,,,0,workerEnv.init() ok <PATH>,workerEnv.init() ok /etc/httpd/conf/workers2.properties,[Sun Dec 04 06:06:10 2005] [notice] workerEnv.init() ok /etc/httpd/conf/workers2.properties
162,2005-12-04 06:06:11,NOTICE,httpd,,,0,workerEnv.init() ok <PATH>,workerEnv.init() ok /etc/httpd/conf/workers2.properties,[Sun Dec 04 06:06:11 2005] [notice] workerEnv.init() ok /etc/httpd/conf/workers2.properties
163,2005-12-04 06:06:12,ERROR,httpd,,,1,mod_jk child workerEnv in error state <NUM>,mod_jk child workerEnv in error state 6,[Sun Dec 04 06:06:12 2005] [error] mod_jk child workerEnv in error state 6
164,2005-12-04 06:06:12,ERROR,httpd,,,1,mod_jk child workerEnv in error state <NUM>,mod_jk child workerEnv in error state 6,[Sun Dec 04 06:06:12 2005] [error] mod_jk child workerEnv in error state 6
165,2005-12-04 06:06:20,NOTICE,httpd,,,2,jk2_init() Found child <NUM> in scoreboard slot <NUM>,jk2_init() Found child 32389 in scoreboard slot 9,[Sun Dec 04 06:06:20 2005] [notice] jk2_init() Found child 32389 in scoreboard slot 9
166,2005-12-04 06:06:24,NOTICE,httpd,,,2,jk2_init() Found child <NUM> in scoreboard slot <NUM>,jk2_init() Found child 32391 in scoreboard slot 10,[Sun Dec 04 06:06:24 2005] [notice] jk2_init() Found child 32391 in scoreboard slot 10
167,2005-12-04 06:06:24,NOTICE,httpd,,,2,jk2_init() Found child <NUM> in scoreboard slot <NUM>,jk2_init() Found child 32390 in scoreboard slot 8,[Sun Dec 04 06:06:24 2005] [notice] jk2_init() Found child 32390 in scoreboard slot 8
168,2005-12-04 06:06:24,NOTICE,httpd,,,2,jk2_init() Found child <NUM> in scoreboard slot <NUM>,jk2_init() Found child 32392 in scoreboard slot 6,[Sun Dec 04 06:06:24 2005] [notice] jk2_init() Found child 32392 in scoreboard slot 6
169,2005-12-04 06:06:26,NOTICE,httpd,,,0,workerEnv.init() ok <PATH>,workerEnv.init() ok /etc/httpd/conf/workers2.properties,[Sun Dec 04 06:06:26 2005] [notice] workerEnv.init() ok /etc/httpd/conf/workers2.properties
170,2005-12-04 06:06:26,ERROR,httpd,,,1,mod_jk child workerEnv in error state <NUM>,mod_jk child workerEnv in error state 7,[Sun Dec 04 06:06:26 2005] [error] mod_jk child workerEnv in error state 7
171,2005-12-04 06:06:26,NOTICE,httpd,,,0,workerEnv.init() ok <PATH>,workerEnv.init() ok /etc/httpd/conf/workers2.properties,[Sun Dec 04 06:06:26 2005] [notice] workerEnv.init() ok /etc/httpd/conf/workers2.properties
172,2005-12-04 06:06:26,ERROR,httpd,,,1,mod_jk child workerEnv in error state <NUM>,mod_jk child workerEnv in error state 6,[Sun Dec 04 06:06:26 2005] [error] mod_jk child workerEnv in error state 6
173,2005-12-04 06:06:26,NOTICE,httpd,,,0,workerEnv.init() ok <PATH>,workerEnv.init() ok /etc/httpd/conf/workers2.properties,[Sun Dec 04 06:06:26 2005] [notice] workerEnv.init() ok /etc/httpd/conf/workers2.properties
174,2005-12-04 06:06:26,ERROR,httpd,,,1,mod_jk child workerEnv in error state <NUM>,mod_jk child workerEnv in error state 6,[Sun Dec 04 06:06:26 2005] [error] mod_jk child workerEnv in error state 6
175,2005-12-04 06:06:26,NOTICE,httpd,,,0,workerEnv.init() ok <PATH>,workerEnv.init() ok /etc/httpd/conf/workers2.properties,[Sun Dec 04 06:06:26 2005] [notice] workerEnv.init() ok /etc/httpd/conf/workers2.properties
176,2005-12-04 06:06:26,ERROR,httpd,,,1,mod_jk child workerEnv in error state <NUM>,mod_jk child workerEnv in error state 7,[Sun Dec 04 06:06:26 2005] [error] mod_jk child workerEnv in error state 7
177,2005-12-04 06:11:11,NOTICE,httpd,,,2,jk2_init() Found child <NUM> in scoreboard slot <NUM>,jk2_init() Found child 32410 in scoreboard slot 7,[Sun Dec 04 06:11:11 2005] [notice] jk2_init() Found child 32410 in scoreboard slot 7
178,2005-12-04 06:11:11,NOTICE,httpd,,,2,jk2_init() Found child <NUM> in scoreboard slot <NUM>,jk2_init() Found child 32411 in scoreboard slot 9,[Sun Dec 04 06:11:11 2005] [notice] jk2_init() Found child 32411 in scoreboard slot 9
179,2005-12-04 06:12:31,NOTICE,httpd,,,2,jk2_init() Found child <NUM> in scoreboard slot <NUM>,jk2_init() Found child 32423 in scoreboard slot 9,[Sun Dec 04 06:12:31 2005] [notice] jk2_init() Found child 32423 in scoreboard slot 9
180,2005-12-04 06:12:31,NOTICE,httpd,,,2,jk2_init() Found child <NUM> in scoreboard slot <NUM>,jk2_init() Found child 32422 in scoreboard slot 8,[Sun Dec 04 06:12:31 2005] [notice] jk2_init() Found child 32422 in scoreboard slot 8
181,2005-12-04 06:12:31,NOTICE,httpd,,,2,jk2_init() Found child <NUM> in scoreboard slot <NUM>,jk2_init() Found child 32419 in scoreboard slot 6,[Sun Dec 04 06:12:31 2005] [notice] jk2_init() Found child 32419 in scoreboard slot 6
182,2005-12-04 06:12:31,NOTICE,httpd,,,2,jk2_init() Found child <NUM> in scoreboard slot <NUM>,jk2_init() Found child 32421 in scoreboard slot 11,[Sun Dec 04 06:12:31 2005] [notice] jk2_init() Found child 32421 in scoreboard slot 11
183,2005-12-04 06:12:31,NOTICE,httpd,,,2,jk2_init() Found child <NUM> in scoreboard slot <NUM>,jk2_init() Found child 32420 in scoreboard slot 7,[Sun Dec 04 06:12:31 2005] [notice] jk2_init() Found child 32420 in scoreboard slot 7
184,2005-12-04 06:12:31,NOTICE,httpd,,,2,jk2_init() Found child <NUM> in scoreboard slot <NUM>,jk2_init() Found child 32424 in scoreboard slot 10,[Sun Dec 04 06:12:31 2005] [notice] jk2_init() Found child 32424 in scoreboard slot 10
185,2005-12-04 06:12:37,NOTICE,httpd,,,0,workerEnv.init() ok <PATH>,workerEnv.init() ok /etc/httpd/conf/workers2.properties,[Sun Dec 04 06:12:37 2005] [notice] workerEnv.init() ok /etc/httpd/conf/workers2.properties
186,2005-12-04 06:12:37,NOTICE,httpd,,,0,workerEnv.init() ok <PATH>,workerEnv.init() ok /etc/httpd/conf/workers2.properties,[Sun Dec 04 06:12:37 2005] [notice] workerEnv.init() ok /etc/httpd/conf/workers2.properties
187,2005-12-04 06:12:37,NOTICE,httpd,,,0,workerEnv.init() ok <PATH>,workerEnv.init() ok /etc/httpd/conf/workers2.properties,[Sun Dec 04 06:12:37 2005] [notice] workerEnv.init() ok /etc/httpd/conf/workers2.properties
188,2005-12-04 06:12:37,NOTICE,httpd,,,0,workerEnv.init() ok <PATH>,workerEnv.init() ok /etc/httpd/conf/workers2.properties,[Sun Dec 04 06:12:37 2005] [notice] workerEnv.init() ok /etc/httpd/conf/workers2.properties
189,2005-12-04 06:12:37,NOTICE,httpd,,,0,workerEnv.init() ok <PATH>,workerEnv.init() ok /etc/httpd/conf/workers2.properties,[Sun Dec 04 06:12:37 2005] [notice] workerEnv.init() ok /etc/httpd/conf/workers2.properties
190,2005-12-04 06:12:40,ERROR,httpd,,,1,mod_jk child workerEnv in error state <NUM>,mod_jk child workerEnv in error state 6,[Sun Dec 04 06:12:40 2005] [error] mod_jk child workerEnv in error state 6
191,2005-12-04 06:12:40,ERROR,httpd,,,1,mod_jk child workerEnv in error state <NUM>,mod_jk child workerEnv in error state 6,[Sun Dec 04 06:12:40 2005] [error] mod_jk child workerEnv in error state 6
192,2005-12-04 06:12:40,ERROR,httpd,,,1,mod_jk child workerEnv in error state <NUM>,mod_jk child workerEnv in error state 6,[Sun Dec 04 06:12:40 2005] [error] mod_jk child workerEnv in error state 6
193,2005-12-04 06:12:40,ERROR,httpd,,,1,mod_jk child workerEnv in error state <NUM>,mod_jk child workerEnv in error state 7,[Sun Dec 04 06:12:40 2005] [error] mod_jk child workerEnv in error state 7
194,2005-12-04 06:12:40,ERROR,httpd,,,1,mod_jk child workerEnv in error state <NUM>,mod_jk child workerEnv in error state 7,[Sun Dec 04 06:12:40 2005] [error] mod_jk child workerEnv in error state 7
195,2005-12-04 06:12:59,NOTICE,httpd,,,2,jk2_init() Found child <NUM> in scoreboard slot <NUM>,jk2_init() Found child 32425 in scoreboard slot 6,[Sun Dec 04 06:12:59 2005] [notice] jk2_init() Found child 32425 in scoreboard slot 6
196,2005-12-04 06:13:01,NOTICE,httpd,,,0,workerEnv.init() ok <PATH>,workerEnv.init() ok /etc/httpd/conf/workers2.properties,[Sun Dec 04 06:13:01 2005] [notice] workerEnv.init() ok /etc/httpd/conf/workers2.properties
197,2005-12-04 06:13:01,ERROR,httpd,,,1,mod_jk child workerEnv in error state <NUM>,mod_jk child workerEnv in error state 6,[Sun Dec 04 06:13:01 2005] [error] mod_jk child workerEnv in error state 6
198,2005-12-04 06:16:10,NOTICE,httpd,,,2,jk2_init() Found child <NUM> in scoreboard slot <NUM>,jk2_init() Found child 32432 in scoreboard slot 7,[Sun Dec 04 06:16:10 2005] [notice] jk2_init() Found child 32432 in scoreboard slot 7
199,2005-12-04 06:16:10,NOTICE,httpd,,,2,jk2_init() Found child <NUM> in scoreboard slot <NUM>,jk2_init() Found child 32434 in scoreboard slot 9,[Sun Dec 04 06:16:10 2005] [notice] jk2_init() Found child 32434 in scoreboard slot 9
200,2005-12-04 06:16:10,NOTICE,httpd,,,2,jk2_init() Found child <NUM> in scoreboard slot <NUM>,jk2_init() Found child 32433 in scoreboard slot 8,[Sun Dec 04 06:16:10 2005] [notice] jk2_init() Found child 32433 in scoreboard slot 8
201,2005-12-04 06:16:21,NOTICE,httpd,,,0,workerEnv.init() ok <PATH>,workerEnv.init() ok /etc/httpd/conf/workers2.properties,[Sun Dec 04 06:16:21 2005] [notice] workerEnv.init() ok /etc/httpd/conf/workers2.properties
202,2005-12-04 06:16:21,NOTICE,httpd,,,0,workerEnv.init() ok <PATH>,workerEnv.init() ok /etc/httpd/conf/workers2.properties,[Sun Dec 04 06:16:21 2005] [notice] workerEnv.init() ok /etc/httpd/conf/workers2.properties
203,2005-12-04 06:16:23,ERROR,httpd,,,1,mod_jk child workerEnv in error state <NUM>,mod_jk child workerEnv in error state 6,[Sun Dec 04 06:16:23 2005] [error] mod_jk child workerEnv in error state 6
204,2005-12-04 06:16:23,ERROR,httpd,,,1,mod_jk child workerEnv in error state <NUM>,mod_jk child workerEnv in error state 7,[Sun Dec 04 06:16:23 2005] [error] mod_jk child workerEnv in error state 7
205,2005-12-04 06:16:21,NOTICE,httpd,,,2,jk2_init() Found child <NUM> in scoreboard slot <NUM>,jk2_init() Found child 32435 in scoreboard slot 10,[Sun Dec 04 06:16:21 2005] [notice] jk2_init() Found child 32435 in scoreboard slot 10
206,2005-12-04 06:16:21,NOTICE,httpd,,,0,workerEnv.init() ok <PATH>,workerEnv.init() ok /etc/httpd/conf/workers2.properties,[Sun Dec 04 06:16:21 2005] [notice] workerEnv.init() ok /etc/httpd/conf/workers2.properties
207,2005-12-04 06:16:23,ERROR,httpd,,,1,mod_jk child workerEnv in error state <NUM>,mod_jk child workerEnv in error state 6,[Sun Dec 04 06:16:23 2005] [error] mod_jk child workerEnv in error state 6
208,2005-12-04 06:16:37,NOTICE,httpd,,,0,workerEnv.init() ok <PATH>,workerEnv.init() ok /etc/httpd/conf/workers2.properties,[Sun Dec 04 06:16:37 2005] [notice] workerEnv.init() ok /etc/httpd/conf/workers2.properties
209,2005-12-04 06:16:39,ERROR,httpd,,,1,mod_jk child workerEnv in error state <NUM>,mod_jk child workerEnv in error state 6,[Sun Dec 04 06:16:39 2005] [error] mod_jk child workerEnv in error state 6
210,2005-12-04 06:16:51,NOTICE,httpd,,,2,jk2_init() Found child <NUM> in scoreboard slot <NUM>,jk2_init() Found child 32436 in scoreboard slot 6,[Sun Dec 04 06:16:51 2005] [notice] jk2_init() Found child 32436 in scoreboard slot 6
211,2005-12-04 06:16:51,NOTICE,httpd,,,2,jk2_init() Found child <NUM> in scoreboard slot <NUM>,jk2_init() Found child 32437 in scoreboard slot 7,[Sun Dec 04 06:16:51 2005] [notice] jk2_init() Found child 32437 in scoreboard slot 7
212,2005-12-04 06:17:02,NOTICE,httpd,,,0,workerEnv.init() ok <PATH>,workerEnv.init() ok /etc/httpd/conf/workers2.properties,[Sun Dec 04 06:17:02 2005] [notice] workerEnv.init() ok /etc/httpd/conf/workers2.properties
213,2005-12-04 06:17:02,NOTICE,httpd,,,0,workerEnv.init() ok <PATH>,workerEnv.init() ok /etc/httpd/conf/workers2.properties,[Sun Dec 04 06:17:02 2005] [notice] workerEnv.init() ok /etc/httpd/conf/workers2.properties
214,2005-12-04 06:17:05,ERROR,httpd,,,1,mod_jk child workerEnv in error state <NUM>,mod_jk child workerEnv in error state 6,[Sun Dec 04 06:17:05 2005] [error] mod_jk child workerEnv in error state 6
215,2005-12-04 06:17:06,NOTICE,httpd,,,2,jk2_init() Found child <NUM> in scoreboard slot <NUM>,jk2_init() Found child 32438 in scoreboard slot 8,[Sun Dec 04 06:17:06 2005] [notice] jk2_init() Found child 32438 in scoreboard slot 8
216,2005-12-04 06:17:18,NOTICE,httpd,,,0,workerEnv.init() ok <PATH>,workerEnv.init() ok /etc/httpd/conf/workers2.properties,[Sun Dec 04 06:17:18 2005] [notice] workerEnv.init() ok /etc/httpd/conf/workers2.properties
217,2005-12-04 06:17:24,ERROR,httpd,,,1,mod_jk child workerEnv in error state <NUM>,mod_jk child workerEnv in error state 6,[Sun Dec 04 06:17:24 2005] [error] mod_jk child workerEnv in error state 6
218,2005-12-04 06:17:23,NOTICE,httpd,,,2,jk2_init() Found child <NUM> in scoreboard slot <NUM>,jk2_init() Found child 32440 in scoreboard slot 10,[Sun Dec 04 06:17:23 2005] [notice] jk2_init() Found child 32440 in scoreboard slot 10
219,2005-12-04 06:17:23,NOTICE,httpd,,,2,jk2_init() Found child <NUM> in scoreboard slot <NUM>,jk2_init() Found child 32439 in scoreboard slot 9,[Sun Dec 04 06:17:23 2005] [notice] jk2_init() Found child 32439 in scoreboard slot 9
220,2005-12-04 06:17:23,NOTICE,httpd,,,2,jk2_init() Found child <NUM> in scoreboard slot <NUM>,jk2_init() Found child 32441 in scoreboard slot 6,[Sun Dec 04 06:17:23 2005] [notice] jk2_init() Found child 32441 in scoreboard slot 6
221,2005-12-04 06:17:33,NOTICE,httpd,,,0,workerEnv.init() ok <PATH>,workerEnv.init() ok /etc/httpd/conf/workers2.properties,[Sun Dec 04 06:17:33 2005] [notice] workerEnv.init() ok /etc/httpd/conf/workers2.properties
222,2005-12-04 06:17:33,NOTICE,httpd,,,0,workerEnv.init() ok <PATH>,workerEnv.init() ok /etc/httpd/conf/workers2.properties,[Sun Dec 04 06:17:33 2005] [notice] workerEnv.init() ok /etc/httpd/conf/workers2.properties
223,2005-12-04 06:17:35,ERROR,httpd,,,1,mod_jk child workerEnv in error state <NUM>,mod_jk child workerEnv in error state 6,[Sun Dec 04 06:17:35 2005] [error] mod_jk child workerEnv in error state 6
224,2005-12-04 06:17:35,ERROR,httpd,,,1,mod_jk child workerEnv in error state <NUM>,mod_jk child workerEnv in error state 7,[Sun Dec 04 06:17:35 2005] [error] mod_jk child workerEnv in error state 7
225,2005-12-04 06:17:55,NOTICE,httpd,,,2,jk2_init() Found child <NUM> in scoreboard slot <NUM>,jk2_init() Found child 32442 in scoreboard slot 7,[Sun Dec 04 06:17:55 2005] [notice] jk2_init() Found child 32442 in scoreboard slot 7
226,2005-12-04 06:17:55,NOTICE,httpd,,,2,jk2_init() Found child <NUM> in scoreboard slot <NUM>,jk2_init() Found child 32443 in scoreboard slot 8,[Sun Dec 04 06:17:55 2005] [notice] jk2_init() Found child 32443 in scoreboard slot 8
227,2005-12-04 06:17:55,NOTICE,httpd,,,2,jk2_init() Found child <NUM> in scoreboard slot <NUM>,jk2_init() Found child 32444 in scoreboard slot 9,[Sun Dec 04 06:17:55 2005] [notice] jk2_init() Found child 32444 in scoreboard slot 9
228,2005-12-04 06:18:08,NOTICE,httpd,,,0,workerEnv.init() ok <PATH>,workerEnv.init() ok /etc/httpd/conf/workers2.properties,[Sun Dec 04 06:18:08 2005] [notice] workerEnv.init() ok /etc/httpd/conf/workers2.properties
229,2005-12-04 06:18:08,NOTICE,httpd,,,0,workerEnv.init() ok <PATH>,workerEnv.init() ok /etc/httpd/conf/workers2.properties,[Sun Dec 04 06:18:08 2005] [notice] workerEnv.init() ok /etc/httpd/conf/workers2.properties
230,2005-12-04 06:18:11,ERROR,httpd,,,1,mod_jk child workerEnv in error state <NUM>,mod_jk child workerEnv in error state 7,[Sun Dec 04 06:18:11 2005] [error] mod_jk child workerEnv in error state 7
231,2005-12-04 06:18:11,ERROR,httpd,,,1,mod_jk child workerEnv in error state <NUM>,mod_jk child workerEnv in error state 6,[Sun Dec 04 06:18:11 2005] [error] mod_jk child workerEnv in error state 6
232,2005-12-04 06:18:12,NOTICE,httpd,,,2,jk2_init() Found child <NUM> in scoreboard slot <NUM>,jk2_init() Found child 32445 in scoreboard slot 10,[Sun Dec 04 06:18:12 2005] [notice] jk2_init() Found child 32445 in scoreboard slot 10
233,2005-12-04 06:18:23,NOTICE,httpd,,,0,workerEnv.init() ok <PATH>,workerEnv.init() ok /etc/httpd/conf/workers2.properties,[Sun Dec 04 06:18:23 2005] [notice] workerEnv.init() ok /etc/httpd/conf/workers2.properties
234,2005-12-04 06:18:31,ERROR,httpd,,,1,mod_jk child workerEnv in error state <NUM>,mod_jk child workerEnv in error state 6,[Sun Dec 04 06:18:31 2005] [error] mod_jk child workerEnv in error state 6
235,2005-12-04 06:18:41,NOTICE,httpd,,,2,jk2_init() Found child <NUM> in scoreboard slot <NUM>,jk2_init() Found child 32447 in scoreboard slot 7,[Sun Dec 04 06:18:41 2005] [notice] jk2_init() Found child 32447 in scoreboard slot 7
236,2005-12-04 06:18:39,NOTICE,httpd,,,2,jk2_init() Found child <NUM> in scoreboard slot <NUM>,jk2_init() Found child 32446 in scoreboard slot 6,[Sun Dec 04 06:18:39 2005] [notice] jk2_init() Found child 32446 in scoreboard slot 6
237,2005-12-04 06:18:40,NOTICE,httpd,,,2,jk2_init() Found child <NUM> in scoreboard slot <NUM>,jk2_init() Found child 32448 in scoreboard slot 8,[Sun Dec 04 06:18:40 2005] [notice] jk2_init() Found child 32448 in scoreboard slot 8
238,2005-12-04 06:18:53,NOTICE,httpd,,,0,workerEnv.init() ok <PATH>,workerEnv.init() ok /etc/httpd/conf/workers2.properties,[Sun Dec 04 06:18:53 2005] [notice] workerEnv.init() ok /etc/httpd/conf/workers2.properties
239,2005-12-04 06:18:53,NOTICE,httpd,,,0,workerEnv.init() ok <PATH>,workerEnv.init() ok /etc/httpd/conf/workers2.properties,[Sun Dec 04 06:18:53 2005] [notice] workerEnv.init() ok /etc/httpd/conf/workers2.properties
240,2005-12-04 06:18:55,ERROR,httpd,,,1,mod_jk child workerEnv in error state <NUM>,mod_jk child workerEnv in error state 6,[Sun Dec 04 06:18:55 2005] [error] mod_jk child workerEnv in error state 6
241,2005-12-04 06:18:55,ERROR,httpd,,,1,mod_jk child workerEnv in error state <NUM>,mod_jk child workerEnv in error state 7,[Sun Dec 04 06:18:55 2005] [error] mod_jk child workerEnv in error state 7
242,2005-12-04 06:19:05,NOTICE,httpd,,,2,jk2_init() Found child <NUM> in scoreboard slot <NUM>,jk2_init() Found child 32449 in scoreboard slot 9,[Sun Dec 04 06:19:05 2005] [notice] jk2_init() Found child 32449 in scoreboard slot 9
243,2005-12-04 06:19:15,NOTICE,httpd,,,0,workerEnv.init() ok <PATH>,workerEnv.init() ok /etc/httpd/conf/workers2.properties,[Sun Dec 04 06:19:15 2005] [notice] workerEnv.init() ok /etc/httpd/conf/workers2.properties
244,2005-12-04 06:19:19,NOTICE,httpd,,,2,jk2_init() Found child <NUM> in scoreboard slot <NUM>,jk2_init() Found child 32450 in scoreboard slot 10,[Sun Dec 04 06:19:19 2005] [notice] jk2_init() Found child 32450 in scoreboard slot 10
245,2005-12-04 06:19:18,ERROR,httpd,,,1,mod_jk child workerEnv in error state <NUM>,mod_jk child workerEnv in error state 6,[Sun Dec 04 06:19:18 2005] [error] mod_jk child workerEnv in error state 6
246,2005-12-04 06:19:19,NOTICE,httpd,,,2,jk2_init() Found child <NUM> in scoreboard slot <NUM>,jk2_init() Found child 32452 in scoreboard slot 7,[Sun Dec 04 06:19:19 2005] [notice] jk2_init() Found child 32452 in scoreboard slot 7
247,2005-12-04 06:19:19,NOTICE,httpd,,,2,jk2_init() Found child <NUM> in scoreboard slot <NUM>,jk2_init() Found child 32451 in scoreboard slot 6,[Sun Dec 04 06:19:19 2005] [notice] jk2_init() Found child 32451 in scoreboard slot 6
248,2005-12-04 06:19:31,NOTICE,httpd,,,0,workerEnv.init() ok <PATH>,workerEnv.init() ok /etc/httpd/conf/workers2.properties,[Sun Dec 04 06:19:31 2005] [notice] workerEnv.init() ok /etc/httpd/conf/workers2.properties
249,2005-12-04 06:19:31,NOTICE,httpd,,,0,workerEnv.init() ok <PATH>,workerEnv.init() ok /etc/httpd/conf/workers2.properties,[Sun Dec 04 06:19:31 2005] [notice] workerEnv.init() ok /etc/httpd/conf/workers2.properties
250,2005-12-04 06:19:34,ERROR,httpd,,,1,mod_jk child workerEnv in error state <NUM>,mod_jk child workerEnv in error state 6,[Sun Dec 04 06:19:34 2005] [error] mod_jk child workerEnv in error state 6
251,2005-12-04 06:19:34,ERROR,httpd,,,1,mod_jk child workerEnv in error state <NUM>,mod_jk child workerEnv in error state 7,[Sun Dec 04 06:19:34 2005] [error] mod_jk child workerEnv in error state 7
252,2005-12-04 06:19:56,NOTICE,httpd,,,2,jk2_init() Found child <NUM> in scoreboard slot <NUM>,jk2_init() Found child 32454 in scoreboard slot 7,[Sun Dec 04 06:19:56 2005] [notice] jk2_init() Found child 32454 in scoreboard slot 7
253,2005-12-04 06:19:56,NOTICE,httpd,,,2,jk2_init() Found child <NUM> in scoreboard slot <NUM>,jk2_init() Found child 32453 in scoreboard slot 8,[Sun Dec 04 06:19:56 2005] [notice] jk2_init() Found child 32453 in scoreboard slot 8
254,2005-12-04 06:19:56,NOTICE,httpd,,,2,jk2_init() Found child <NUM> in scoreboard slot <NUM>,jk2_init() Found child 32455 in scoreboard slot 9,[Sun Dec 04 06:19:56 2005] [notice] jk2_init() Found child 32455 in scoreboard slot 9
255,2005-12-04 06:20:30,NOTICE,httpd,,,2,jk2_init() Found child <NUM> in scoreboard slot <NUM>,jk2_init() Found child 32467 in scoreboard slot 9,[Sun Dec 04 06:20:30 2005] [notice] jk2_init() Found child 32467 in scoreboard slot 9
256,2005-12-04 06:20:30,NOTICE,httpd,,,2,jk2_init() Found child <NUM> in scoreboard slot <NUM>,jk2_init() Found child 32464 in scoreboard slot 8,[Sun Dec 04 06:20:30 2005] [notice] jk2_init() Found child 32464 in scoreboard slot 8
257,2005-12-04 06:20:30,NOTICE,httpd,,,2,jk2_init() Found child <NUM> in scoreboard slot <NUM>,jk2_init() Found child 32465 in scoreboard slot 7,[Sun Dec 04 06:20:30 2005] [notice] jk2_init() Found child 32465 in scoreboard slot 7
258,2005-12-04 06:20:30,NOTICE,httpd,,,2,jk2_init() Found child <NUM> in scoreboard slot <NUM>,jk2_init() Found child 32466 in scoreboard slot 11,[Sun Dec 04 06:20:30 2005] [notice] jk2_init() Found child 32466 in scoreboard slot 11
259,2005-12-04 06:20:30,NOTICE,httpd,,,2,jk2_init() Found child <NUM> in scoreboard slot <NUM>,jk2_init() Found child 32457 in scoreboard slot 6,[Sun Dec 04 06:20:30 2005] [notice] jk2_init() Found child 32457 in scoreboard slot 6
260,2005-12-04 06:20:44,NOTICE,httpd,,,0,workerEnv.init() ok <PATH>,workerEnv.init() ok /etc/httpd/conf/workers2.properties,[Sun Dec 04 06:20:44 2005] [notice] workerEnv.init() ok /etc/httpd/conf/workers2.properties
261,2005-12-04 06:20:44,NOTICE,httpd,,,0,workerEnv.init() ok <PATH>,workerEnv.init() ok /etc/httpd/conf/workers2.properties,[Sun Dec 04 06:20:44 2005] [notice] workerEnv.init() ok /etc/httpd/conf/workers2.properties
262,2005-12-04 06:20:44,NOTICE,httpd,,,0,workerEnv.init() ok <PATH>,workerEnv.init() ok /etc/httpd/conf/workers2.properties,[Sun Dec 04 06:20:44 2005] [notice] workerEnv.init() ok /etc/httpd/conf/workers2.properties
263,2005-12-04 06:20:46,ERROR,httpd,,,1,mod_jk child workerEnv in error state <NUM>,mod_jk child workerEnv in error state 6,[Sun Dec 04 06:20:46 2005] [error] mod_jk child workerEnv in error state 6
264,2005-12-04 06:20:46,ERROR,httpd,,,1,mod_jk child workerEnv in error state <NUM>,mod_jk child workerEnv in error state 7,[Sun Dec 04 06:20:46 2005] [error] mod_jk child workerEnv in error state 7
265,2005-12-04 06:20:46,ERROR,httpd,,,1,mod_jk child workerEnv in error state <NUM>,mod_jk child workerEnv in error state 8,[Sun Dec 04 06:20:46 2005] [error] mod_jk child workerEnv in error state 8
266,2005-12-04 06:22:18,NOTICE,httpd,,,2,jk2_init() Found child <NUM> in scoreboard slot <NUM>,jk2_init() Found child 32475 in scoreboard slot 8,[Sun Dec 04 06:22:18 2005] [notice] jk2_init() Found child 32475 in scoreboard slot 8
267,2005-12-04 06:22:48,NOTICE,httpd,,,2,jk2_init() Found child <NUM> in scoreboard slot <NUM>,jk2_init() Found child 32478 in scoreboard slot 11,[Sun Dec 04 06:22:48 2005] [notice] jk2_init() Found child 32478 in scoreboard slot 11
268,2005-12-04 06:22:48,NOTICE,httpd,,,2,jk2_init() Found child <NUM> in scoreboard slot <NUM>,jk2_init() Found child 32477 in scoreboard slot 10,[Sun Dec 04 06:22:48 2005] [notice] jk2_init() Found child 32477 in scoreboard slot 10
269,2005-12-04 06:22:48,NOTICE,httpd,,,2,jk2_init() Found child <NUM> in scoreboard slot <NUM>,jk2_init() Found child 32479 in scoreboard slot 6,[Sun Dec 04 06:22:48 2005] [notice] jk2_init() Found child 32479 in scoreboard slot 6
270,2005-12-04 06:22:48,NOTICE,httpd,,,2,jk2_init() Found child <NUM> in scoreboard slot <NUM>,jk2_init() Found child 32480 in scoreboard slot 8,[Sun Dec 04 06:22:48 2005] [notice] jk2_init() Found child 32480 in scoreboard slot 8
271,2005-12-04 06:22:48,NOTICE,httpd,,,2,jk2_init() Found child <NUM> in scoreboard slot <NUM>,jk2_init() Found child 32476 in scoreboard slot 7,[Sun Dec 04 06:22:48 2005] [notice] jk2_init() Found child 32476 in scoreboard slot 7
272,2005-12-04 06:22:53,NOTICE,httpd,,,0,workerEnv.init() ok <PATH>,workerEnv.init() ok /etc/httpd/conf/workers2.properties,[Sun Dec 04 06:22:53 2005] [notice] workerEnv.init() ok /etc/httpd/conf/workers2.properties
273,2005-12-04 06:22:53,NOTICE,httpd,,,0,workerEnv.init() ok <PATH>,workerEnv.init() ok /etc/httpd/conf/workers2.properties,[Sun Dec 04 06:22:53 2005] [notice] workerEnv.init() ok /etc/httpd/conf/workers2.properties
274,2005-12-04 06:22:53,NOTICE,httpd,,,0,workerEnv.init() ok <PATH>,workerEnv.init() ok /etc/httpd/conf/workers2.properties,[Sun Dec 04 06:22:53 2005] [notice] workerEnv.init() ok /etc/httpd/conf/workers2.properties
275,2005-12-04 06:22:53,NOTICE,httpd,,,0,workerEnv.init() ok <PATH>,workerEnv.init() ok /etc/httpd/conf/workers2.properties,[Sun Dec 04 06:22:53 2005] [notice] workerEnv.init() ok /etc/httpd/conf/workers2.properties
276,2005-12-04 06:22:53,NOTICE,httpd,,,0,workerEnv.init() ok <PATH>,workerEnv.init() ok /etc/httpd/conf/workers2.properties,[Sun Dec 04 06:22:53 2005] [notice] workerEnv.init() ok /etc/httpd/conf/workers2.properties
277,2005-12-04 06:22:55,ERROR,httpd,,,1,mod_jk child workerEnv in error state <NUM>,mod_jk child workerEnv in error state 6,[Sun Dec 04 06:22:55 2005] [error] mod_jk child workerEnv in error state 6
278,2005-12-04 06:22:55,ERROR,httpd,,,1,mod_jk child workerEnv in error state <NUM>,mod_jk child workerEnv in error state 6,[Sun Dec 04 06:22:55 2005] [error] mod_jk child workerEnv in error state 6
279,2005-12-04 06:22:55,ERROR,httpd,,,1,mod_jk child workerEnv in error state <NUM>,mod_jk child workerEnv in error state 6,[Sun Dec 04 06:22:55 2005] [error] mod_jk child workerEnv in error state 6
280,2005-12-04 06:22:55,ERROR,httpd,,,1,mod_jk child workerEnv in error state <NUM>,mod_jk child workerEnv in error state 7,[Sun Dec 04 06:22:55 2005] [error] mod_jk child workerEnv in error state 7
281,2005-12-04 06:22:55,ERROR,httpd,,,1,mod_jk child workerEnv in error state <NUM>,mod_jk child workerEnv in error state 8,[Sun Dec 04 06:22:55 2005] [error] mod_jk child workerEnv in error state 8
282,2005-12-04 06:23:12,NOTICE,httpd,,,2,jk2_init() Found child <NUM> in scoreboard slot <NUM>,jk2_init() Found child 32483 in scoreboard slot 7,[Sun Dec 04 06:23:12 2005] [notice] jk2_init() Found child 32483 in scoreboard slot 7
283,2005-12-04 06:23:15,NOTICE,httpd,,,0,workerEnv.init() ok <PATH>,workerEnv.init() ok /etc/httpd/conf/workers2.properties,[Sun Dec 04 06:23:15 2005] [notice] workerEnv.init() ok /etc/httpd/conf/workers2.properties
284,2005-12-04 06:23:15,ERROR,httpd,,,1,mod_jk child workerEnv in error state <NUM>,mod_jk child workerEnv in error state 6,[Sun Dec 04 06:23:15 2005] [error] mod_jk child workerEnv in error state 6
285,2005-12-04 06:30:41,NOTICE,httpd,,,2,jk2_init() Found child <NUM> in scoreboard slot <NUM>,jk2_init() Found child 32507 in scoreboard slot 9,[Sun Dec 04 06:30:41 2005] [notice] jk2_init() Found child 32507 in scoreboard slot 9
286,2005-12-04 06:30:43,NOTICE,httpd,,,0,workerEnv.init() ok <PATH>,workerEnv.init() ok /etc/httpd/conf/workers2.properties,[Sun Dec 04 06:30:43 2005] [notice] workerEnv.init() ok /etc/httpd/conf/workers2.properties
287,2005-12-04 06:30:43,ERROR,httpd,,,1,mod_jk child workerEnv in error state <NUM>,mod_jk child workerEnv in error state 6,[Sun Dec 04 06:30:43 2005] [error] mod_jk child workerEnv in error state 6
288,2005-12-04 06:36:07,NOTICE,httpd,,,2,jk2_init() Found child <NUM> in scoreboard slot <NUM>,jk2_init() Found child 32529 in scoreboard slot 6,[Sun Dec 04 06:36:07 2005] [notice] jk2_init() Found child 32529 in scoreboard slot 6
289,2005-12-04 06:36:07,NOTICE,httpd,,,2,jk2_init() Found child <NUM> in scoreboard slot <NUM>,jk2_init() Found child 32528 in scoreboard slot 10,[Sun Dec 04 06:36:07 2005] [notice] jk2_init() Found child 32528 in scoreboard slot 10
290,2005-12-04 06:36:10,NOTICE,httpd,,,0,workerEnv.init() ok <PATH>,workerEnv.init() ok /etc/httpd/conf/workers2.properties,[Sun Dec 04 06:36:10 2005] [notice] workerEnv.init() ok /etc/httpd/conf/workers2.properties
291,2005-12-04 06:36:10,ERROR,httpd,,,1,mod_jk child workerEnv in error state <NUM>,mod_jk child workerEnv in error state 6,[Sun Dec 04 06:36:10 2005] [error] mod_jk child workerEnv in error state 6
292,2005-12-04 06:36:10,NOTICE,httpd,,,0,workerEnv.init() ok <PATH>,workerEnv.init() ok /etc/httpd/conf/workers2.properties,[Sun Dec 04 06:36:10 2005] [notice] workerEnv.init() ok /etc/httpd/conf/workers2.properties
293,2005-12-04 06:36:10,ERROR,httpd,,,1,mod_jk child workerEnv in error state <NUM>,mod_jk child workerEnv in error state 6,[Sun Dec 04 06:36:10 2005] [error] mod_jk child workerEnv in error state 6
294,2005-12-04 06:40:54,NOTICE,httpd,,,2,jk2_init() Found child <NUM> in scoreboard slot <NUM>,jk2_init() Found child 32548 in scoreboard slot 9,[Sun Dec 04 06:40:54 2005] [notice] jk2_init() Found child 32548 in scoreboard slot 9
295,2005-12-04 06:40:54,NOTICE,httpd,,,2,jk2_init() Found child <NUM> in scoreboard slot <NUM>,jk2_init() Found child 32546 in scoreboard slot 8,[Sun Dec 04 06:40:54 2005] [notice] jk2_init() Found child 32546 in scoreboard slot 8
296,2005-12-04 06:40:55,NOTICE,httpd,,,2,jk2_init() Found child <NUM> in scoreboard slot <NUM>,jk2_init() Found child 32547 in scoreboard slot 7,[Sun Dec 04 06:40:55 2005] [notice] jk2_init() Found child 32547 in scoreboard slot 7
297,2005-12-04 06:41:04,NOTICE,httpd,,,0,workerEnv.init() ok <PATH>,workerEnv.init() ok /etc/httpd/conf/workers2.properties,[Sun Dec 04 06:41:04 2005] [notice] workerEnv.init() ok /etc/httpd/conf/workers2.properties
298,2005-12-04 06:41:04,NOTICE,httpd,,,0,workerEnv.init() ok <PATH>,workerEnv.init() ok /etc/httpd/conf/workers2.properties,[Sun Dec 04 06:41:04 2005] [notice] workerEnv.init() ok /etc/httpd/conf/workers2.properties
299,2005-12-04 06:41:04,NOTICE,httpd,,,0,workerEnv.init() ok <PATH>,workerEnv.init() ok /etc/httpd/conf/workers2.properties,[Sun Dec 04 06:41:04 2005] [notice] workerEnv.init() ok /etc/httpd/conf/workers2.properties
300,2005-12-04 06:41:07,ERROR,httpd,,,1,mod_jk child workerEnv in error state <NUM>,mod_jk child workerEnv in error state 6,[Sun Dec 04 06:41:07 2005] [error] mod_jk child workerEnv in error state 6
301,2005-12-04 06:41:08,ERROR,httpd,,,1,mod_jk child workerEnv in error state <NUM>,mod_jk child workerEnv in error state 6,[Sun Dec 04 06:41:08 2005] [error] mod_jk child workerEnv in error state 6
302,2005-12-04 06:41:08,ERROR,httpd,,,1,mod_jk child workerEnv in error state <NUM>,mod_jk child workerEnv in error state 6,[Sun Dec 04 06:41:08 2005] [error] mod_jk child workerEnv in error state 6
303,2005-12-04 06:41:29,NOTICE,httpd,,,2,jk2_init() Found child <NUM> in scoreboard slot <NUM>,jk2_init() Found child 32549 in scoreboard slot 10,[Sun Dec 04 06:41:29 2005] [notice] jk2_init() Found child 32549 in scoreboard slot 10
304,2005-12-04 06:41:29,NOTICE,httpd,,,2,jk2_init() Found child <NUM> in scoreboard slot <NUM>,jk2_init() Found child 32550 in scoreboard slot 6,[Sun Dec 04 06:41:29 2005] [notice] jk2_init() Found child 32550 in scoreboard slot 6
305,2005-12-04 06:41:45,NOTICE,httpd,,,0,workerEnv.init() ok <PATH>,workerEnv.init() ok /etc/httpd/conf/workers2.properties,[Sun Dec 04 06:41:45 2005] [notice] workerEnv.init() ok /etc/httpd/conf/workers2.properties
306,2005-12-04 06:41:45,NOTICE,httpd,,,0,workerEnv.init() ok <PATH>,workerEnv.init() ok /etc/httpd/conf/workers2.properties,[Sun Dec 04 06:41:45 2005] [notice] workerEnv.init() ok /etc/httpd/conf/workers2.properties
307,2005-12-04 06:41:46,ERROR,httpd,,,1,mod_jk child workerEnv in error state <NUM>,mod_jk child workerEnv in error state 6,[Sun Dec 04 06:41:46 2005] [error] mod_jk child workerEnv in error state 6
308,2005-12-04 06:41:46,ERROR,httpd,,,1,mod_jk child workerEnv in error state <NUM>,mod_jk child workerEnv in error state 6,[Sun Dec 04 06:41:46 2005] [error] mod_jk child workerEnv in error state 6
309,2005-12-04 06:42:11,NOTICE,httpd,,,2,jk2_init() Found child <NUM> in scoreboard slot <NUM>,jk2_init() Found child 32551 in scoreboard slot 8,[Sun Dec 04 06:42:11 2005] [notice] jk2_init() Found child 32551 in scoreboard slot 8
310,2005-12-04 06:42:11,NOTICE,httpd,,,2,jk2_init() Found child <NUM> in scoreboard slot <NUM>,jk2_init() Found child 32552 in scoreboard slot 7,[Sun Dec 04 06:42:11 2005] [notice] jk2_init() Found child 32552 in scoreboard slot 7
311,2005-12-04 06:42:25,NOTICE,httpd,,,0,workerEnv.init() ok <PATH>,workerEnv.init() ok /etc/httpd/conf/workers2.properties,[Sun Dec 04 06:42:25 2005] [notice] workerEnv.init() ok /etc/httpd/conf/workers2.properties
312,2005-12-04 06:42:23,NOTICE,httpd,,,2,jk2_init() Found child <NUM> in scoreboard slot <NUM>,jk2_init() Found child 32554 in scoreboard slot 10,[Sun Dec 04 06:42:23 2005] [notice] jk2_init() Found child 32554 in scoreboard slot 10
313,2005-12-04 06:42:25,NOTICE,httpd,,,0,workerEnv.init() ok <PATH>,workerEnv.init() ok /etc/httpd/conf/workers2.properties,[Sun Dec 04 06:42:25 2005] [notice] workerEnv.init() ok /etc/httpd/conf/workers2.properties
314,2005-12-04 06:42:23,NOTICE,httpd,,,2,jk2_init() Found child <NUM> in scoreboard slot <NUM>,jk2_init() Found child 32553 in scoreboard slot 9,[Sun Dec 04 06:42:23 2005] [notice] jk2_init() Found child 32553 in scoreboard slot 9
315,2005-12-04 06:42:30,ERROR,httpd,,,1,mod_jk child workerEnv in error state <NUM>,mod_jk child workerEnv in error state 6,[Sun Dec 04 06:42:30 2005] [error] mod_jk child workerEnv in error state 6
316,2005-12-04 06:42:30,ERROR,httpd,,,1,mod_jk child workerEnv in error state <NUM>,mod_jk child workerEnv in error state 6,[Sun Dec 04 06:42:30 2005] [error] mod_jk child workerEnv in error state 6
317,2005-12-04 06:42:53,NOTICE,httpd,,,0,workerEnv.init() ok <PATH>,workerEnv.init() ok /etc/httpd/conf/workers2.properties,[Sun Dec 04 06:42:53 2005] [notice] workerEnv.init() ok /etc/httpd/conf/workers2.properties
318,2005-12-04 06:42:53,NOTICE,httpd,,,0,workerEnv.init() ok <PATH>,workerEnv.init() ok /etc/httpd/conf/workers2.properties,[Sun Dec 04 06:42:53 2005] [notice] workerEnv.init() ok /etc/httpd/conf/workers2.properties
319,2005-12-04 06:42:58,ERROR,httpd,,,1,mod_jk child workerEnv in error state <NUM>,mod_jk child workerEnv in error state 6,[Sun Dec 04 06:42:58 2005] [error] mod_jk child workerEnv in error state 6
320,2005-12-04 06:42:58,ERROR,httpd,,,1,mod_jk child workerEnv in error state <NUM>,mod_jk child workerEnv in error state 6,[Sun Dec 04 06:42:58 2005] [error] mod_jk child workerEnv in error state 6
321,2005-12-04 06:43:20,NOTICE,httpd,,,2,jk2_init() Found child <NUM> in scoreboard slot <NUM>,jk2_init() Found child 32556 in scoreboard slot 8,[Sun Dec 04 06:43:20 2005] [notice] jk2_init() Found child 32556 in scoreboard slot 8
322,2005-12-04 06:43:20,NOTICE,httpd,,,2,jk2_init() Found child <NUM> in scoreboard slot <NUM>,jk2_init() Found child 32555 in scoreboard slot 6,[Sun Dec 04 06:43:20 2005] [notice] jk2_init() Found child 32555 in scoreboard slot 6
323,2005-12-04 06:43:20,NOTICE,httpd,,,2,jk2_init() Found child <NUM> in scoreboard slot <NUM>,jk2_init() Found child 32557 in scoreboard slot 7,[Sun Dec 04 06:43:20 2005] [notice] jk2_init() Found child 32557 in scoreboard slot 7
324,2005-12-04 06:43:34,NOTICE,httpd,,,0,workerEnv.init() ok <PATH>,workerEnv.init() ok /etc/httpd/conf/workers2.properties,[Sun Dec 04 06:43:34 2005] [notice] workerEnv.init() ok /etc/httpd/conf/workers2.properties
325,2005-12-04 06:43:34,NOTICE,httpd,,,0,workerEnv.init() ok <PATH>,workerEnv.init() ok /etc/httpd/conf/workers2.properties,[Sun Dec 04 06:43:34 2005] [notice] workerEnv.init() ok /etc/httpd/conf/workers2.properties
326,2005-12-04 06:43:34,NOTICE,httpd,,,0,workerEnv.init() ok <PATH>,workerEnv.init() ok /etc/httpd/conf/workers2.properties,[Sun Dec 04 06:43:34 2005] [notice] workerEnv.init() ok /etc/httpd/conf/workers2.properties
327,2005-12-04 06:43:40,ERROR,httpd,,,1,mod_jk child workerEnv in error state <NUM>,mod_jk child workerEnv in error state 6,[Sun Dec 04 06:43:40 2005] [error] mod_jk child workerEnv in error state 6
328,2005-12-04 06:43:40,ERROR,httpd,,,1,mod_jk child workerEnv in error state <NUM>,mod_jk child workerEnv in error state 6,[Sun Dec 04 06:43:40 2005] [error] mod_jk child workerEnv in error state 6
329,2005-12-04 06:43:56,NOTICE,httpd,,,2,jk2_init() Found child <NUM> in scoreboard slot <NUM>,jk2_init() Found child 32558 in scoreboard slot 9,[Sun Dec 04 06:43:56 2005] [notice] jk2_init() Found child 32558 in scoreboard slot 9
330,2005-12-04 06:44:18,NOTICE,httpd,,,2,jk2_init() Found child <NUM> in scoreboard slot <NUM>,jk2_init() Found child 32560 in scoreboard slot 6,[Sun Dec 04 06:44:18 2005] [notice] jk2_init() Found child 32560 in scoreboard slot 6
331,2005-12-04 06:44:18,NOTICE,httpd,,,2,jk2_init() Found child <NUM> in scoreboard slot <NUM>,jk2_init() Found child 32561 in scoreboard slot 8,[Sun Dec 04 06:44:18 2005] [notice] jk2_init() Found child 32561 in scoreboard slot 8
332,2005-12-04 06:44:39,NOTICE,httpd,,,2,jk2_init() Found child <NUM> in scoreboard slot <NUM>,jk2_init() Found child 32563 in scoreboard slot 9,[Sun Dec 04 06:44:39 2005] [notice] jk2_init() Found child 32563 in scoreboard slot 9
333,2005-12-04 06:44:39,NOTICE,httpd,,,2,jk2_init() Found child <NUM> in scoreboard slot <NUM>,jk2_init() Found child 32564 in scoreboard slot 10,[Sun Dec 04 06:44:39 2005] [notice] jk2_init() Found child 32564 in scoreboard slot 10
334,2005-12-04 06:44:39,NOTICE,httpd,,,2,jk2_init() Found child <NUM> in scoreboard slot <NUM>,jk2_init() Found child 32565 in scoreboard slot 11,[Sun Dec 04 06:44:39 2005] [notice] jk2_init() Found child 32565 in scoreboard slot 11
335,2005-12-04 06:45:32,NOTICE,httpd,,,2,jk2_init() Found child <NUM> in scoreboard slot <NUM>,jk2_init() Found child 32575 in scoreboard slot 6,[Sun Dec 04 06:45:32 2005] [notice] jk2_init() Found child 32575 in scoreboard slot 6
336,2005-12-04 06:45:32,NOTICE,httpd,,,2,jk2_init() Found child <NUM> in scoreboard slot <NUM>,jk2_init() Found child 32576 in scoreboard slot 7,[Sun Dec 04 06:45:32 2005] [notice] jk2_init() Found child 32576 in scoreboard slot 7
337,2005-12-04 06:45:32,NOTICE,httpd,,,2,jk2_init() Found child <NUM> in scoreboard slot <NUM>,jk2_init() Found child 32569 in scoreboard slot 9,[Sun Dec 04 06:45:32 2005] [notice] jk2_init() Found child 32569 in scoreboard slot 9
338,2005-12-04 06:45:32,NOTICE,httpd,,,2,jk2_init() Found child <NUM> in scoreboard slot <NUM>,jk2_init() Found child 32572 in scoreboard slot 10,[Sun Dec 04 06:45:32 2005] [notice] jk2_init() Found child 32572 in scoreboard slot 10
339,2005-12-04 06:45:32,NOTICE,httpd,,,2,jk2_init() Found child <NUM> in scoreboard slot <NUM>,jk2_init() Found child 32577 in scoreboard slot 11,[Sun Dec 04 06:45:32 2005] [notice] jk2_init() Found child 32577 in scoreboard slot 11
340,2005-12-04 06:45:50,NOTICE,httpd,,,0,workerEnv.init() ok <PATH>,workerEnv.init() ok /etc/httpd/conf/workers2.properties,[Sun Dec 04 06:45:50 2005] [notice] workerEnv.init() ok /etc/httpd/conf/workers2.properties
341,2005-12-04 06:45:50,NOTICE,httpd,,,0,workerEnv.init() ok <PATH>,workerEnv.init() ok /etc/httpd/conf/workers2.properties,[Sun Dec 04 06:45:50 2005] [notice] workerEnv.init() ok /etc/httpd/conf/workers2.properties
342,2005-12-04 06:45:57,ERROR,httpd,,,1,mod_jk child workerEnv in error state <NUM>,mod_jk child workerEnv in error state 7,[Sun Dec 04 06:45:57 2005] [error] mod_jk child workerEnv in error state 7
343,2005-12-04 06:46:13,NOTICE,httpd,,,2,jk2_init() Found child <NUM> in scoreboard slot <NUM>,jk2_init() Found child 32578 in scoreboard slot 8,[Sun Dec 04 06:46:13 2005] [notice] jk2_init() Found child 32578 in scoreboard slot 8
344,2005-12-04 06:46:13,NOTICE,httpd,,,2,jk2_init() Found child <NUM> in scoreboard slot <NUM>,jk2_init() Found child 32580 in scoreboard slot 6,[Sun Dec 04 06:46:13 2005] [notice] jk2_init() Found child 32580 in scoreboard slot 6
345,2005-12-04 06:46:12,NOTICE,httpd,,,2,jk2_init() Found child <NUM> in scoreboard slot <NUM>,jk2_init() Found child 32581 in scoreboard slot 7,[Sun Dec 04 06:46:12 2005] [notice] jk2_init() Found child 32581 in scoreboard slot 7
346,2005-12-04 06:46:13,NOTICE,httpd,,,2,jk2_init() Found child <NUM> in scoreboard slot <NUM>,jk2_init() Found child 32579 in scoreboard slot 9,[Sun Dec 04 06:46:13 2005] [notice] jk2_init() Found child 32579 in scoreboard slot 9
347,2005-12-04 06:46:30,NOTICE,httpd,,,0,workerEnv.init() ok <PATH>,workerEnv.init() ok /etc/httpd/conf/workers2.properties,[Sun Dec 04 06:46:30 2005] [notice] workerEnv.init() ok /etc/httpd/conf/workers2.properties
348,2005-12-04 06:46:30,NOTICE,httpd,,,0,workerEnv.init() ok <PATH>,workerEnv.init() ok /etc/httpd/conf/workers2.properties,[Sun Dec 04 06:46:30 2005] [notice] workerEnv.init() ok /etc/httpd/conf/workers2.properties
349,2005-12-04 06:46:31,ERROR,httpd,,,1,mod_jk child workerEnv in error state <NUM>,mod_jk child workerEnv in error state 8,[Sun Dec 04 06:46:31 2005] [error] mod_jk child workerEnv in error state 8
350,2005-12-04 06:46:31,ERROR,httpd,,,1,mod_jk child workerEnv in error state <NUM>,mod_jk child workerEnv in error state 7,[Sun Dec 04 06:46:31 2005] [error] mod_jk child workerEnv in error state 7
351,2005-12-04 06:46:32,NOTICE,httpd,,,2,jk2_init() Found child <NUM> in scoreboard slot <NUM>,jk2_init() Found child 32582 in scoreboard slot 10,[Sun Dec 04 06:46:32 2005] [notice] jk2_init() Found child 32582 in scoreboard slot 10
352,2005-12-04 06:46:32,NOTICE,httpd,,,2,jk2_init() Found child <NUM> in scoreboard slot <NUM>,jk2_init() Found child 32584 in scoreboard slot 9,[Sun Dec 04 06:46:32 2005] [notice] jk2_init() Found child 32584 in scoreboard slot 9
353,2005-12-04 06:46:32,NOTICE,httpd,,,2,jk2_init() Found child <NUM> in scoreboard slot <NUM>,jk2_init() Found child 32583 in scoreboard slot 8,[Sun Dec 04 06:46:32 2005] [notice] jk2_init() Found child 32583 in scoreboard slot 8
354,2005-12-04 06:46:33,NOTICE,httpd,,,0,workerEnv.init() ok <PATH>,workerEnv.init() ok /etc/httpd/conf/workers2.properties,[Sun Dec 04 06:46:33 2005] [notice] workerEnv.init() ok /etc/httpd/conf/workers2.properties
355,2005-12-04 06:46:33,ERROR,httpd,,,1,mod_jk child workerEnv in error state <NUM>,mod_jk child workerEnv in error state 8,[Sun Dec 04 06:46:33 2005] [error] mod_jk child workerEnv in error state 8
356,2005-12-04 06:46:34,NOTICE,httpd,,,0,workerEnv.init() ok <PATH>,workerEnv.init() ok /etc/httpd/conf/workers2.properties,[Sun Dec 04 06:46:34 2005] [notice] workerEnv.init() ok /etc/httpd/conf/workers2.properties
357,2005-12-04 06:46:34,ERROR,httpd,,,1,mod_jk child workerEnv in error state <NUM>,mod_jk child workerEnv in error state 10,[Sun Dec 04 06:46:34 2005] [error] mod_jk child workerEnv in error state 10
358,2005-12-04 06:46:34,NOTICE,httpd,,,0,workerEnv.init() ok <PATH>,workerEnv.init() ok /etc/httpd/conf/workers2.properties,[Sun Dec 04 06:46:34 2005] [notice] workerEnv.init() ok /etc/httpd/conf/workers2.properties
359,2005-12-04 06:46:34,ERROR,httpd,,,1,mod_jk child workerEnv in error state <NUM>,mod_jk child workerEnv in error state 8,[Sun Dec 04 06:46:34 2005] [error] mod_jk child workerEnv in error state 8
360,2005-12-04 06:47:19,NOTICE,httpd,,,2,jk2_init() Found child <NUM> in scoreboard slot <NUM>,jk2_init() Found child 32585 in scoreboard slot 6,[Sun Dec 04 06:47:19 2005] [notice] jk2_init() Found child 32585 in scoreboard slot 6
361,2005-12-04 06:47:30,NOTICE,httpd,,,2,jk2_init() Found child <NUM> in scoreboard slot <NUM>,jk2_init() Found child 32587 in scoreboard slot 10,[Sun Dec 04 06:47:30 2005] [notice] jk2_init() Found child 32587 in scoreboard slot 10
362,2005-12-04 06:47:30,NOTICE,httpd,,,2,jk2_init() Found child <NUM> in scoreboard slot <NUM>,jk2_init() Found child 32586 in scoreboard slot 7,[Sun Dec 04 06:47:30 2005] [notice] jk2_init() Found child 32586 in scoreboard slot 7
363,2005-12-04 06:47:34,NOTICE,httpd,,,2,jk2_init() Found child <NUM> in scoreboard slot <NUM>,jk2_init() Found child 32588 in scoreboard slot 8,[Sun Dec 04 06:47:34 2005] [notice] jk2_init() Found child 32588 in scoreboard slot 8
364,2005-12-04 06:47:38,NOTICE,httpd,,,0,workerEnv.init() ok <PATH>,workerEnv.init() ok /etc/httpd/conf/workers2.properties,[Sun Dec 04 06:47:38 2005] [notice] workerEnv.init() ok /etc/httpd/conf/workers2.properties
365,2005-12-04 06:47:39,NOTICE,httpd,,,0,workerEnv.init() ok <PATH>,workerEnv.init() ok /etc/httpd/conf/workers2.properties,[Sun Dec 04 06:47:39 2005] [notice] workerEnv.init() ok /etc/httpd/conf/workers2.properties
366,2005-12-04 06:47:39,NOTICE,httpd,,,0,workerEnv.init() ok <PATH>,workerEnv.init() ok /etc/httpd/conf/workers2.properties,[Sun Dec 04 06:47:39 2005] [notice] workerEnv.init() ok /etc/httpd/conf/workers2.properties
367,2005-12-04 06:47:43,ERROR,httpd,,,1,mod_jk child workerEnv in error state <NUM>,mod_jk child workerEnv in error state 6,[Sun Dec 04 06:47:43 2005] [error] mod_jk child workerEnv in error state 6
368,2005-12-04 06:48:09,NOTICE,httpd,,,2,jk2_init() Found child <NUM> in scoreboard slot <NUM>,jk2_init() Found child 32592 in scoreboard slot 10,[Sun Dec 04 06:48:09 2005] [notice] jk2_init() Found child 32592 in scoreboard slot 10
369,2005-12-04 06:48:09,NOTICE,httpd,,,2,jk2_init() Found child <NUM> in scoreboard slot <NUM>,jk2_init() Found child 32591 in scoreboard slot 7,[Sun Dec 04 06:48:09 2005] [notice] jk2_init() Found child 32591 in scoreboard slot 7
370,2005-12-04 06:48:22,NOTICE,httpd,,,2,jk2_init() Found child <NUM> in scoreboard slot <NUM>,jk2_init() Found child 32594 in scoreboard slot 6,[Sun Dec 04 06:48:22 2005] [notice] jk2_init() Found child 32594 in scoreboard slot 6
371,2005-12-04 06:48:22,NOTICE,httpd,,,2,jk2_init() Found child <NUM> in scoreboard slot <NUM>,jk2_init() Found child 32593 in scoreboard slot 8,[Sun Dec 04 06:48:22 2005] [notice] jk2_init() Found child 32593 in scoreboard slot 8
372,2005-12-04 06:48:48,NOTICE,httpd,,,2,jk2_init() Found child <NUM> in scoreboard slot <NUM>,jk2_init() Found child 32597 in scoreboard slot 10,[Sun Dec 04 06:48:48 2005] [notice] jk2_init() Found child 32597 in scoreboard slot 10
373,2005-12-04 06:49:06,NOTICE,httpd,,,2,jk2_init() Found child <NUM> in scoreboard slot <NUM>,jk2_init() Found child 32600 in scoreboard slot 9,[Sun Dec 04 06:49:06 2005] [notice] jk2_init() Found child 32600 in scoreboard slot 9
374,2005-12-04 06:49:06,NOTICE,httpd,,,2,jk2_init() Found child <NUM> in scoreboard slot <NUM>,jk2_init() Found child 32601 in scoreboard slot 7,[Sun Dec 04 06:49:06 2005] [notice] jk2_init() Found child 32601 in scoreboard slot 7
375,2005-12-04 06:49:23,NOTICE,httpd,,,0,workerEnv.init() ok <PATH>,workerEnv.init() ok /etc/httpd/conf/workers2.properties,[Sun Dec 04 06:49:23 2005] [notice] workerEnv.init() ok /etc/httpd/conf/workers2.properties
376,2005-12-04 06:49:24,ERROR,httpd,,,1,mod_jk child workerEnv in error state <NUM>,mod_jk child workerEnv in error state 8,[Sun Dec 04 06:49:24 2005] [error] mod_jk child workerEnv in error state 8
377,2005-12-04 06:49:40,NOTICE,httpd,,,2,jk2_init() Found child <NUM> in scoreboard slot <NUM>,jk2_init() Found child 32605 in scoreboard slot 9,[Sun Dec 04 06:49:40 2005] [notice] jk2_init() Found child 32605 in scoreboard slot 9
378,2005-12-04 06:49:40,NOTICE,httpd,,,2,jk2_init() Found child <NUM> in scoreboard slot <NUM>,jk2_init() Found child 32604 in scoreboard slot 6,[Sun Dec 04 06:49:40 2005] [notice] jk2_init() Found child 32604 in scoreboard slot 6
379,2005-12-04 06:51:13,NOTICE,httpd,,,2,jk2_init() Found child <NUM> in scoreboard slot <NUM>,jk2_init() Found child 32622 in scoreboard slot 7,[Sun Dec 04 06:51:13 2005] [notice] jk2_init() Found child 32622 in scoreboard slot 7
380,2005-12-04 06:51:14,NOTICE,httpd,,,2,jk2_init() Found child <NUM> in scoreboard slot <NUM>,jk2_init() Found child 32623 in scoreboard slot 11,[Sun Dec 04 06:51:14 2005] [notice] jk2_init() Found child 32623 in scoreboard slot 11
381,2005-12-04 06:51:13,NOTICE,httpd,,,2,jk2_init() Found child <NUM> in scoreboard slot <NUM>,jk2_init() Found child 32624 in scoreboard slot 8,[Sun Dec 04 06:51:13 2005] [notice] jk2_init() Found child 32624 in scoreboard slot 8
382,2005-12-04 06:51:13,NOTICE,httpd,,,2,jk2_init() Found child <NUM> in scoreboard slot <NUM>,jk2_init() Found child 32621 in scoreboard slot 9,[Sun Dec 04 06:51:13 2005] [notice] jk2_init() Found child 32621 in scoreboard slot 9
383,2005-12-04 06:51:23,NOTICE,httpd,,,0,workerEnv.init() ok <PATH>,workerEnv.init() ok /etc/httpd/conf/workers2.properties,[Sun Dec 04 06:51:23 2005] [notice] workerEnv.init() ok /etc/httpd/conf/workers2.properties
384,2005-12-04 06:51:23,ERROR,httpd,,,1,mod_jk child workerEnv in error state <NUM>,mod_jk child workerEnv in error state 7,[Sun Dec 04 06:51:23 2005] [error] mod_jk child workerEnv in error state 7
385,2005-12-04 06:51:23,NOTICE,httpd,,,0,workerEnv.init() ok <PATH>,workerEnv.init() ok /etc/httpd/conf/workers2.properties,[Sun Dec 04 06:51:23 2005] [notice] workerEnv.init() ok /etc/httpd/conf/workers2.properties
386,2005-12-04 06:51:23,ERROR,httpd,,,1,mod_jk child workerEnv in error state <NUM>,mod_jk child workerEnv in error state 6,[Sun Dec 04 06:51:23 2005] [error] mod_jk child workerEnv in error state 6
387,2005-12-04 06:51:23,NOTICE,httpd,,,0,workerEnv.init() ok <PATH>,workerEnv.init() ok /etc/httpd/conf/workers2.properties,[Sun Dec 04 06:51:23 2005] [notice] workerEnv.init() ok /etc/httpd/conf/workers2.properties
388,2005-12-04 06:51:23,ERROR,httpd,,,1,mod_jk child workerEnv in error state <NUM>,mod_jk child workerEnv in error state 8,[Sun Dec 04 06:51:23 2005] [error] mod_jk child workerEnv in error state 8
389,2005-12-04 06:51:23,NOTICE,httpd,,,0,workerEnv.init() ok <PATH>,workerEnv.init() ok /etc/httpd/conf/workers2.properties,[Sun Dec 04 06:51:23 2005] [notice] workerEnv.init() ok /etc/httpd/conf/workers2.properties
390,2005-12-04 06:51:23,ERROR,httpd,,,1,mod_jk child workerEnv in error state <NUM>,mod_jk child workerEnv in error state 6,[Sun Dec 04 06:51:23 2005] [error] mod_jk child workerEnv in error state 6
391,2005-12-04 06:51:25,NOTICE,httpd,,,2,jk2_init() Found child <NUM> in scoreboard slot <NUM>,jk2_init() Found child 32626 in scoreboard slot 6,[Sun Dec 04 06:51:25 2005] [notice] jk2_init() Found child 32626 in scoreboard slot 6
392,2005-12-04 06:51:26,NOTICE,httpd,,,0,workerEnv.init() ok <PATH>,workerEnv.init() ok /etc/httpd/conf/workers2.properties,[Sun Dec 04 06:51:26 2005] [notice] workerEnv.init() ok /etc/httpd/conf/workers2.properties
393,2005-12-04 06:51:26,ERROR,httpd,,,1,mod_jk child workerEnv in error state <NUM>,mod_jk child workerEnv in error state 9,[Sun Dec 04 06:51:26 2005] [error] mod_jk child workerEnv in error state 9
394,2005-12-04 06:52:07,NOTICE,httpd,,,2,jk2_init() Found child <NUM> in scoreboard slot <NUM>,jk2_init() Found child 32627 in scoreboard slot 9,[Sun Dec 04 06:52:07 2005] [notice] jk2_init() Found child 32627 in scoreboard slot 9
395,2005-12-04 06:52:08,NOTICE,httpd,,,2,jk2_init() Found child <NUM> in scoreboard slot <NUM>,jk2_init() Found child 32628 in scoreboard slot 7,[Sun Dec 04 06:52:08 2005] [notice] jk2_init() Found child 32628 in scoreboard slot 7
396,2005-12-04 06:52:13,NOTICE,httpd,,,0,workerEnv.init() ok <PATH>,workerEnv.init() ok /etc/httpd/conf/workers2.properties,[Sun Dec 04 06:52:13 2005] [notice] workerEnv.init() ok /etc/httpd/conf/workers2.properties
397,2005-12-04 06:52:14,NOTICE,httpd,,,0,workerEnv.init() ok <PATH>,workerEnv.init() ok /etc/httpd/conf/workers2.properties,[Sun Dec 04 06:52:14 2005] [notice] workerEnv.init() ok /etc/httpd/conf/workers2.properties
398,2005-12-04 06:52:15,ERROR,httpd,,,1,mod_jk child workerEnv in error state <NUM>,mod_jk child workerEnv in error state 6,[Sun Dec 04 06:52:15 2005] [error] mod_jk child workerEnv in error state 6
399,2005-12-04 06:52:15,ERROR,httpd,,,1,mod_jk child workerEnv in error state <NUM>,mod_jk child workerEnv in error state 6,[Sun Dec 04 06:52:15 2005] [error] mod_jk child workerEnv in error state 6
400,2005-12-04 06:52:27,NOTICE,httpd,,,2,jk2_init() Found child <NUM> in scoreboard slot <NUM>,jk2_init() Found child 32630 in scoreboard slot 8,[Sun Dec 04 06:52:27 2005] [notice] jk2_init() Found child 32630 in scoreboard slot 8
401,2005-12-04 06:52:27,NOTICE,httpd,,,2,jk2_init() Found child <NUM> in scoreboard slot <NUM>,jk2_init() Found child 32629 in scoreboard slot 10,[Sun Dec 04 06:52:27 2005] [notice] jk2_init() Found child 32629 in scoreboard slot 10
402,2005-12-04 06:52:39,NOTICE,httpd,,,0,workerEnv.init() ok <PATH>,workerEnv.init() ok /etc/httpd/conf/workers2.properties,[Sun Dec 04 06:52:39 2005] [notice] workerEnv.init() ok /etc/httpd/conf/workers2.properties
403,2005-12-04 06:52:39,NOTICE,httpd,,,0,workerEnv.init() ok <PATH>,workerEnv.init() ok /etc/httpd/conf/workers2.properties,[Sun Dec 04 06:52:39 2005] [notice] workerEnv.init() ok /etc/httpd/conf/workers2.properties
404,2005-12-04 06:52:41,ERROR,httpd,,,1,mod_jk child workerEnv in error state <NUM>,mod_jk child workerEnv in error state 9,[Sun Dec 04 06:52:41 2005] [error] mod_jk child workerEnv in error state 9
405,2005-12-04 06:52:41,ERROR,httpd,,,1,mod_jk child workerEnv in error state <NUM>,mod_jk child workerEnv in error state 6,[Sun Dec 04 06:52:41 2005] [error] mod_jk child workerEnv in error state 6
406,2005-12-04 06:53:04,NOTICE,httpd,,,2,jk2_init() Found child <NUM> in scoreboard slot <NUM>,jk2_init() Found child 32633 in scoreboard slot 9,[Sun Dec 04 06:53:04 2005] [notice] jk2_init() Found child 32633 in scoreboard slot 9
407,2005-12-04 06:53:04,NOTICE,httpd,,,2,jk2_init() Found child <NUM> in scoreboard slot <NUM>,jk2_init() Found child 32634 in scoreboard slot 11,[Sun Dec 04 06:53:04 2005] [notice] jk2_init() Found child 32634 in scoreboard slot 11
408,2005-12-04 06:53:04,NOTICE,httpd,,,2,jk2_init() Found child <NUM> in scoreboard slot <NUM>,jk2_init() Found child 32632 in scoreboard slot 7,[Sun Dec 04 06:53:04 2005] [notice] jk2_init() Found child 32632 in scoreboard slot 7
409,2005-12-04 06:53:23,NOTICE,httpd,,,0,workerEnv.init() ok <PATH>,workerEnv.init() ok /etc/httpd/conf/workers2.properties,[Sun Dec 04 06:53:23 2005] [notice] workerEnv.init() ok /etc/httpd/conf/workers2.properties
410,2005-12-04 06:53:26,ERROR,httpd,,,1,mod_jk child workerEnv in error state <NUM>,mod_jk child workerEnv in error state 6,[Sun Dec 04 06:53:26 2005] [error] mod_jk child workerEnv in error state 6
411,2005-12-04 06:53:38,NOTICE,httpd,,,2,jk2_init() Found child <NUM> in scoreboard slot <NUM>,jk2_init() Found child 32636 in scoreboard slot 6,[Sun Dec 04 06:53:38 2005] [notice] jk2_init() Found child 32636 in scoreboard slot 6
412,2005-12-04 06:53:37,NOTICE,httpd,,,2,jk2_init() Found child <NUM> in scoreboard slot <NUM>,jk2_init() Found child 32637 in scoreboard slot 7,[Sun Dec 04 06:53:37 2005] [notice] jk2_init() Found child 32637 in scoreboard slot 7
413,2005-12-04 06:53:37,NOTICE,httpd,,,2,jk2_init() Found child <NUM> in scoreboard slot <NUM>,jk2_init() Found child 32638 in scoreboard slot 9,[Sun Dec 04 06:53:37 2005] [notice] jk2_init() Found child 32638 in scoreboard slot 9
414,2005-12-04 06:54:04,NOTICE,httpd,,,2,jk2_init() Found child <NUM> in scoreboard slot <NUM>,jk2_init() Found child 32640 in scoreboard slot 8,[Sun Dec 04 06:54:04 2005] [notice] jk2_init() Found child 32640 in scoreboard slot 8
415,2005-12-04 06:54:04,NOTICE,httpd,,,2,jk2_init() Found child <NUM> in scoreboard slot <NUM>,jk2_init() Found child 32641 in scoreboard slot 6,[Sun Dec 04 06:54:04 2005] [notice] jk2_init() Found child 32641 in scoreboard slot 6
416,2005-12-04 06:54:04,NOTICE,httpd,,,2,jk2_init() Found child <NUM> in scoreboard slot <NUM>,jk2_init() Found child 32642 in scoreboard slot 7,[Sun Dec 04 06:54:04 2005] [notice] jk2_init() Found child 32642 in scoreboard slot 7
417,2005-12-04 06:54:35,NOTICE,httpd,,,2,jk2_init() Found child <NUM> in scoreboard slot <NUM>,jk2_init() Found child 32646 in scoreboard slot 6,[Sun Dec 04 06:54:35 2005] [notice] jk2_init() Found child 32646 in scoreboard slot 6
418,2005-12-04 06:55:00,NOTICE,httpd,,,2,jk2_init() Found child <NUM> in scoreboard slot <NUM>,jk2_init() Found child 32648 in scoreboard slot 9,[Sun Dec 04 06:55:00 2005] [notice] jk2_init() Found child 32648 in scoreboard slot 9
419,2005-12-04 06:55:00,NOTICE,httpd,,,2,jk2_init() Found child <NUM> in scoreboard slot <NUM>,jk2_init() Found child 32652 in scoreboard slot 7,[Sun Dec 04 06:55:00 2005] [notice] jk2_init() Found child 32652 in scoreboard slot 7
420,2005-12-04 06:55:00,NOTICE,httpd,,,2,jk2_init() Found child <NUM> in scoreboard slot <NUM>,jk2_init() Found child 32649 in scoreboard slot 10,[Sun Dec 04 06:55:00 2005] [notice] jk2_init() Found child 32649 in scoreboard slot 10
421,2005-12-04 06:55:00,NOTICE,httpd,,,2,jk2_init() Found child <NUM> in scoreboard slot <NUM>,jk2_init() Found child 32651 in scoreboard slot 6,[Sun Dec 04 06:55:00 2005] [notice] jk2_init() Found child 32651 in scoreboard slot 6
422,2005-12-04 06:55:00,NOTICE,httpd,,,2,jk2_init() Found child <NUM> in scoreboard slot <NUM>,jk2_init() Found child 32650 in scoreboard slot 8,[Sun Dec 04 06:55:00 2005] [notice] jk2_init() Found child 32650 in scoreboard slot 8
423,2005-12-04 06:55:19,NOTICE,httpd,,,0,workerEnv.init() ok <PATH>,workerEnv.init() ok /etc/httpd/conf/workers2.properties,[Sun Dec 04 06:55:19 2005] [notice] workerEnv.init() ok /etc/httpd/conf/workers2.properties
424,2005-12-04 06:55:19,NOTICE,httpd,,,0,workerEnv.init() ok <PATH>,workerEnv.init() ok /etc/httpd/conf/workers2.properties,[Sun Dec 04 06:55:19 2005] [notice] workerEnv.init() ok /etc/httpd/conf/workers2.properties
425,2005-12-04 06:55:19,NOTICE,httpd,,,0,workerEnv.init() ok <PATH>,workerEnv.init() ok /etc/httpd/conf/workers2.properties,[Sun Dec 04 06:55:19 2005] [notice] workerEnv.init() ok /etc/httpd/conf/workers2.properties
426,2005-12-04 06:55:23,ERROR,httpd,,,1,mod_jk child workerEnv in error state <NUM>,mod_jk child workerEnv in error state 6,[Sun Dec 04 06:55:23 2005] [error] mod_jk child workerEnv in error state 6
427,2005-12-04 06:55:23,ERROR,httpd,,,1,mod_jk child workerEnv in error state <NUM>,mod_jk child workerEnv in error state 8,[Sun Dec 04 06:55:23 2005] [error] mod_jk child workerEnv in error state 8
428,2005-12-04 06:55:23,ERROR,httpd,,,1,mod_jk child workerEnv in error state <NUM>,mod_jk child workerEnv in error state 9,[Sun Dec 04 06:55:23 2005] [error] mod_jk child workerEnv in error state 9
429,2005-12-04 06:55:55,NOTICE,httpd,,,2,jk2_init() Found child <NUM> in scoreboard slot <NUM>,jk2_init() Found child 32660 in scoreboard slot 6,[Sun Dec 04 06:55:55 2005] [notice] jk2_init() Found child 32660 in scoreboard slot 6
430,2005-12-04 06:55:54,NOTICE,httpd,,,2,jk2_init() Found child <NUM> in scoreboard slot <NUM>,jk2_init() Found child 32658 in scoreboard slot 10,[Sun Dec 04 06:55:54 2005] [notice] jk2_init() Found child 32658 in scoreboard slot 10
431,2005-12-04 06:55:54,NOTICE,httpd,,,2,jk2_init() Found child <NUM> in scoreboard slot <NUM>,jk2_init() Found child 32659 in scoreboard slot 8,[Sun Dec 04 06:55:54 2005] [notice] jk2_init() Found child 32659 in scoreboard slot 8
432,2005-12-04 06:55:54,NOTICE,httpd,,,2,jk2_init() Found child <NUM> in scoreboard slot <NUM>,jk2_init() Found child 32657 in scoreboard slot 9,[Sun Dec 04 06:55:54 2005] [notice] jk2_init() Found child 32657 in scoreboard slot 9
433,2005-12-04 06:56:10,NOTICE,httpd,,,0,workerEnv.init() ok <PATH>,workerEnv.init() ok /etc/httpd/conf/workers2.properties,[Sun Dec 04 06:56:10 2005] [notice] workerEnv.init() ok /etc/httpd/conf/workers2.properties
434,2005-12-04 06:56:17,ERROR,httpd,,,1,mod_jk child workerEnv in error state <NUM>,mod_jk child workerEnv in error state 6,[Sun Dec 04 06:56:17 2005] [error] mod_jk child workerEnv in error state 6
435,2005-12-04 06:56:37,NOTICE,httpd,,,2,jk2_init() Found child <NUM> in scoreboard slot <NUM>,jk2_init() Found child 32663 in scoreboard slot 10,[Sun Dec 04 06:56:37 2005] [notice] jk2_init() Found child 32663 in scoreboard slot 10
436,2005-12-04 06:56:37,NOTICE,httpd,,,2,jk2_init() Found child <NUM> in scoreboard slot <NUM>,jk2_init() Found child 32664 in scoreboard slot 8,[Sun Dec 04 06:56:37 2005] [notice] jk2_init() Found child 32664 in scoreboard slot 8
437,2005-12-04 06:57:19,NOTICE,httpd,,,2,jk2_init() Found child <NUM> in scoreboard slot <NUM>,jk2_init() Found child 32670 in scoreboard slot 6,[Sun Dec 04 06:57:19 2005] [notice] jk2_init() Found child 32670 in scoreboard slot 6
438,2005-12-04 06:57:19,NOTICE,httpd,,,2,jk2_init() Found child <NUM> in scoreboard slot <NUM>,jk2_init() Found child 32667 in scoreboard slot 9,[Sun Dec 04 06:57:19 2005] [notice] jk2_init() Found child 32667 in scoreboard slot 9
439,2005-12-04 06:57:19,NOTICE,httpd,,,2,jk2_init() Found child <NUM> in scoreboard slot <NUM>,jk2_init() Found child 32668 in scoreboard slot 10,[Sun Dec 04 06:57:19 2005] [notice] jk2_init() Found child 32668 in scoreboard slot 10
440,2005-12-04 06:57:19,NOTICE,httpd,,,2,jk2_init() Found child <NUM> in scoreboard slot <NUM>,jk2_init() Found child 32669 in scoreboard slot 8,[Sun Dec 04 06:57:19 2005] [notice] jk2_init() Found child 32669 in scoreboard slot 8
441,2005-12-04 06:57:19,NOTICE,httpd,,,2,jk2_init() Found child <NUM> in scoreboard slot <NUM>,jk2_init() Found child 32671 in scoreboard slot 7,[Sun Dec 04 06:57:19 2005] [notice] jk2_init() Found child 32671 in scoreboard slot 7
442,2005-12-04 06:57:23,NOTICE,httpd,,,0,workerEnv.init() ok <PATH>,workerEnv.init() ok /etc/httpd/conf/workers2.properties,[Sun Dec 04 06:57:23 2005] [notice] workerEnv.init() ok /etc/httpd/conf/workers2.properties
443,2005-12-04 06:57:23,NOTICE,httpd,,,0,workerEnv.init() ok <PATH>,workerEnv.init() ok /etc/httpd/conf/workers2.properties,[Sun Dec 04 06:57:23 2005] [notice] workerEnv.init() ok /etc/httpd/conf/workers2.properties
444,2005-12-04 06:57:23,ERROR,httpd,,,1,mod_jk child workerEnv in error state <NUM>,mod_jk child workerEnv in error state 6,[Sun Dec 04 06:57:23 2005] [error] mod_jk child workerEnv in error state 6
445,2005-12-04 06:57:23,ERROR,httpd,,,1,mod_jk child workerEnv in error state <NUM>,mod_jk child workerEnv in error state 6,[Sun Dec 04 06:57:23 2005] [error] mod_jk child workerEnv in error state 6
446,2005-12-04 06:57:23,NOTICE,httpd,,,0,workerEnv.init() ok <PATH>,workerEnv.init() ok /etc/httpd/conf/workers2.properties,[Sun Dec 04 06:57:23 2005] [notice] workerEnv.init() ok /etc/httpd/conf/workers2.properties
447,2005-12-04 06:57:23,ERROR,httpd,,,1,mod_jk child workerEnv in error state <NUM>,mod_jk child workerEnv in error state 9,[Sun Dec 04 06:57:23 2005] [error] mod_jk child workerEnv in error state 9
448,2005-12-04 06:57:23,NOTICE,httpd,,,0,workerEnv.init() ok <PATH>,workerEnv.init() ok /etc/httpd/conf/workers2.properties,[Sun Dec 04 06:57:23 2005] [notice] workerEnv.init() ok /etc/httpd/conf/workers2.properties
449,2005-12-04 06:57:23,ERROR,httpd,,,1,mod_jk child workerEnv in error state <NUM>,mod_jk child workerEnv in error state 8,[Sun Dec 04 06:57:23 2005] [error] mod_jk child workerEnv in error state 8
450,2005-12-04 06:57:24,NOTICE,httpd,,,0,workerEnv.init() ok <PATH>,workerEnv.init() ok /etc/httpd/conf/workers2.properties,[Sun Dec 04 06:57:24 2005] [notice] workerEnv.init() ok /etc/httpd/conf/workers2.properties
451,2005-12-04 06:57:24,ERROR,httpd,,,1,mod_jk child workerEnv in error state <NUM>,mod_jk child workerEnv in error state 9,[Sun Dec 04 06:57:24 2005] [error] mod_jk child workerEnv in error state 9
452,2005-12-04 06:58:12,NOTICE,httpd,,,2,jk2_init() Found child <NUM> in scoreboard slot <NUM>,jk2_init() Found child 32674 in scoreboard slot 8,[Sun Dec 04 06:58:12 2005] [notice] jk2_init() Found child 32674 in scoreboard slot 8
453,2005-12-04 06:58:13,NOTICE,httpd,,,2,jk2_init() Found child <NUM> in scoreboard slot <NUM>,jk2_init() Found child 32672 in scoreboard slot 9,[Sun Dec 04 06:58:13 2005] [notice] jk2_init() Found child 32672 in scoreboard slot 9
454,2005-12-04 06:58:13,NOTICE,httpd,,,2,jk2_init() Found child <NUM> in scoreboard slot <NUM>,jk2_init() Found child 32673 in scoreboard slot 10,[Sun Dec 04 06:58:13 2005] [notice] jk2_init() Found child 32673 in scoreboard slot 10
455,2005-12-04 06:58:27,NOTICE,httpd,,,2,jk2_init() Found child <NUM> in scoreboard slot <NUM>,jk2_init() Found child 32675 in scoreboard slot 6,[Sun Dec 04 06:58:27 2005] [notice] jk2_init() Found child 32675 in scoreboard slot 6
456,2005-12-04 06:58:28,NOTICE,httpd,,,0,workerEnv.init() ok <PATH>,workerEnv.init() ok /etc/httpd/conf/workers2.properties,[Sun Dec 04 06:58:28 2005] [notice] workerEnv.init() ok /etc/httpd/conf/workers2.properties
457,2005-12-04 06:58:28,NOTICE,httpd,,,0,workerEnv.init() ok <PATH>,workerEnv.init() ok /etc/httpd/conf/workers2.properties,[Sun Dec 04 06:58:28 2005] [notice] workerEnv.init() ok /etc/httpd/conf/workers2.properties
458,2005-12-04 06:58:29,ERROR,httpd,,,1,mod_jk child workerEnv in error state <NUM>,mod_jk child workerEnv in error state 6,[Sun Dec 04 06:58:29 2005] [error] mod_jk child workerEnv in error state 6
459,2005-12-04 06:58:29,ERROR,httpd,,,1,mod_jk child workerEnv in error state <NUM>,mod_jk child workerEnv in error state 6,[Sun Dec 04 06:58:29 2005] [error] mod_jk child workerEnv in error state 6
460,2005-12-04 06:58:51,NOTICE,httpd,,,0,workerEnv.init() ok <PATH>,workerEnv.init() ok /etc/httpd/conf/workers2.properties,[Sun Dec 04 06:58:51 2005] [notice] workerEnv.init() ok /etc/httpd/conf/workers2.properties
461,2005-12-04 06:58:53,ERROR,httpd,,,1,mod_jk child workerEnv in error state <NUM>,mod_jk child workerEnv in error state 6,[Sun Dec 04 06:58:53 2005] [error] mod_jk child workerEnv in error state 6
462,2005-12-04 06:58:54,NOTICE,httpd,,,2,jk2_init() Found child <NUM> in scoreboard slot <NUM>,jk2_init() Found child 32677 in scoreboard slot 7,[Sun Dec 04 06:58:54 2005] [notice] jk2_init() Found child 32677 in scoreboard slot 7
463,2005-12-04 06:58:54,NOTICE,httpd,,,2,jk2_init() Found child <NUM> in scoreboard slot <NUM>,jk2_init() Found child 32676 in scoreboard slot 9,[Sun Dec 04 06:58:54 2005] [notice] jk2_init() Found child 32676 in scoreboard slot 9
464,2005-12-04 06:58:54,NOTICE,httpd,,,2,jk2_init() Found child <NUM> in scoreboard slot <NUM>,jk2_init() Found child 32678 in scoreboard slot 10,[Sun Dec 04 06:58:54 2005] [notice] jk2_init() Found child 32678 in scoreboard slot 10
465,2005-12-04 06:59:28,NOTICE,httpd,,,2,jk2_init() Found child <NUM> in scoreboard slot <NUM>,jk2_init() Found child 32679 in scoreboard slot 8,[Sun Dec 04 06:59:28 2005] [notice] jk2_init() Found child 32679 in scoreboard slot 8
466,2005-12-04 06:59:28,NOTICE,httpd,,,2,jk2_init() Found child <NUM> in scoreboard slot <NUM>,jk2_init() Found child 32680 in scoreboard slot 6,[Sun Dec 04 06:59:28 2005] [notice] jk2_init() Found child 32680 in scoreboard slot 6
467,2005-12-04 06:59:34,NOTICE,httpd,,,2,jk2_init() Found child <NUM> in scoreboard slot <NUM>,jk2_init() Found child 32681 in scoreboard slot 9,[Sun Dec 04 06:59:34 2005] [notice] jk2_init() Found child 32681 in scoreboard slot 9
468,2005-12-04 06:59:34,NOTICE,httpd,,,2,jk2_init() Found child <NUM> in scoreboard slot <NUM>,jk2_init() Found child 32682 in scoreboard slot 7,[Sun Dec 04 06:59:34 2005] [notice] jk2_init() Found child 32682 in scoreboard slot 7
469,2005-12-04 06:59:38,NOTICE,httpd,,,0,workerEnv.init() ok <PATH>,workerEnv.init() ok /etc/httpd/conf/workers2.properties,[Sun Dec 04 06:59:38 2005] [notice] workerEnv.init() ok /etc/httpd/conf/workers2.properties
470,2005-12-04 06:59:40,ERROR,httpd,,,1,mod_jk child workerEnv in error state <NUM>,mod_jk child workerEnv in error state 6,[Sun Dec 04 06:59:40 2005] [error] mod_jk child workerEnv in error state 6
471,2005-12-04 06:59:45,NOTICE,httpd,,,0,workerEnv.init() ok <PATH>,workerEnv.init() ok /etc/httpd/conf/workers2.properties,[Sun Dec 04 06:59:45 2005] [notice] workerEnv.init() ok /etc/httpd/conf/workers2.properties
472,2005-12-04 06:59:45,NOTICE,httpd,,,0,workerEnv.init() ok <PATH>,workerEnv.init() ok /etc/httpd/conf/workers2.properties,[Sun Dec 04 06:59:45 2005] [notice] workerEnv.init() ok /etc/httpd/conf/workers2.properties
473,2005-12-04 06:59:47,ERROR,httpd,,,1,mod_jk child workerEnv in error state <NUM>,mod_jk child workerEnv in error state 8,[Sun Dec 04 06:59:47 2005] [error] mod_jk child workerEnv in error state 8
474,2005-12-04 06:59:47,ERROR,httpd,,,1,mod_jk child workerEnv in error state <NUM>,mod_jk child workerEnv in error state 7,[Sun Dec 04 06:59:47 2005] [error] mod_jk child workerEnv in error state 7
475,2005-12-04 06:59:59,NOTICE,httpd,,,2,jk2_init() Found child <NUM> in scoreboard slot <NUM>,jk2_init() Found child 32683 in scoreboard slot 10,[Sun Dec 04 06:59:59 2005] [notice] jk2_init() Found child 32683 in scoreboard slot 10
476,2005-12-04 07:00:06,NOTICE,httpd,,,2,jk2_init() Found child <NUM> in scoreboard slot <NUM>,jk2_init() Found child 32685 in scoreboard slot 6,[Sun Dec 04 07:00:06 2005] [notice] jk2_init() Found child 32685 in scoreboard slot 6
477,2005-12-04 07:00:32,NOTICE,httpd,,,2,jk2_init() Found child <NUM> in scoreboard slot <NUM>,jk2_init() Found child 32688 in scoreboard slot 11,[Sun Dec 04 07:00:32 2005] [notice] jk2_init() Found child 32688 in scoreboard slot 11
478,2005-12-04 07:00:32,NOTICE,httpd,,,2,jk2_init() Found child <NUM> in scoreboard slot <NUM>,jk2_init() Found child 32695 in scoreboard slot 8,[Sun Dec 04 07:00:32 2005] [notice] jk2_init() Found child 32695 in scoreboard slot 8
479,2005-12-04 07:00:32,NOTICE,httpd,,,2,jk2_init() Found child <NUM> in scoreboard slot <NUM>,jk2_init() Found child 32696 in scoreboard slot 6,[Sun Dec 04 07:00:32 2005] [notice] jk2_init() Found child 32696 in scoreboard slot 6
480,2005-12-04 07:01:25,NOTICE,httpd,,,2,jk2_init() Found child <NUM> in scoreboard slot <NUM>,jk2_init() Found child 32701 in scoreboard slot 10,[Sun Dec 04 07:01:25 2005] [notice] jk2_init() Found child 32701 in scoreboard slot 10
481,2005-12-04 07:01:26,NOTICE,httpd,,,2,jk2_init() Found child <NUM> in scoreboard slot <NUM>,jk2_init() Found child 32702 in scoreboard slot 11,[Sun Dec 04 07:01:26 2005] [notice] jk2_init() Found child 32702 in scoreboard slot 11
482,2005-12-04 07:01:55,NOTICE,httpd,,,2,jk2_init() Found child <NUM> in scoreboard slot <NUM>,jk2_init() Found child 32711 in scoreboard slot 10,[Sun Dec 04 07:01:55 2005] [notice] jk2_init() Found child 32711 in scoreboard slot 10
483,2005-12-04 07:01:55,NOTICE,httpd,,,2,jk2_init() Found child <NUM> in scoreboard slot <NUM>,jk2_init() Found child 32708 in scoreboard slot 7,[Sun Dec 04 07:01:55 2005] [notice] jk2_init() Found child 32708 in scoreboard slot 7
484,2005-12-04 07:01:55,NOTICE,httpd,,,2,jk2_init() Found child <NUM> in scoreboard slot <NUM>,jk2_init() Found child 32710 in scoreboard slot 9,[Sun Dec 04 07:01:55 2005] [notice] jk2_init() Found child 32710 in scoreboard slot 9
485,2005-12-04 07:01:55,NOTICE,httpd,,,2,jk2_init() Found child <NUM> in scoreboard slot <NUM>,jk2_init() Found child 32709 in scoreboard slot 8,[Sun Dec 04 07:01:55 2005] [notice] jk2_init() Found child 32709 in scoreboard slot 8
486,2005-12-04 07:01:57,NOTICE,httpd,,,2,jk2_init() Found child <NUM> in scoreboard slot <NUM>,jk2_init() Found child 32712 in scoreboard slot 6,[Sun Dec 04 07:01:57 2005] [notice] jk2_init() Found child 32712 in scoreboard slot 6
487,2005-12-04 07:02:01,NOTICE,httpd,,,0,workerEnv.init() ok <PATH>,workerEnv.init() ok /etc/httpd/conf/workers2.properties,[Sun Dec 04 07:02:01 2005] [notice] workerEnv.init() ok /etc/httpd/conf/workers2.properties
488,2005-12-04 07:02:01,NOTICE,httpd,,,0,workerEnv.init() ok <PATH>,workerEnv.init() ok /etc/httpd/conf/workers2.properties,[Sun Dec 04 07:02:01 2005] [notice] workerEnv.init() ok /etc/httpd/conf/workers2.properties
489,2005-12-04 07:02:01,NOTICE,httpd,,,0,workerEnv.init() ok <PATH>,workerEnv.init() ok /etc/httpd/conf/workers2.properties,[Sun Dec 04 07:02:01 2005] [notice] workerEnv.init() ok /etc/httpd/conf/workers2.properties
490,2005-12-04 07:02:01,NOTICE,httpd,,,0,workerEnv.init() ok <PATH>,workerEnv.init() ok /etc/httpd/conf/workers2.properties,[Sun Dec 04 07:02:01 2005] [notice] workerEnv.init() ok /etc/httpd/conf/workers2.properties
491,2005-12-04 07:02:01,NOTICE,httpd,,,0,workerEnv.init() ok <PATH>,workerEnv.init() ok /etc/httpd/conf/workers2.properties,[Sun Dec 04 07:02:01 2005] [notice] workerEnv.init() ok /etc/httpd/conf/workers2.properties
492,2005-12-04 07:02:03,ERROR,httpd,,,1,mod_jk child workerEnv in error state <NUM>,mod_jk child workerEnv in error state 9,[Sun Dec 04 07:02:03 2005] [error] mod_jk child workerEnv in error state 9
493,2005-12-04 07:02:03,ERROR,httpd,,,1,mod_jk child workerEnv in error state <NUM>,mod_jk child workerEnv in error state 8,[Sun Dec 04 07:02:03 2005] [error] mod_jk child workerEnv in error state 8
494,2005-12-04 07:02:03,ERROR,httpd,,,1,mod_jk child workerEnv in error state <NUM>,mod_jk child workerEnv in error state 8,[Sun Dec 04 07:02:03 2005] [error] mod_jk child workerEnv in error state 8
495,2005-12-04 07:02:03,ERROR,httpd,,,1,mod_jk child workerEnv in error state <NUM>,mod_jk child workerEnv in error state 6,[Sun Dec 04 07:02:03 2005] [error] mod_jk child workerEnv in error state 6
496,2005-12-04 07:02:03,ERROR,httpd,,,1,mod_jk child workerEnv in error state <NUM>,mod_jk child workerEnv in error state 6,[Sun Dec 04 07:02:03 2005] [error] mod_jk child workerEnv in error state 6
497,2005-12-04 07:02:52,NOTICE,httpd,,,2,jk2_init() Found child <NUM> in scoreboard slot <NUM>,jk2_init() Found child 32713 in scoreboard slot 7,[Sun Dec 04 07:02:52 2005] [notice] jk2_init() Found child 32713 in scoreboard slot 7
498,2005-12-04 07:03:23,NOTICE,httpd,,,2,jk2_init() Found child <NUM> in scoreboard slot <NUM>,jk2_init() Found child 32717 in scoreboard slot 10,[Sun Dec 04 07:03:23 2005] [notice] jk2_init() Found child 32717 in scoreboard slot 10
499,2005-12-04 07:03:48,NOTICE,httpd,,,2,jk2_init() Found child <NUM> in scoreboard slot <NUM>,jk2_init() Found child 32720 in scoreboard slot 8,[Sun Dec 04 07:03:48 2005] [notice] jk2_init() Found child 32720 in scoreboard slot 8
500,2005-12-04 07:04:27,NOTICE,httpd,,,2,jk2_init() Found child <NUM> in scoreboard slot <NUM>,jk2_init() Found child 32726 in scoreboard slot 8,[Sun Dec 04 07:04:27 2005] [notice] jk2_init() Found child 32726 in scoreboard slot 8
501,2005-12-04 07:04:55,NOTICE,httpd,,,2,jk2_init() Found child <NUM> in scoreboard slot <NUM>,jk2_init() Found child 32730 in scoreboard slot 7,[Sun Dec 04 07:04:55 2005] [notice] jk2_init() Found child 32730 in scoreboard slot 7
502,2005-12-04 07:04:55,NOTICE,httpd,,,2,jk2_init() Found child <NUM> in scoreboard slot <NUM>,jk2_init() Found child 32729 in scoreboard slot 6,[Sun Dec 04 07:04:55 2005] [notice] jk2_init() Found child 32729 in scoreboard slot 6
503,2005-12-04 07:04:55,NOTICE,httpd,,,2,jk2_init() Found child <NUM> in scoreboard slot <NUM>,jk2_init() Found child 32731 in scoreboard slot 8,[Sun Dec 04 07:04:55 2005] [notice] jk2_init() Found child 32731 in scoreboard slot 8
504,2005-12-04 07:05:44,NOTICE,httpd,,,2,jk2_init() Found child <NUM> in scoreboard slot <NUM>,jk2_init() Found child 32739 in scoreboard slot 7,[Sun Dec 04 07:05:44 2005] [notice] jk2_init() Found child 32739 in scoreboard slot 7
505,2005-12-04 07:05:44,NOTICE,httpd,,,2,jk2_init() Found child <NUM> in scoreboard slot <NUM>,jk2_init() Found child 32740 in scoreboard slot 8,[Sun Dec 04 07:05:44 2005] [notice] jk2_init() Found child 32740 in scoreboard slot 8
506,2005-12-04 07:06:11,NOTICE,httpd,,,2,jk2_init() Found child <NUM> in scoreboard slot <NUM>,jk2_init() Found child 32742 in scoreboard slot 10,[Sun Dec 04 07:06:11 2005] [notice] jk2_init() Found child 32742 in scoreboard slot 10
507,2005-12-04 07:07:23,NOTICE,httpd,,,2,jk2_init() Found child <NUM> in scoreboard slot <NUM>,jk2_init() Found child 32758 in scoreboard slot 7,[Sun Dec 04 07:07:23 2005] [notice] jk2_init() Found child 32758 in scoreboard slot 7
508,2005-12-04 07:07:23,NOTICE,httpd,,,2,jk2_init() Found child <NUM> in scoreboard slot <NUM>,jk2_init() Found child 32755 in scoreboard slot 8,[Sun Dec 04 07:07:23 2005] [notice] jk2_init() Found child 32755 in scoreboard slot 8
509,2005-12-04 07:07:23,NOTICE,httpd,,,2,jk2_init() Found child <NUM> in scoreboard slot <NUM>,jk2_init() Found child 32754 in scoreboard slot 11,[Sun Dec 04 07:07:23 2005] [notice] jk2_init() Found child 32754 in scoreboard slot 11
510,2005-12-04 07:07:30,NOTICE,httpd,,,0,workerEnv.init() ok <PATH>,workerEnv.init() ok /etc/httpd/conf/workers2.properties,[Sun Dec 04 07:07:30 2005] [notice] workerEnv.init() ok /etc/httpd/conf/workers2.properties
511,2005-12-04 07:07:30,NOTICE,httpd,,,0,workerEnv.init() ok <PATH>,workerEnv.init() ok /etc/httpd/conf/workers2.properties,[Sun Dec 04 07:07:30 2005] [notice] workerEnv.init() ok /etc/httpd/conf/workers2.properties
512,2005-12-04 07:07:30,NOTICE,httpd,,,0,workerEnv.init() ok <PATH>,workerEnv.init() ok /etc/httpd/conf/workers2.properties,[Sun Dec 04 07:07:30 2005] [notice] workerEnv.init() ok /etc/httpd/conf/workers2.properties
513,2005-12-04 07:07:30,ERROR,httpd,,,1,mod_jk child workerEnv in error state <NUM>,mod_jk child workerEnv in error state 9,[Sun Dec 04 07:07:30 2005] [error] mod_jk child workerEnv in error state 9
514,2005-12-04 07:07:30,ERROR,httpd,,,1,mod_jk child workerEnv in error state <NUM>,mod_jk child workerEnv in error state 10,[Sun Dec 04 07:07:30 2005] [error] mod_jk child workerEnv in error state 10
515,2005-12-04 07:07:30,ERROR,httpd,,,1,mod_jk child workerEnv in error state <NUM>,mod_jk child workerEnv in error state 8,[Sun Dec 04 07:07:30 2005] [error] mod_jk child workerEnv in error state 8
516,2005-12-04 07:08:02,NOTICE,httpd,,,2,jk2_init() Found child <NUM> in scoreboard slot <NUM>,jk2_init() Found child 32761 in scoreboard slot 6,[Sun Dec 04 07:08:02 2005] [notice] jk2_init() Found child 32761 in scoreboard slot 6
517,2005-12-04 07:08:02,NOTICE,httpd,,,2,jk2_init() Found child <NUM> in scoreboard slot <NUM>,jk2_init() Found child 32762 in scoreboard slot 9,[Sun Dec 04 07:08:02 2005] [notice] jk2_init() Found child 32762 in scoreboard slot 9
518,2005-12-04 07:08:02,NOTICE,httpd,,,2,jk2_init() Found child <NUM> in scoreboard slot <NUM>,jk2_init() Found child 32763 in scoreboard slot 10,[Sun Dec 04 07:08:02 2005] [notice] jk2_init() Found child 32763 in scoreboard slot 10
519,2005-12-04 07:08:04,NOTICE,httpd,,,0,workerEnv.init() ok <PATH>,workerEnv.init() ok /etc/httpd/conf/workers2.properties,[Sun Dec 04 07:08:04 2005] [notice] workerEnv.init() ok /etc/httpd/conf/workers2.properties
520,2005-12-04 07:08:04,ERROR,httpd,,,1,mod_jk child workerEnv in error state <NUM>,mod_jk child workerEnv in error state 7,[Sun Dec 04 07:08:04 2005] [error] mod_jk child workerEnv in error state 7
521,2005-12-04 07:08:04,NOTICE,httpd,,,0,workerEnv.init() ok <PATH>,workerEnv.init() ok /etc/httpd/conf/workers2.properties,[Sun Dec 04 07:08:04 2005] [notice] workerEnv.init() ok /etc/httpd/conf/workers2.properties
522,2005-12-04 07:08:04,ERROR,httpd,,,1,mod_jk child workerEnv in error state <NUM>,mod_jk child workerEnv in error state 6,[Sun Dec 04 07:08:04 2005] [error] mod_jk child workerEnv in error state 6
523,2005-12-04 07:08:04,NOTICE,httpd,,,0,workerEnv.init() ok <PATH>,workerEnv.init() ok /etc/httpd/conf/workers2.properties,[Sun Dec 04 07:08:04 2005] [notice] workerEnv.init() ok /etc/httpd/conf/workers2.properties
524,2005-12-04 07:08:04,ERROR,httpd,,,1,mod_jk child workerEnv in error state <NUM>,mod_jk child workerEnv in error state 7,[Sun Dec 04 07:08:04 2005] [error] mod_jk child workerEnv in error state 7
525,2005-12-04 07:10:54,NOTICE,httpd,,,2,jk2_init() Found child <NUM> in scoreboard slot <NUM>,jk2_init() Found child 308 in scoreboard slot 8,[Sun Dec 04 07:10:54 2005] [notice] jk2_init() Found child 308 in scoreboard slot 8
526,2005-12-04 07:11:04,NOTICE,httpd,,,2,jk2_init() Found child <NUM> in scoreboard slot <NUM>,jk2_init() Found child 310 in scoreboard slot 6,[Sun Dec 04 07:11:04 2005] [notice] jk2_init() Found child 310 in scoreboard slot 6
527,2005-12-04 07:11:04,NOTICE,httpd,,,2,jk2_init() Found child <NUM> in scoreboard slot <NUM>,jk2_init() Found child 309 in scoreboard slot 7,[Sun Dec 04 07:11:04 2005] [notice] jk2_init() Found child 309 in scoreboard slot 7
528,2005-12-04 07:11:05,NOTICE,httpd,,,0,workerEnv.init() ok <PATH>,workerEnv.init() ok /etc/httpd/conf/workers2.properties,[Sun Dec 04 07:11:05 2005] [notice] workerEnv.init() ok /etc/httpd/conf/workers2.properties
529,2005-12-04 07:11:05,ERROR,httpd,,,1,mod_jk child workerEnv in error state <NUM>,mod_jk child workerEnv in error state 6,[Sun Dec 04 07:11:05 2005] [error] mod_jk child workerEnv in error state 6
530,2005-12-04 07:11:13,NOTICE,httpd,,,0,workerEnv.init() ok <PATH>,workerEnv.init() ok /etc/httpd/conf/workers2.properties,[Sun Dec 04 07:11:13 2005] [notice] workerEnv.init() ok /etc/httpd/conf/workers2.properties
531,2005-12-04 07:11:13,NOTICE,httpd,,,0,workerEnv.init() ok <PATH>,workerEnv.init() ok /etc/httpd/conf/workers2.properties,[Sun Dec 04 07:11:13 2005] [notice] workerEnv.init() ok /etc/httpd/conf/workers2.properties
532,2005-12-04 07:11:22,ERROR,httpd,,,1,mod_jk child workerEnv in error state <NUM>,mod_jk child workerEnv in error state 6,[Sun Dec 04 07:11:22 2005] [error] mod_jk child workerEnv in error state 6
533,2005-12-04 07:11:22,ERROR,httpd,,,1,mod_jk child workerEnv in error state <NUM>,mod_jk child workerEnv in error state 6,[Sun Dec 04 07:11:22 2005] [error] mod_jk child workerEnv in error state 6
534,2005-12-04 07:11:49,NOTICE,httpd,,,2,jk2_init() Found child <NUM> in scoreboard slot <NUM>,jk2_init() Found child 311 in scoreboard slot 9,[Sun Dec 04 07:11:49 2005] [notice] jk2_init() Found child 311 in scoreboard slot 9
535,2005-12-04 07:12:05,NOTICE,httpd,,,0,workerEnv.init() ok <PATH>,workerEnv.init() ok /etc/httpd/conf/workers2.properties,[Sun Dec 04 07:12:05 2005] [notice] workerEnv.init() ok /etc/httpd/conf/workers2.properties
536,2005-12-04 07:12:08,ERROR,httpd,,,1,mod_jk child workerEnv in error state <NUM>,mod_jk child workerEnv in error state 6,[Sun Dec 04 07:12:08 2005] [error] mod_jk child workerEnv in error state 6
537,2005-12-04 07:12:22,NOTICE,httpd,,,2,jk2_init() Found child <NUM> in scoreboard slot <NUM>,jk2_init() Found child 312 in scoreboard slot 10,[Sun Dec 04 07:12:22 2005] [notice] jk2_init() Found child 312 in scoreboard slot 10
538,2005-12-04 07:12:22,NOTICE,httpd,,,2,jk2_init() Found child <NUM> in scoreboard slot <NUM>,jk2_init() Found child 313 in scoreboard slot 8,[Sun Dec 04 07:12:22 2005] [notice] jk2_init() Found child 313 in scoreboard slot 8
539,2005-12-04 07:12:40,NOTICE,httpd,,,0,workerEnv.init() ok <PATH>,workerEnv.init() ok /etc/httpd/conf/workers2.properties,[Sun Dec 04 07:12:40 2005] [notice] workerEnv.init() ok /etc/httpd/conf/workers2.properties
540,2005-12-04 07:12:40,NOTICE,httpd,,,0,workerEnv.init() ok <PATH>,workerEnv.init() ok /etc/httpd/conf/workers2.properties,[Sun Dec 04 07:12:40 2005] [notice] workerEnv.init() ok /etc/httpd/conf/workers2.properties
541,2005-12-04 07:12:44,ERROR,httpd,,,1,mod_jk child workerEnv in error state <NUM>,mod_jk child workerEnv in error state 6,[Sun Dec 04 07:12:44 2005] [error] mod_jk child workerEnv in error state 6
542,2005-12-04 07:12:44,ERROR,httpd,,,1,mod_jk child workerEnv in error state <NUM>,mod_jk child workerEnv in error state 6,[Sun Dec 04 07:12:44 2005] [error] mod_jk child workerEnv in error state 6
543,2005-12-04 07:13:09,NOTICE,httpd,,,2,jk2_init() Found child <NUM> in scoreboard slot <NUM>,jk2_init() Found child 314 in scoreboard slot 7,[Sun Dec 04 07:13:09 2005] [notice] jk2_init() Found child 314 in scoreboard slot 7
544,2005-12-04 07:13:09,NOTICE,httpd,,,2,jk2_init() Found child <NUM> in scoreboard slot <NUM>,jk2_init() Found child 315 in scoreboard slot 6,[Sun Dec 04 07:13:09 2005] [notice] jk2_init() Found child 315 in scoreboard slot 6
545,2005-12-04 07:13:10,NOTICE,httpd,,,2,jk2_init() Found child <NUM> in scoreboard slot <NUM>,jk2_init() Found child 316 in scoreboard slot 9,[Sun Dec 04 07:13:10 2005] [notice] jk2_init() Found child 316 in scoreboard slot 9
546,2005-12-04 07:13:36,NOTICE,httpd,,,0,workerEnv.init() ok <PATH>,workerEnv.init() ok /etc/httpd/conf/workers2.properties,[Sun Dec 04 07:13:36 2005] [notice] workerEnv.init() ok /etc/httpd/conf/workers2.properties
547,2005-12-04 07:13:36,NOTICE,httpd,,,0,workerEnv.init() ok <PATH>,workerEnv.init() ok /etc/httpd/conf/workers2.properties,[Sun Dec 04 07:13:36 2005] [notice] workerEnv.init() ok /etc/httpd/conf/workers2.properties
548,2005-12-04 07:13:36,NOTICE,httpd,,,0,workerEnv.init() ok <PATH>,workerEnv.init() ok /etc/httpd/conf/workers2.properties,[Sun Dec 04 07:13:36 2005] [notice] workerEnv.init() ok /etc/httpd/conf/workers2.properties
549,2005-12-04 07:13:41,ERROR,httpd,,,1,mod_jk child workerEnv in error state <NUM>,mod_jk child workerEnv in error state 6,[Sun Dec 04 07:13:41 2005] [error] mod_jk child workerEnv in error state 6
550,2005-12-04 07:13:41,ERROR,httpd,,,1,mod_jk child workerEnv in error state <NUM>,mod_jk child workerEnv in error state 6,[Sun Dec 04 07:13:41 2005] [error] mod_jk child workerEnv in error state 6
551,2005-12-04 07:14:07,NOTICE,httpd,,,2,jk2_init() Found child <NUM> in scoreboard slot <NUM>,jk2_init() Found child 319 in scoreboard slot 7,[Sun Dec 04 07:14:07 2005] [notice] jk2_init() Found child 319 in scoreboard slot 7
552,2005-12-04 07:14:07,NOTICE,httpd,,,2,jk2_init() Found child <NUM> in scoreboard slot <NUM>,jk2_init() Found child 317 in scoreboard slot 10,[Sun Dec 04 07:14:07 2005] [notice] jk2_init() Found child 317 in scoreboard slot 10
553,2005-12-04 07:14:08,NOTICE,httpd,,,2,jk2_init() Found child <NUM> in scoreboard slot <NUM>,jk2_init() Found child 318 in scoreboard slot 8,[Sun Dec 04 07:14:08 2005] [notice] jk2_init() Found child 318 in scoreboard slot 8
554,2005-12-04 07:14:21,NOTICE,httpd,,,0,workerEnv.init() ok <PATH>,workerEnv.init() ok /etc/httpd/conf/workers2.properties,[Sun Dec 04 07:14:21 2005] [notice] workerEnv.init() ok /etc/httpd/conf/workers2.properties
555,2005-12-04 07:14:29,ERROR,httpd,,,1,mod_jk child workerEnv in error state <NUM>,mod_jk child workerEnv in error state 7,[Sun Dec 04 07:14:29 2005] [error] mod_jk child workerEnv in error state 7
556,2005-12-04 07:14:47,NOTICE,httpd,,,2,jk2_init() Found child <NUM> in scoreboard slot <NUM>,jk2_init() Found child 321 in scoreboard slot 9,[Sun Dec 04 07:14:47 2005] [notice] jk2_init() Found child 321 in scoreboard slot 9
557,2005-12-04 07:15:09,NOTICE,httpd,,,2,jk2_init() Found child <NUM> in scoreboard slot <NUM>,jk2_init() Found child 324 in scoreboard slot 11,[Sun Dec 04 07:15:09 2005] [notice] jk2_init() Found child 324 in scoreboard slot 11
558,2005-12-04 07:15:09,NOTICE,httpd,,,2,jk2_init() Found child <NUM> in scoreboard slot <NUM>,jk2_init() Found child 323 in scoreboard slot 8,[Sun Dec 04 07:15:09 2005] [notice] jk2_init() Found child 323 in scoreboard slot 8
559,2005-12-04 07:17:56,NOTICE,httpd,,,2,jk2_init() Found child <NUM> in scoreboard slot <NUM>,jk2_init() Found child 350 in scoreboard slot 9,[Sun Dec 04 07:17:56 2005] [notice] jk2_init() Found child 350 in scoreboard slot 9
560,2005-12-04 07:17:56,NOTICE,httpd,,,2,jk2_init() Found child <NUM> in scoreboard slot <NUM>,jk2_init() Found child 353 in scoreboard slot 12,[Sun Dec 04 07:17:56 2005] [notice] jk2_init() Found child 353 in scoreboard slot 12
561,2005-12-04 07:17:56,NOTICE,httpd,,,2,jk2_init() Found child <NUM> in scoreboard slot <NUM>,jk2_init() Found child 352 in scoreboard slot 11,[Sun Dec 04 07:17:56 2005] [notice] jk2_init() Found child 352 in scoreboard slot 11
562,2005-12-04 07:17:56,NOTICE,httpd,,,2,jk2_init() Found child <NUM> in scoreboard slot <NUM>,jk2_init() Found child 349 in scoreboard slot 8,[Sun Dec 04 07:17:56 2005] [notice] jk2_init() Found child 349 in scoreboard slot 8
563,2005-12-04 07:17:56,NOTICE,httpd,,,2,jk2_init() Found child <NUM> in scoreboard slot <NUM>,jk2_init() Found child 348 in scoreboard slot 7,[Sun Dec 04 07:17:56 2005] [notice] jk2_init() Found child 348 in scoreboard slot 7
564,2005-12-04 07:17:56,NOTICE,httpd,,,2,jk2_init() Found child <NUM> in scoreboard slot <NUM>,jk2_init() Found child 347 in scoreboard slot 6,[Sun Dec 04 07:17:56 2005] [notice] jk2_init() Found child 347 in scoreboard slot 6
565,2005-12-04 07:17:56,NOTICE,httpd,,,2,jk2_init() Found child <NUM> in scoreboard slot <NUM>,jk2_init() Found child 351 in scoreboard slot 10,[Sun Dec 04 07:17:56 2005] [notice] jk2_init() Found child 351 in scoreboard slot 10
566,2005-12-04 07:18:00,NOTICE,httpd,,,0,workerEnv.init() ok <PATH>,workerEnv.init() ok /etc/httpd/conf/workers2.properties,[Sun Dec 04 07:18:00 2005] [notice] workerEnv.init() ok /etc/httpd/conf/workers2.properties
567,2005-12-04 07:18:00,ERROR,httpd,,,1,mod_jk child workerEnv in error state <NUM>,mod_jk child workerEnv in error state 7,[Sun Dec 04 07:18:00 2005] [error] mod_jk child workerEnv in error state 7
568,2005-12-04 07:18:00,NOTICE,httpd,,,0,workerEnv.init() ok <PATH>,workerEnv.init() ok /etc/httpd/conf/workers2.properties,[Sun Dec 04 07:18:00 2005] [notice] workerEnv.init() ok /etc/httpd/conf/workers2.properties
569,2005-12-04 07:18:00,ERROR,httpd,,,1,mod_jk child workerEnv in error state <NUM>,mod_jk child workerEnv in error state 6,[Sun Dec 04 07:18:00 2005] [error] mod_jk child workerEnv in error state 6
570,2005-12-04 07:18:00,NOTICE,httpd,,,0,workerEnv.init() ok <PATH>,workerEnv.init() ok /etc/httpd/conf/workers2.properties,[Sun Dec 04 07:18:00 2005] [notice] workerEnv.init() ok /etc/httpd/conf/workers2.properties
571,2005-12-04 07:18:00,ERROR,httpd,,,1,mod_jk child workerEnv in error state <NUM>,mod_jk child workerEnv in error state 7,[Sun Dec 04 07:18:00 2005] [error] mod_jk child workerEnv in error state 7
572,2005-12-04 07:18:00,NOTICE,httpd,,,0,workerEnv.init() ok <PATH>,workerEnv.init() ok /etc/httpd/conf/workers2.properties,[Sun Dec 04 07:18:00 2005] [notice] workerEnv.init() ok /etc/httpd/conf/workers2.properties
573,2005-12-04 07:18:00,ERROR,httpd,,,1,mod_jk child workerEnv in error state <NUM>,mod_jk child workerEnv in error state 8,[Sun Dec 04 07:18:00 2005] [error] mod_jk child workerEnv in error state 8
574,2005-12-04 07:18:00,NOTICE,httpd,,,0,workerEnv.init() ok <PATH>,workerEnv.init() ok /etc/httpd/conf/workers2.properties,[Sun Dec 04 07:18:00 2005] [notice] workerEnv.init() ok /etc/httpd/conf/workers2.properties
575,2005-12-04 07:18:00,ERROR,httpd,,,1,mod_jk child workerEnv in error state <NUM>,mod_jk child workerEnv in error state 7,[Sun Dec 04 07:18:00 2005] [error] mod_jk child workerEnv in error state 7
576,2005-12-04 07:18:00,NOTICE,httpd,,,0,workerEnv.init() ok <PATH>,workerEnv.init() ok /etc/httpd/conf/workers2.properties,[Sun Dec 04 07:18:00 2005] [notice] workerEnv.init() ok /etc/httpd/conf/workers2.properties
577,2005-12-04 07:18:00,ERROR,httpd,,,1,mod_jk child workerEnv in error state <NUM>,mod_jk child workerEnv in error state 6,[Sun Dec 04 07:18:00 2005] [error] mod_jk child workerEnv in error state 6
578,2005-12-04 07:18:00,NOTICE,httpd,,,0,workerEnv.init() ok <PATH>,workerEnv.init() ok /etc/httpd/conf/workers2.properties,[Sun Dec 04 07:18:00 2005] [notice] workerEnv.init() ok /etc/httpd/conf/workers2.properties
579,2005-12-04 07:18:00,ERROR,httpd,,,1,mod_jk child workerEnv in error state <NUM>,mod_jk child workerEnv in error state 7,[Sun Dec 04 07:18:00 2005] [error] mod_jk child workerEnv in error state 7
580,2005-12-04 07:45:45,ERROR,httpd,,,3,[client <IP>] Directory index forbidden by rule: <PATH>,[client 63.13.186.196] Directory index forbidden by rule: /var/www/html/,[Sun Dec 04 07:45:45 2005] [error] [client 63.13.186.196] Directory index forbidden by rule: /var/www/html/
581,2005-12-04 08:54:17,ERROR,httpd,,,3,[client <IP>] Directory index forbidden by rule: <PATH>,[client 147.31.138.75] Directory index forbidden by rule: /var/www/html/,[Sun Dec 04 08:54:17 2005] [error] [client 147.31.138.75] Directory index forbidden by rule: /var/www/html/
582,2005-12-04 09:35:12,ERROR,httpd,,,3,[client <IP>] Directory index forbidden by rule: <PATH>,[client 207.203.80.15] Directory index forbidden by rule: /var/www/html/,[Sun Dec 04 09:35:12 2005] [error] [client 207.203.80.15] Directory index forbidden by rule: /var/www/html/
583,2005-12-04 10:53:30,ERROR,httpd,,,3,[client <IP>] Directory index forbidden by rule: <PATH>,[client 218.76.139.20] Directory index forbidden by rule: /var/www/html/,[Sun Dec 04 10:53:30 2005] [error] [client 218.76.139.20] Directory index forbidden by rule: /var/www/html/
584,2005-12-04 11:11:07,ERROR,httpd,,,3,[client <IP>] Directory index forbidden by rule: <PATH>,[client 24.147.151.74] Directory index forbidden by rule: /var/www/html/,[Sun Dec 04 11:11:07 2005] [error] [client 24.147.151.74] Directory index forbidden by rule: /var/www/html/
585,2005-12-04 11:33:18,ERROR,httpd,,,3,[client <IP>] Directory index forbidden by rule: <PATH>,[client 211.141.93.88] Directory index forbidden by rule: /var/www/html/,[Sun Dec 04 11:33:18 2005] [error] [client 211.141.93.88] Directory index forbidden by rule: /var/www/html/
586,2005-12-04 11:42:43,ERROR,httpd,,,3,[client <IP>] Directory index forbidden by rule: <PATH>,[client 216.127.124.16] Directory index forbidden by rule: /var/www/html/,[Sun Dec 04 11:42:43 2005] [error] [client 216.127.124.16] Directory index forbidden by rule: /var/www/html/
587,2005-12-04 12:33:13,ERROR,httpd,,,3,[client <IP>] Directory index forbidden by rule: <PATH>,[client 208.51.151.210] Directory index forbidden by rule: /var/www/html/,[Sun Dec 04 12:33:13 2005] [error] [client 208.51.151.210] Directory index forbidden by rule: /var/www/html/
588,2005-12-04 13:32:32,ERROR,httpd,,,3,[client <IP>] Directory index forbidden by rule: <PATH>,[client 65.68.235.27] Directory index forbidden by rule: /var/www/html/,[Sun Dec 04 13:32:32 2005] [error] [client 65.68.235.27] Directory index forbidden by rule: /var/www/html/
589,2005-12-04 14:29:00,ERROR,httpd,,,3,[client <IP>] Directory index forbidden by rule: <PATH>,[client 4.245.93.87] Directory index forbidden by rule: /var/www/html/,[Sun Dec 04 14:29:00 2005] [error] [client 4.245.93.87] Directory index forbidden by rule: /var/www/html/
590,2005-12-04 15:18:36,ERROR,httpd,,,3,[client <IP>] Directory index forbidden by rule: <PATH>,[client 67.154.58.130] Directory index forbidden by rule: /var/www/html/,[Sun Dec 04 15:18:36 2005] [error] [client 67.154.58.130] Directory index forbidden by rule: /var/www/html/
591,2005-12-04 15:59:01,ERROR,httpd,,,3,[client <IP>] Directory index forbidden by rule: <PATH>,[client 24.83.37.136] Directory index forbidden by rule: /var/www/html/,[Sun Dec 04 15:59:01 2005] [error] [client 24.83.37.136] Directory index forbidden by rule: /var/www/html/
592,2005-12-04 16:24:03,NOTICE,httpd,,,2,jk2_init() Found child <NUM> in scoreboard slot <NUM>,jk2_init() Found child 1219 in scoreboard slot 6,[Sun Dec 04 16:24:03 2005] [notice] jk2_init() Found child 1219 in scoreboard slot 6
593,2005-12-04 16:24:05,ERROR,httpd,,,3,[client <IP>] Directory index forbidden by rule: <PATH>,[client 58.225.62.140] Directory index forbidden by rule: /var/www/html/,[Sun Dec 04 16:24:05 2005] [error] [client 58.225.62.140] Directory index forbidden by rule: /var/www/html/
594,2005-12-04 16:24:06,NOTICE,httpd,,,0,workerEnv.init() ok <PATH>,workerEnv.init() ok /etc/httpd/conf/workers2.properties,[Sun Dec 04 16:24:06 2005] [notice] workerEnv.init() ok /etc/httpd/conf/workers2.properties
595,2005-12-04 16:24:06,ERROR,httpd,,,1,mod_jk child workerEnv in error state <NUM>,mod_jk child workerEnv in error state 6,[Sun Dec 04 16:24:06 2005] [error] mod_jk child workerEnv in error state 6
596,2005-12-04 16:31:07,NOTICE,httpd,,,2,jk2_init() Found child <NUM> in scoreboard slot <NUM>,jk2_init() Found child 1248 in scoreboard slot 7,[Sun Dec 04 16:31:07 2005] [notice] jk2_init() Found child 1248 in scoreboard slot 7
597,2005-12-04 16:32:37,NOTICE,httpd,,,2,jk2_init() Found child <NUM> in scoreboard slot <NUM>,jk2_init() Found child 1253 in scoreboard slot 9,[Sun Dec 04 16:32:37 2005] [notice] jk2_init() Found child 1253 in scoreboard slot 9
598,2005-12-04 16:32:56,NOTICE,httpd,,,0,workerEnv.init() ok <PATH>,workerEnv.init() ok /etc/httpd/conf/workers2.properties,[Sun Dec 04 16:32:56 2005] [notice] workerEnv.init() ok /etc/httpd/conf/workers2.properties
599,2005-12-04 16:32:56,ERROR,httpd,,,1,mod_jk child workerEnv in error state <NUM>,mod_jk child workerEnv in error state 6,[Sun Dec 04 16:32:56 2005] [error] mod_jk child workerEnv in error state 6
600,2005-12-04 16:32:58,NOTICE,httpd,,,2,jk2_init() Found child <NUM> in scoreboard slot <NUM>,jk2_init() Found child 1254 in scoreboard slot 7,[Sun Dec 04 16:32:58 2005] [notice] jk2_init() Found child 1254 in scoreboard slot 7
601,2005-12-04 16:32:58,NOTICE,httpd,,,2,jk2_init() Found child <NUM> in scoreboard slot <NUM>,jk2_init() Found child 1256 in scoreboard slot 6,[Sun Dec 04 16:32:58 2005] [notice] jk2_init() Found child 1256 in scoreboard slot 6
602,2005-12-04 16:32:58,NOTICE,httpd,,,2,jk2_init() Found child <NUM> in scoreboard slot <NUM>,jk2_init() Found child 1255 in scoreboard slot 8,[Sun Dec 04 16:32:58 2005] [notice] jk2_init() Found child 1255 in scoreboard slot 8
603,2005-12-04 16:32:58,NOTICE,httpd,,,0,workerEnv.init() ok <PATH>,workerEnv.init() ok /etc/httpd/conf/workers2.properties,[Sun Dec 04 16:32:58 2005] [notice] workerEnv.init() ok /etc/httpd/conf/workers2.properties
604,2005-12-04 16:32:58,ERROR,httpd,,,1,mod_jk child workerEnv in error state <NUM>,mod_jk child workerEnv in error state 7,[Sun Dec 04 16:32:58 2005] [error] mod_jk child workerEnv in error state 7
605,2005-12-04 16:32:58,NOTICE,httpd,,,0,workerEnv.init() ok <PATH>,workerEnv.init() ok /etc/httpd/conf/workers2.properties,[Sun Dec 04 16:32:58 2005] [notice] workerEnv.init() ok /etc/httpd/conf/workers2.properties
606,2005-12-04 16:32:58,ERROR,httpd,,,1,mod_jk child workerEnv in error state <NUM>,mod_jk child workerEnv in error state 6,[Sun Dec 04 16:32:58 2005] [error] mod_jk child workerEnv in error state 6
607,2005-12-04 16:32:58,NOTICE,httpd,,,0,workerEnv.init() ok <PATH>,workerEnv.init() ok /etc/httpd/conf/workers2.properties,[Sun Dec 04 16:32:58 2005] [notice] workerEnv.init() ok /etc/httpd/conf/workers2.properties
608,2005-12-04 16:32:58,ERROR,httpd,,,1,mod_jk child workerEnv in error state <NUM>,mod_jk child workerEnv in error state 6,[Sun Dec 04 16:32:58 2005] [error] mod_jk child workerEnv in error state 6
609,2005-12-04 16:35:49,NOTICE,httpd,,,2,jk2_init() Found child <NUM> in scoreboard slot <NUM>,jk2_init() Found child 1262 in scoreboard slot 9,[Sun Dec 04 16:35:49 2005] [notice] jk2_init() Found child 1262 in scoreboard slot 9
610,2005-12-04 16:35:52,NOTICE,httpd,,,0,workerEnv.init() ok <PATH>,workerEnv.init() ok /etc/httpd/conf/workers2.properties,[Sun Dec 04 16:35:52 2005] [notice] workerEnv.init() ok /etc/httpd/conf/workers2.properties
611,2005-12-04 16:35:52,ERROR,httpd,,,1,mod_jk child workerEnv in error state <NUM>,mod_jk child workerEnv in error state 6,[Sun Dec 04 16:35:52 2005] [error] mod_jk child workerEnv in error state 6
612,2005-12-04 16:41:15,NOTICE,httpd,,,2,jk2_init() Found child <NUM> in scoreboard slot <NUM>,jk2_init() Found child 1275 in scoreboard slot 6,[Sun Dec 04 16:41:15 2005] [notice] jk2_init() Found child 1275 in scoreboard slot 6
613,2005-12-04 16:41:16,NOTICE,httpd,,,2,jk2_init() Found child <NUM> in scoreboard slot <NUM>,jk2_init() Found child 1276 in scoreboard slot 9,[Sun Dec 04 16:41:16 2005] [notice] jk2_init() Found child 1276 in scoreboard slot 9
614,2005-12-04 16:41:22,NOTICE,httpd,,,2,jk2_init() Found child <NUM> in scoreboard slot <NUM>,jk2_init() Found child 1277 in scoreboard slot 7,[Sun Dec 04 16:41:22 2005] [notice] jk2_init() Found child 1277 in scoreboard slot 7
615,2005-12-04 16:41:22,NOTICE,httpd,,,2,jk2_init() Found child <NUM> in scoreboard slot <NUM>,jk2_init() Found child 1278 in scoreboard slot 8,[Sun Dec 04 16:41:22 2005] [notice] jk2_init() Found child 1278 in scoreboard slot 8
616,2005-12-04 16:41:22,NOTICE,httpd,,,0,workerEnv.init() ok <PATH>,workerEnv.init() ok /etc/httpd/conf/workers2.properties,[Sun Dec 04 16:41:22 2005] [notice] workerEnv.init() ok /etc/httpd/conf/workers2.properties
617,2005-12-04 16:41:22,NOTICE,httpd,,,0,workerEnv.init() ok <PATH>,workerEnv.init() ok /etc/httpd/conf/workers2.properties,[Sun Dec 04 16:41:22 2005] [notice] workerEnv.init() ok /etc/httpd/conf/workers2.properties
618,2005-12-04 16:41:22,NOTICE,httpd,,,0,workerEnv.init() ok <PATH>,workerEnv.init() ok /etc/httpd/conf/workers2.properties,[Sun Dec 04 16:41:22 2005] [notice] workerEnv.init() ok /etc/httpd/conf/workers2.properties
619,2005-12-04 16:41:22,NOTICE,httpd,,,0,workerEnv.init() ok <PATH>,workerEnv.init() ok /etc/httpd/conf/workers2.properties,[Sun Dec 04 16:41:22 2005] [notice] workerEnv.init() ok /etc/httpd/conf/workers2.properties
620,2005-12-04 16:41:22,ERROR,httpd,,,1,mod_jk child workerEnv in error state <NUM>,mod_jk child workerEnv in error state 6,[Sun Dec 04 16:41:22 2005] [error] mod_jk child workerEnv in error state 6
621,2005-12-04 16:41:22,ERROR,httpd,,,1,mod_jk child workerEnv in error state <NUM>,mod_jk child workerEnv in error state 6,[Sun Dec 04 16:41:22 2005] [error] mod_jk child workerEnv in error state 6
622,2005-12-04 16:41:22,ERROR,httpd,,,1,mod_jk child workerEnv in error state <NUM>,mod_jk child workerEnv in error state 6,[Sun Dec 04 16:41:22 2005] [error] mod_jk child workerEnv in error state 6
623,2005-12-04 16:41:22,ERROR,httpd,,,1,mod_jk child workerEnv in error state <NUM>,mod_jk child workerEnv in error state 6,[Sun Dec 04 16:41:22 2005] [error] mod_jk child workerEnv in error state 6
624,2005-12-04 16:45:52,NOTICE,httpd,,,2,jk2_init() Found child <NUM> in scoreboard slot <NUM>,jk2_init() Found child 1283 in scoreboard slot 6,[Sun Dec 04 16:45:52 2005] [notice] jk2_init() Found child 1283 in scoreboard slot 6
625,2005-12-04 16:45:52,NOTICE,httpd,,,2,jk2_init() Found child <NUM> in scoreboard slot <NUM>,jk2_init() Found child 1284 in scoreboard slot 9,[Sun Dec 04 16:45:52 2005] [notice] jk2_init() Found child 1284 in scoreboard slot 9
626,2005-12-04 16:46:09,NOTICE,httpd,,,0,workerEnv.init() ok <PATH>,workerEnv.init() ok /etc/httpd/conf/workers2.properties,[Sun Dec 04 16:46:09 2005] [notice] workerEnv.init() ok /etc/httpd/conf/workers2.properties
627,2005-12-04 16:46:13,ERROR,httpd,,,1,mod_jk child workerEnv in error state <NUM>,mod_jk child workerEnv in error state 6,[Sun Dec 04 16:46:13 2005] [error] mod_jk child workerEnv in error state 6
628,2005-12-04 16:46:45,NOTICE,httpd,,,2,jk2_init() Found child <NUM> in scoreboard slot <NUM>,jk2_init() Found child 1288 in scoreboard slot 9,[Sun Dec 04 16:46:45 2005] [notice] jk2_init() Found child 1288 in scoreboard slot 9
629,2005-12-04 16:47:11,NOTICE,httpd,,,2,jk2_init() Found child <NUM> in scoreboard slot <NUM>,jk2_init() Found child 1291 in scoreboard slot 6,[Sun Dec 04 16:47:11 2005] [notice] jk2_init() Found child 1291 in scoreboard slot 6
630,2005-12-04 16:47:59,NOTICE,httpd,,,2,jk2_init() Found child <NUM> in scoreboard slot <NUM>,jk2_init() Found child 1296 in scoreboard slot 6,[Sun Dec 04 16:47:59 2005] [notice] jk2_init() Found child 1296 in scoreboard slot 6
631,2005-12-04 16:47:59,NOTICE,httpd,,,2,jk2_init() Found child <NUM> in scoreboard slot <NUM>,jk2_init() Found child 1300 in scoreboard slot 10,[Sun Dec 04 16:47:59 2005] [notice] jk2_init() Found child 1300 in scoreboard slot 10
632,2005-12-04 16:47:59,NOTICE,httpd,,,2,jk2_init() Found child <NUM> in scoreboard slot <NUM>,jk2_init() Found child 1298 in scoreboard slot 8,[Sun Dec 04 16:47:59 2005] [notice] jk2_init() Found child 1298 in scoreboard slot 8
633,2005-12-04 16:47:59,NOTICE,httpd,,,2,jk2_init() Found child <NUM> in scoreboard slot <NUM>,jk2_init() Found child 1297 in scoreboard slot 7,[Sun Dec 04 16:47:59 2005] [notice] jk2_init() Found child 1297 in scoreboard slot 7
634,2005-12-04 16:47:59,NOTICE,httpd,,,2,jk2_init() Found child <NUM> in scoreboard slot <NUM>,jk2_init() Found child 1299 in scoreboard slot 9,[Sun Dec 04 16:47:59 2005] [notice] jk2_init() Found child 1299 in scoreboard slot 9
635,2005-12-04 16:48:01,NOTICE,httpd,,,0,workerEnv.init() ok <PATH>,workerEnv.init() ok /etc/httpd/conf/workers2.properties,[Sun Dec 04 16:48:01 2005] [notice] workerEnv.init() ok /etc/httpd/conf/workers2.properties
636,2005-12-04 16:48:01,ERROR,httpd,,,1,mod_jk child workerEnv in error state <NUM>,mod_jk child workerEnv in error state 8,[Sun Dec 04 16:48:01 2005] [error] mod_jk child workerEnv in error state 8
637,2005-12-04 16:48:01,NOTICE,httpd,,,0,workerEnv.init() ok <PATH>,workerEnv.init() ok /etc/httpd/conf/workers2.properties,[Sun Dec 04 16:48:01 2005] [notice] workerEnv.init() ok /etc/httpd/conf/workers2.properties
638,2005-12-04 16:48:01,ERROR,httpd,,,1,mod_jk child workerEnv in error state <NUM>,mod_jk child workerEnv in error state 7,[Sun Dec 04 16:48:01 2005] [error] mod_jk child workerEnv in error state 7
639,2005-12-04 16:48:01,NOTICE,httpd,,,0,workerEnv.init() ok <PATH>,workerEnv.init() ok /etc/httpd/conf/workers2.properties,[Sun Dec 04 16:48:01 2005] [notice] workerEnv.init() ok /etc/httpd/conf/workers2.properties
640,2005-12-04 16:48:01,ERROR,httpd,,,1,mod_jk child workerEnv in error state <NUM>,mod_jk child workerEnv in error state 6,[Sun Dec 04 16:48:01 2005] [error] mod_jk child workerEnv in error state 6
641,2005-12-04 16:48:01,NOTICE,httpd,,,0,workerEnv.init() ok <PATH>,workerEnv.init() ok /etc/httpd/conf/workers2.properties,[Sun Dec 04 16:48:01 2005] [notice] workerEnv.init() ok /etc/httpd/conf/workers2.properties
642,2005-12-04 16:48:01,ERROR,httpd,,,1,mod_jk child workerEnv in error state <NUM>,mod_jk child workerEnv in error state 6,[Sun Dec 04 16:48:01 2005] [error] mod_jk child workerEnv in error state 6
643,2005-12-04 16:48:01,NOTICE,httpd,,,0,workerEnv.init() ok <PATH>,workerEnv.init() ok /etc/httpd/conf/workers2.properties,[Sun Dec 04 16:48:01 2005] [notice] workerEnv.init() ok /etc/httpd/conf/workers2.properties
644,2005-12-04 16:48:01,ERROR,httpd,,,1,mod_jk child workerEnv in error state <NUM>,mod_jk child workerEnv in error state 6,[Sun Dec 04 16:48:01 2005] [error] mod_jk child workerEnv in error state 6
645,2005-12-04 16:50:53,NOTICE,httpd,,,2,jk2_init() Found child <NUM> in scoreboard slot <NUM>,jk2_init() Found child 1308 in scoreboard slot 6,[Sun Dec 04 16:50:53 2005] [notice] jk2_init() Found child 1308 in scoreboard slot 6
646,2005-12-04 16:50:53,NOTICE,httpd,,,2,jk2_init() Found child <NUM> in scoreboard slot <NUM>,jk2_init() Found child 1309 in scoreboard slot 7,[Sun Dec 04 16:50:53 2005] [notice] jk2_init() Found child 1309 in scoreboard slot 7
647,2005-12-04 16:51:26,NOTICE,httpd,,,2,jk2_init() Found child <NUM> in scoreboard slot <NUM>,jk2_init() Found child 1313 in scoreboard slot 6,[Sun Dec 04 16:51:26 2005] [notice] jk2_init() Found child 1313 in scoreboard slot 6
648,2005-12-04 16:51:26,NOTICE,httpd,,,2,jk2_init() Found child <NUM> in scoreboard slot <NUM>,jk2_init() Found child 1312 in scoreboard slot 10,[Sun Dec 04 16:51:26 2005] [notice] jk2_init() Found child 1312 in scoreboard slot 10
649,2005-12-04 16:52:34,NOTICE,httpd,,,2,jk2_init() Found child <NUM> in scoreboard slot <NUM>,jk2_init() Found child 1320 in scoreboard slot 8,[Sun Dec 04 16:52:34 2005] [notice] jk2_init() Found child 1320 in scoreboard slot 8
650,2005-12-04 16:52:45,NOTICE,httpd,,,2,jk2_init() Found child <NUM> in scoreboard slot <NUM>,jk2_init() Found child 1321 in scoreboard slot 9,[Sun Dec 04 16:52:45 2005] [notice] jk2_init() Found child 1321 in scoreboard slot 9
651,2005-12-04 16:52:45,NOTICE,httpd,,,2,jk2_init() Found child <NUM> in scoreboard slot <NUM>,jk2_init() Found child 1322 in scoreboard slot 10,[Sun Dec 04 16:52:45 2005] [notice] jk2_init() Found child 1322 in scoreboard slot 10
652,2005-12-04 16:52:45,NOTICE,httpd,,,2,jk2_init() Found child <NUM> in scoreboard slot <NUM>,jk2_init() Found child 1323 in scoreboard slot 6,[Sun Dec 04 16:52:45 2005] [notice] jk2_init() Found child 1323 in scoreboard slot 6
653,2005-12-04 16:52:46,NOTICE,httpd,,,2,jk2_init() Found child <NUM> in scoreboard slot <NUM>,jk2_init() Found child 1324 in scoreboard slot 7,[Sun Dec 04 16:52:46 2005] [notice] jk2_init() Found child 1324 in scoreboard slot 7
654,2005-12-04 16:52:46,NOTICE,httpd,,,2,jk2_init() Found child <NUM> in scoreboard slot <NUM>,jk2_init() Found child 1325 in scoreboard slot 8,[Sun Dec 04 16:52:46 2005] [notice] jk2_init() Found child 1325 in scoreboard slot 8
655,2005-12-04 16:52:49,NOTICE,httpd,,,0,workerEnv.init() ok <PATH>,workerEnv.init() ok /etc/httpd/conf/workers2.properties,[Sun Dec 04 16:52:49 2005] [notice] workerEnv.init() ok /etc/httpd/conf/workers2.properties
656,2005-12-04 16:52:49,NOTICE,httpd,,,0,workerEnv.init() ok <PATH>,workerEnv.init() ok /etc/httpd/conf/workers2.properties,[Sun Dec 04 16:52:49 2005] [notice] workerEnv.init() ok /etc/httpd/conf/workers2.properties
657,2005-12-04 16:52:49,NOTICE,httpd,,,0,workerEnv.init() ok <PATH>,workerEnv.init() ok /etc/httpd/conf/workers2.properties,[Sun Dec 04 16:52:49 2005] [notice] workerEnv.init() ok /etc/httpd/conf/workers2.properties
658,2005-12-04 16:52:49,NOTICE,httpd,,,0,workerEnv.init() ok <PATH>,workerEnv.init() ok /etc/httpd/conf/workers2.properties,[Sun Dec 04 16:52:49 2005] [notice] workerEnv.init() ok /etc/httpd/conf/workers2.properties
659,2005-12-04 16:52:49,NOTICE,httpd,,,0,workerEnv.init() ok <PATH>,workerEnv.init() ok /etc/httpd/conf/workers2.properties,[Sun Dec 04 16:52:49 2005] [notice] workerEnv.init() ok /etc/httpd/conf/workers2.properties
660,2005-12-04 16:52:49,ERROR,httpd,,,1,mod_jk child workerEnv in error state <NUM>,mod_jk child workerEnv in error state 6,[Sun Dec 04 16:52:49 2005] [error] mod_jk child workerEnv in error state 6
661,2005-12-04 16:52:49,ERROR,httpd,,,1,mod_jk child workerEnv in error state <NUM>,mod_jk child workerEnv in error state 7,[Sun Dec 04 16:52:49 2005] [error] mod_jk child workerEnv in error state 7
662,2005-12-04 16:52:49,ERROR,httpd,,,1,mod_jk child workerEnv in error state <NUM>,mod_jk child workerEnv in error state 7,[Sun Dec 04 16:52:49 2005] [error] mod_jk child workerEnv in error state 7
663,2005-12-04 16:52:49,ERROR,httpd,,,1,mod_jk child workerEnv in error state <NUM>,mod_jk child workerEnv in error state 8,[Sun Dec 04 16:52:49 2005] [error] mod_jk child workerEnv in error state 8
664,2005-12-04 16:52:49,ERROR,httpd,,,1,mod_jk child workerEnv in error state <NUM>,mod_jk child workerEnv in error state 6,[Sun Dec 04 16:52:49 2005] [error] mod_jk child workerEnv in error state 6
665,2005-12-04 16:55:54,NOTICE,httpd,,,2,jk2_init() Found child <NUM> in scoreboard slot <NUM>,jk2_init() Found child 1331 in scoreboard slot 10,[Sun Dec 04 16:55:54 2005] [notice] jk2_init() Found child 1331 in scoreboard slot 10
666,2005-12-04 16:56:25,NOTICE,httpd,,,2,jk2_init() Found child <NUM> in scoreboard slot <NUM>,jk2_init() Found child 1338 in scoreboard slot 7,[Sun Dec 04 16:56:25 2005] [notice] jk2_init() Found child 1338 in scoreboard slot 7
667,2005-12-04 16:56:25,NOTICE,httpd,,,2,jk2_init() Found child <NUM> in scoreboard slot <NUM>,jk2_init() Found child 1334 in scoreboard slot 8,[Sun Dec 04 16:56:25 2005] [notice] jk2_init() Found child 1334 in scoreboard slot 8
668,2005-12-04 16:56:25,NOTICE,httpd,,,2,jk2_init() Found child <NUM> in scoreboard slot <NUM>,jk2_init() Found child 1336 in scoreboard slot 10,[Sun Dec 04 16:56:25 2005] [notice] jk2_init() Found child 1336 in scoreboard slot 10
669,2005-12-04 16:56:25,NOTICE,httpd,,,2,jk2_init() Found child <NUM> in scoreboard slot <NUM>,jk2_init() Found child 1337 in scoreboard slot 6,[Sun Dec 04 16:56:25 2005] [notice] jk2_init() Found child 1337 in scoreboard slot 6
670,2005-12-04 16:56:25,NOTICE,httpd,,,2,jk2_init() Found child <NUM> in scoreboard slot <NUM>,jk2_init() Found child 1335 in scoreboard slot 9,[Sun Dec 04 16:56:25 2005] [notice] jk2_init() Found child 1335 in scoreboard slot 9
671,2005-12-04 16:56:27,NOTICE,httpd,,,0,workerEnv.init() ok <PATH>,workerEnv.init() ok /etc/httpd/conf/workers2.properties,[Sun Dec 04 16:56:27 2005] [notice] workerEnv.init() ok /etc/httpd/conf/workers2.properties
672,2005-12-04 16:56:27,ERROR,httpd,,,1,mod_jk child workerEnv in error state <NUM>,mod_jk child workerEnv in error state 6,[Sun Dec 04 16:56:27 2005] [error] mod_jk child workerEnv in error state 6
673,2005-12-04 16:56:27,NOTICE,httpd,,,0,workerEnv.init() ok <PATH>,workerEnv.init() ok /etc/httpd/conf/workers2.properties,[Sun Dec 04 16:56:27 2005] [notice] workerEnv.init() ok /etc/httpd/conf/workers2.properties
674,2005-12-04 16:56:27,ERROR,httpd,,,1,mod_jk child workerEnv in error state <NUM>,mod_jk child workerEnv in error state 7,[Sun Dec 04 16:56:27 2005] [error] mod_jk child workerEnv in error state 7
675,2005-12-04 16:56:27,NOTICE,httpd,,,0,workerEnv.init() ok <PATH>,workerEnv.init() ok /etc/httpd/conf/workers2.properties,[Sun Dec 04 16:56:27 2005] [notice] workerEnv.init() ok /etc/httpd/conf/workers2.properties
676,2005-12-04 16:56:27,ERROR,httpd,,,1,mod_jk child workerEnv in error state <NUM>,mod_jk child workerEnv in error state 6,[Sun Dec 04 16:56:27 2005] [error] mod_jk child workerEnv in error state 6
677,2005-12-04 16:56:27,NOTICE,httpd,,,0,workerEnv.init() ok <PATH>,workerEnv.init() ok /etc/httpd/conf/workers2.properties,[Sun Dec 04 16:56:27 2005] [notice] workerEnv.init() ok /etc/httpd/conf/workers2.properties
678,2005-12-04 16:56:27,ERROR,httpd,,,1,mod_jk child workerEnv in error state <NUM>,mod_jk child workerEnv in error state 6,[Sun Dec 04 16:56:27 2005] [error] mod_jk child workerEnv in error state 6
679,2005-12-04 16:56:27,NOTICE,httpd,,,0,workerEnv.init() ok <PATH>,workerEnv.init() ok /etc/httpd/conf/workers2.properties,[Sun Dec 04 16:56:27 2005] [notice] workerEnv.init() ok /etc/httpd/conf/workers2.properties
680,2005-12-04 16:56:27,ERROR,httpd,,,1,mod_jk child workerEnv in error state <NUM>,mod_jk child workerEnv in error state 6,[Sun Dec 04 16:56:27 2005] [error] mod_jk child workerEnv in error state 6
681,2005-12-04 17:01:43,NOTICE,httpd,,,2,jk2_init() Found child <NUM> in scoreboard slot <NUM>,jk2_init() Found child 1358 in scoreboard slot 8,[Sun Dec 04 17:01:43 2005] [notice] jk2_init() Found child 1358 in scoreboard slot 8
682,2005-12-04 17:01:43,NOTICE,httpd,,,2,jk2_init() Found child <NUM> in scoreboard slot <NUM>,jk2_init() Found child 1356 in scoreboard slot 6,[Sun Dec 04 17:01:43 2005] [notice] jk2_init() Found child 1356 in scoreboard slot 6
683,2005-12-04 17:01:43,NOTICE,httpd,,,2,jk2_init() Found child <NUM> in scoreboard slot <NUM>,jk2_init() Found child 1354 in scoreboard slot 9,[Sun Dec 04 17:01:43 2005] [notice] jk2_init() Found child 1354 in scoreboard slot 9
684,2005-12-04 17:01:43,NOTICE,httpd,,,2,jk2_init() Found child <NUM> in scoreboard slot <NUM>,jk2_init() Found child 1357 in scoreboard slot 7,[Sun Dec 04 17:01:43 2005] [notice] jk2_init() Found child 1357 in scoreboard slot 7
685,2005-12-04 17:01:43,NOTICE,httpd,,,2,jk2_init() Found child <NUM> in scoreboard slot <NUM>,jk2_init() Found child 1355 in scoreboard slot 10,[Sun Dec 04 17:01:43 2005] [notice] jk2_init() Found child 1355 in scoreboard slot 10
686,2005-12-04 17:01:47,NOTICE,httpd,,,0,workerEnv.init() ok <PATH>,workerEnv.init() ok /etc/httpd/conf/workers2.properties,[Sun Dec 04 17:01:47 2005] [notice] workerEnv.init() ok /etc/httpd/conf/workers2.properties
687,2005-12-04 17:01:47,ERROR,httpd,,,1,mod_jk child workerEnv in error state <NUM>,mod_jk child workerEnv in error state 6,[Sun Dec 04 17:01:47 2005] [error] mod_jk child workerEnv in error state 6
688,2005-12-04 17:01:47,NOTICE,httpd,,,0,workerEnv.init() ok <PATH>,workerEnv.init() ok /etc/httpd/conf/workers2.properties,[Sun Dec 04 17:01:47 2005] [notice] workerEnv.init() ok /etc/httpd/conf/workers2.properties
689,2005-12-04 17:01:47,ERROR,httpd,,,1,mod_jk child workerEnv in error state <NUM>,mod_jk child workerEnv in error state 6,[Sun Dec 04 17:01:47 2005] [error] mod_jk child workerEnv in error state 6
690,2005-12-04 17:01:47,NOTICE,httpd,,,0,workerEnv.init() ok <PATH>,workerEnv.init() ok /etc/httpd/conf/workers2.properties,[Sun Dec 04 17:01:47 2005] [notice] workerEnv.init() ok /etc/httpd/conf/workers2.properties
691,2005-12-04 17:01:47,ERROR,httpd,,,1,mod_jk child workerEnv in error state <NUM>,mod_jk child workerEnv in error state 6,[Sun Dec 04 17:01:47 2005] [error] mod_jk child workerEnv in error state 6
692,2005-12-04 17:01:47,NOTICE,httpd,,,0,workerEnv.init() ok <PATH>,workerEnv.init() ok /etc/httpd/conf/workers2.properties,[Sun Dec 04 17:01:47 2005] [notice] workerEnv.init() ok /etc/httpd/conf/workers2.properties
693,2005-12-04 17:01:47,ERROR,httpd,,,1,mod_jk child workerEnv in error state <NUM>,mod_jk child workerEnv in error state 6,[Sun Dec 04 17:01:47 2005] [error] mod_jk child workerEnv in error state 6
694,2005-12-04 17:01:47,NOTICE,httpd,,,0,workerEnv.init() ok <PATH>,workerEnv.init() ok /etc/httpd/conf/workers2.properties,[Sun Dec 04 17:01:47 2005] [notice] workerEnv.init() ok /etc/httpd/conf/workers2.properties
695,2005-12-04 17:01:47,ERROR,httpd,,,1,mod_jk child workerEnv in error state <NUM>,mod_jk child workerEnv in error state 6,[Sun Dec 04 17:01:47 2005] [error] mod_jk child workerEnv in error state 6
696,2005-12-04 17:05:45,NOTICE,httpd,,,2,jk2_init() Found child <NUM> in scoreboard slot <NUM>,jk2_init() Found child 1375 in scoreboard slot 9,[Sun Dec 04 17:05:45 2005] [notice] jk2_init() Found child 1375 in scoreboard slot 9
697,2005-12-04 17:05:45,NOTICE,httpd,,,2,jk2_init() Found child <NUM> in scoreboard slot <NUM>,jk2_init() Found child 1376 in scoreboard slot 10,[Sun Dec 04 17:05:45 2005] [notice] jk2_init() Found child 1376 in scoreboard slot 10
698,2005-12-04 17:05:45,NOTICE,httpd,,,2,jk2_init() Found child <NUM> in scoreboard slot <NUM>,jk2_init() Found child 1377 in scoreboard slot 6,[Sun Dec 04 17:05:45 2005] [notice] jk2_init() Found child 1377 in scoreboard slot 6
699,2005-12-04 17:05:48,NOTICE,httpd,,,0,workerEnv.init() ok <PATH>,workerEnv.init() ok /etc/httpd/conf/workers2.properties,[Sun Dec 04 17:05:48 2005] [notice] workerEnv.init() ok /etc/httpd/conf/workers2.properties
700,2005-12-04 17:05:48,NOTICE,httpd,,,0,workerEnv.init() ok <PATH>,workerEnv.init() ok /etc/httpd/conf/workers2.properties,[Sun Dec 04 17:05:48 2005] [notice] workerEnv.init() ok /etc/httpd/conf/workers2.properties
701,2005-12-04 17:05:48,NOTICE,httpd,,,0,workerEnv.init() ok <PATH>,workerEnv.init() ok /etc/httpd/conf/workers2.properties,[Sun Dec 04 17:05:48 2005] [notice] workerEnv.init() ok /etc/httpd/conf/workers2.properties
702,2005-12-04 17:05:48,ERROR,httpd,,,1,mod_jk child workerEnv in error state <NUM>,mod_jk child workerEnv in error state 6,[Sun Dec 04 17:05:48 2005] [error] mod_jk child workerEnv in error state 6
703,2005-12-04 17:05:48,ERROR,httpd,,,1,mod_jk child workerEnv in error state <NUM>,mod_jk child workerEnv in error state 6,[Sun Dec 04 17:05:48 2005] [error] mod_jk child workerEnv in error state 6
704,2005-12-04 17:05:48,ERROR,httpd,,,1,mod_jk child workerEnv in error state <NUM>,mod_jk child workerEnv in error state 6,[Sun Dec 04 17:05:48 2005] [error] mod_jk child workerEnv in error state 6
705,2005-12-04 17:11:23,NOTICE,httpd,,,2,jk2_init() Found child <NUM> in scoreboard slot <NUM>,jk2_init() Found child 1387 in scoreboard slot 7,[Sun Dec 04 17:11:23 2005] [notice] jk2_init() Found child 1387 in scoreboard slot 7
706,2005-12-04 17:11:37,NOTICE,httpd,,,2,jk2_init() Found child <NUM> in scoreboard slot <NUM>,jk2_init() Found child 1390 in scoreboard slot 10,[Sun Dec 04 17:11:37 2005] [notice] jk2_init() Found child 1390 in scoreboard slot 10
707,2005-12-04 17:11:37,NOTICE,httpd,,,2,jk2_init() Found child <NUM> in scoreboard slot <NUM>,jk2_init() Found child 1388 in scoreboard slot 8,[Sun Dec 04 17:11:37 2005] [notice] jk2_init() Found child 1388 in scoreboard slot 8
708,2005-12-04 17:11:37,NOTICE,httpd,,,2,jk2_init() Found child <NUM> in scoreboard slot <NUM>,jk2_init() Found child 1389 in scoreboard slot 9,[Sun Dec 04 17:11:37 2005] [notice] jk2_init() Found child 1389 in scoreboard slot 9
709,2005-12-04 17:12:42,NOTICE,httpd,,,2,jk2_init() Found child <NUM> in scoreboard slot <NUM>,jk2_init() Found child 1393 in scoreboard slot 8,[Sun Dec 04 17:12:42 2005] [notice] jk2_init() Found child 1393 in scoreboard slot 8
710,2005-12-04 17:12:50,NOTICE,httpd,,,2,jk2_init() Found child <NUM> in scoreboard slot <NUM>,jk2_init() Found child 1395 in scoreboard slot 10,[Sun Dec 04 17:12:50 2005] [notice] jk2_init() Found child 1395 in scoreboard slot 10
711,2005-12-04 17:12:50,NOTICE,httpd,,,2,jk2_init() Found child <NUM> in scoreboard slot <NUM>,jk2_init() Found child 1396 in scoreboard slot 6,[Sun Dec 04 17:12:50 2005] [notice] jk2_init() Found child 1396 in scoreboard slot 6
712,2005-12-04 17:12:50,NOTICE,httpd,,,2,jk2_init() Found child <NUM> in scoreboard slot <NUM>,jk2_init() Found child 1394 in scoreboard slot 9,[Sun Dec 04 17:12:50 2005] [notice] jk2_init() Found child 1394 in scoreboard slot 9
713,2005-12-04 17:12:54,NOTICE,httpd,,,0,workerEnv.init() ok <PATH>,workerEnv.init() ok /etc/httpd/conf/workers2.properties,[Sun Dec 04 17:12:54 2005] [notice] workerEnv.init() ok /etc/httpd/conf/workers2.properties
714,2005-12-04 17:12:54,NOTICE,httpd,,,0,workerEnv.init() ok <PATH>,workerEnv.init() ok /etc/httpd/conf/workers2.properties,[Sun Dec 04 17:12:54 2005] [notice] workerEnv.init() ok /etc/httpd/conf/workers2.properties
715,2005-12-04 17:12:54,NOTICE,httpd,,,0,workerEnv.init() ok <PATH>,workerEnv.init() ok /etc/httpd/conf/workers2.properties,[Sun Dec 04 17:12:54 2005] [notice] workerEnv.init() ok /etc/httpd/conf/workers2.properties
716,2005-12-04 17:12:54,NOTICE,httpd,,,0,workerEnv.init() ok <PATH>,workerEnv.init() ok /etc/httpd/conf/workers2.properties,[Sun Dec 04 17:12:54 2005] [notice] workerEnv.init() ok /etc/httpd/conf/workers2.properties
717,2005-12-04 17:12:55,ERROR,httpd,,,1,mod_jk child workerEnv in error state <NUM>,mod_jk child workerEnv in error state 6,[Sun Dec 04 17:12:55 2005] [error] mod_jk child workerEnv in error state 6
718,2005-12-04 17:12:55,ERROR,httpd,,,1,mod_jk child workerEnv in error state <NUM>,mod_jk child workerEnv in error state 7,[Sun Dec 04 17:12:55 2005] [error] mod_jk child workerEnv in error state 7
719,2005-12-04 17:12:55,ERROR,httpd,,,1,mod_jk child workerEnv in error state <NUM>,mod_jk child workerEnv in error state 7,[Sun Dec 04 17:12:55 2005] [error] mod_jk child workerEnv in error state 7
720,2005-12-04 17:12:55,ERROR,httpd,,,1,mod_jk child workerEnv in error state <NUM>,mod_jk child workerEnv in error state 7,[Sun Dec 04 17:12:55 2005] [error] mod_jk child workerEnv in error state 7
721,2005-12-04 17:12:56,NOTICE,httpd,,,2,jk2_init() Found child <NUM> in scoreboard slot <NUM>,jk2_init() Found child 1397 in scoreboard slot 7,[Sun Dec 04 17:12:56 2005] [notice] jk2_init() Found child 1397 in scoreboard slot 7
722,2005-12-04 17:12:57,NOTICE,httpd,,,0,workerEnv.init() ok <PATH>,workerEnv.init() ok /etc/httpd/conf/workers2.properties,[Sun Dec 04 17:12:57 2005] [notice] workerEnv.init() ok /etc/httpd/conf/workers2.properties
723,2005-12-04 17:12:57,ERROR,httpd,,,1,mod_jk child workerEnv in error state <NUM>,mod_jk child workerEnv in error state 7,[Sun Dec 04 17:12:57 2005] [error] mod_jk child workerEnv in error state 7
724,2005-12-04 17:17:07,NOTICE,httpd,,,2,jk2_init() Found child <NUM> in scoreboard slot <NUM>,jk2_init() Found child 1414 in scoreboard slot 7,[Sun Dec 04 17:17:07 2005] [notice] jk2_init() Found child 1414 in scoreboard slot 7
725,2005-12-04 17:17:07,NOTICE,httpd,,,2,jk2_init() Found child <NUM> in scoreboard slot <NUM>,jk2_init() Found child 1412 in scoreboard slot 10,[Sun Dec 04 17:17:07 2005] [notice] jk2_init() Found child 1412 in scoreboard slot 10
726,2005-12-04 17:17:07,NOTICE,httpd,,,2,jk2_init() Found child <NUM> in scoreboard slot <NUM>,jk2_init() Found child 1413 in scoreboard slot 6,[Sun Dec 04 17:17:07 2005] [notice] jk2_init() Found child 1413 in scoreboard slot 6
727,2005-12-04 17:20:38,NOTICE,httpd,,,2,jk2_init() Found child <NUM> in scoreboard slot <NUM>,jk2_init() Found child 1448 in scoreboard slot 6,[Sun Dec 04 17:20:38 2005] [notice] jk2_init() Found child 1448 in scoreboard slot 6
728,2005-12-04 17:20:38,NOTICE,httpd,,,2,jk2_init() Found child <NUM> in scoreboard slot <NUM>,jk2_init() Found child 1439 in scoreboard slot 7,[Sun Dec 04 17:20:38 2005] [notice] jk2_init() Found child 1439 in scoreboard slot 7
729,2005-12-04 17:20:38,NOTICE,httpd,,,2,jk2_init() Found child <NUM> in scoreboard slot <NUM>,jk2_init() Found child 1441 in scoreboard slot 9,[Sun Dec 04 17:20:38 2005] [notice] jk2_init() Found child 1441 in scoreboard slot 9
730,2005-12-04 17:20:38,NOTICE,httpd,,,2,jk2_init() Found child <NUM> in scoreboard slot <NUM>,jk2_init() Found child 1450 in scoreboard slot 11,[Sun Dec 04 17:20:38 2005] [notice] jk2_init() Found child 1450 in scoreboard slot 11
731,2005-12-04 17:20:39,NOTICE,httpd,,,2,jk2_init() Found child <NUM> in scoreboard slot <NUM>,jk2_init() Found child 1449 in scoreboard slot 10,[Sun Dec 04 17:20:39 2005] [notice] jk2_init() Found child 1449 in scoreboard slot 10
732,2005-12-04 17:20:39,NOTICE,httpd,,,2,jk2_init() Found child <NUM> in scoreboard slot <NUM>,jk2_init() Found child 1440 in scoreboard slot 8,[Sun Dec 04 17:20:39 2005] [notice] jk2_init() Found child 1440 in scoreboard slot 8
733,2005-12-04 17:20:44,NOTICE,httpd,,,0,workerEnv.init() ok <PATH>,workerEnv.init() ok /etc/httpd/conf/workers2.properties,[Sun Dec 04 17:20:44 2005] [notice] workerEnv.init() ok /etc/httpd/conf/workers2.properties
734,2005-12-04 17:20:44,NOTICE,httpd,,,0,workerEnv.init() ok <PATH>,workerEnv.init() ok /etc/httpd/conf/workers2.properties,[Sun Dec 04 17:20:44 2005] [notice] workerEnv.init() ok /etc/httpd/conf/workers2.properties
735,2005-12-04 17:20:44,NOTICE,httpd,,,0,workerEnv.init() ok <PATH>,workerEnv.init() ok /etc/httpd/conf/workers2.properties,[Sun Dec 04 17:20:44 2005] [notice] workerEnv.init() ok /etc/httpd/conf/workers2.properties
736,2005-12-04 17:20:44,NOTICE,httpd,,,0,workerEnv.init() ok <PATH>,workerEnv.init() ok /etc/httpd/conf/workers2.properties,[Sun Dec 04 17:20:44 2005] [notice] workerEnv.init() ok /etc/httpd/conf/workers2.properties
737,2005-12-04 17:20:44,NOTICE,httpd,,,0,workerEnv.init() ok <PATH>,workerEnv.init() ok /etc/httpd/conf/workers2.properties,[Sun Dec 04 17:20:44 2005] [notice] workerEnv.init() ok /etc/httpd/conf/workers2.properties
738,2005-12-04 17:20:46,ERROR,httpd,,,1,mod_jk child workerEnv in error state <NUM>,mod_jk child workerEnv in error state 7,[Sun Dec 04 17:20:46 2005] [error] mod_jk child workerEnv in error state 7
739,2005-12-04 17:20:46,ERROR,httpd,,,1,mod_jk child workerEnv in error state <NUM>,mod_jk child workerEnv in error state 6,[Sun Dec 04 17:20:46 2005] [error] mod_jk child workerEnv in error state 6
740,2005-12-04 17:20:46,ERROR,httpd,,,1,mod_jk child workerEnv in error state <NUM>,mod_jk child workerEnv in error state 6,[Sun Dec 04 17:20:46 2005] [error] mod_jk child workerEnv in error state 6
741,2005-12-04 17:20:46,ERROR,httpd,,,1,mod_jk child workerEnv in error state <NUM>,mod_jk child workerEnv in error state 7,[Sun Dec 04 17:20:46 2005] [error] mod_jk child workerEnv in error state 7
742,2005-12-04 17:20:46,ERROR,httpd,,,1,mod_jk child workerEnv in error state <NUM>,mod_jk child workerEnv in error state 6,[Sun Dec 04 17:20:46 2005] [error] mod_jk child workerEnv in error state 6
743,2005-12-04 17:21:01,NOTICE,httpd,,,2,jk2_init() Found child <NUM> in scoreboard slot <NUM>,jk2_init() Found child 1452 in scoreboard slot 7,[Sun Dec 04 17:21:01 2005] [notice] jk2_init() Found child 1452 in scoreboard slot 7
744,2005-12-04 17:21:04,NOTICE,httpd,,,0,workerEnv.init() ok <PATH>,workerEnv.init() ok /etc/httpd/conf/workers2.properties,[Sun Dec 04 17:21:04 2005] [notice] workerEnv.init() ok /etc/httpd/conf/workers2.properties
745,2005-12-04 17:21:04,ERROR,httpd,,,1,mod_jk child workerEnv in error state <NUM>,mod_jk child workerEnv in error state 8,[Sun Dec 04 17:21:04 2005] [error] mod_jk child workerEnv in error state 8
746,2005-12-04 17:26:04,NOTICE,httpd,,,2,jk2_init() Found child <NUM> in scoreboard slot <NUM>,jk2_init() Found child 1461 in scoreboard slot 8,[Sun Dec 04 17:26:04 2005] [notice] jk2_init() Found child 1461 in scoreboard slot 8
747,2005-12-04 17:26:39,NOTICE,httpd,,,2,jk2_init() Found child <NUM> in scoreboard slot <NUM>,jk2_init() Found child 1462 in scoreboard slot 6,[Sun Dec 04 17:26:39 2005] [notice] jk2_init() Found child 1462 in scoreboard slot 6
748,2005-12-04 17:27:13,NOTICE,httpd,,,2,jk2_init() Found child <NUM> in scoreboard slot <NUM>,jk2_init() Found child 1466 in scoreboard slot 8,[Sun Dec 04 17:27:13 2005] [notice] jk2_init() Found child 1466 in scoreboard slot 8
749,2005-12-04 17:28:00,NOTICE,httpd,,,2,jk2_init() Found child <NUM> in scoreboard slot <NUM>,jk2_init() Found child 1470 in scoreboard slot 7,[Sun Dec 04 17:28:00 2005] [notice] jk2_init() Found child 1470 in scoreboard slot 7
750,2005-12-04 17:28:42,NOTICE,httpd,,,2,jk2_init() Found child <NUM> in scoreboard slot <NUM>,jk2_init() Found child 1477 in scoreboard slot 6,[Sun Dec 04 17:28:42 2005] [notice] jk2_init() Found child 1477 in scoreboard slot 6
751,2005-12-04 17:28:41,NOTICE,httpd,,,2,jk2_init() Found child <NUM> in scoreboard slot <NUM>,jk2_init() Found child 1476 in scoreboard slot 8,[Sun Dec 04 17:28:41 2005] [notice] jk2_init() Found child 1476 in scoreboard slot 8
752,2005-12-04 17:31:00,NOTICE,httpd,,,2,jk2_init() Found child <NUM> in scoreboard slot <NUM>,jk2_init() Found child 1501 in scoreboard slot 7,[Sun Dec 04 17:31:00 2005] [notice] jk2_init() Found child 1501 in scoreboard slot 7
753,2005-12-04 17:31:00,NOTICE,httpd,,,2,jk2_init() Found child <NUM> in scoreboard slot <NUM>,jk2_init() Found child 1502 in scoreboard slot 6,[Sun Dec 04 17:31:00 2005] [notice] jk2_init() Found child 1502 in scoreboard slot 6
754,2005-12-04 17:31:00,NOTICE,httpd,,,2,jk2_init() Found child <NUM> in scoreboard slot <NUM>,jk2_init() Found child 1498 in scoreboard slot 8,[Sun Dec 04 17:31:00 2005] [notice] jk2_init() Found child 1498 in scoreboard slot 8
755,2005-12-04 17:31:00,NOTICE,httpd,,,2,jk2_init() Found child <NUM> in scoreboard slot <NUM>,jk2_init() Found child 1499 in scoreboard slot 11,[Sun Dec 04 17:31:00 2005] [notice] jk2_init() Found child 1499 in scoreboard slot 11
756,2005-12-04 17:31:10,NOTICE,httpd,,,0,workerEnv.init() ok <PATH>,workerEnv.init() ok /etc/httpd/conf/workers2.properties,[Sun Dec 04 17:31:10 2005] [notice] workerEnv.init() ok /etc/httpd/conf/workers2.properties
757,2005-12-04 17:31:10,NOTICE,httpd,,,0,workerEnv.init() ok <PATH>,workerEnv.init() ok /etc/httpd/conf/workers2.properties,[Sun Dec 04 17:31:10 2005] [notice] workerEnv.init() ok /etc/httpd/conf/workers2.properties
758,2005-12-04 17:31:10,NOTICE,httpd,,,0,workerEnv.init() ok <PATH>,workerEnv.init() ok /etc/httpd/conf/workers2.properties,[Sun Dec 04 17:31:10 2005] [notice] workerEnv.init() ok /etc/httpd/conf/workers2.properties
759,2005-12-04 17:31:11,NOTICE,httpd,,,0,workerEnv.init() ok <PATH>,workerEnv.init() ok /etc/httpd/conf/workers2.properties,[Sun Dec 04 17:31:11 2005] [notice] workerEnv.init() ok /etc/httpd/conf/workers2.properties
760,2005-12-04 17:31:12,ERROR,httpd,,,1,mod_jk child workerEnv in error state <NUM>,mod_jk child workerEnv in error state 6,[Sun Dec 04 17:31:12 2005] [error] mod_jk child workerEnv in error state 6
761,2005-12-04 17:31:12,ERROR,httpd,,,1,mod_jk child workerEnv in error state <NUM>,mod_jk child workerEnv in error state 6,[Sun Dec 04 17:31:12 2005] [error] mod_jk child workerEnv in error state 6
762,2005-12-04 17:31:12,ERROR,httpd,,,1,mod_jk child workerEnv in error state <NUM>,mod_jk child workerEnv in error state 8,[Sun Dec 04 17:31:12 2005] [error] mod_jk child workerEnv in error state 8
763,2005-12-04 17:31:12,ERROR,httpd,,,1,mod_jk child workerEnv in error state <NUM>,mod_jk child workerEnv in error state 9,[Sun Dec 04 17:31:12 2005] [error] mod_jk child workerEnv in error state 9
764,2005-12-04 17:31:43,NOTICE,httpd,,,2,jk2_init() Found child <NUM> in scoreboard slot <NUM>,jk2_init() Found child 1503 in scoreboard slot 9,[Sun Dec 04 17:31:43 2005] [notice] jk2_init() Found child 1503 in scoreboard slot 9
765,2005-12-04 17:31:43,NOTICE,httpd,,,2,jk2_init() Found child <NUM> in scoreboard slot <NUM>,jk2_init() Found child 1504 in scoreboard slot 8,[Sun Dec 04 17:31:43 2005] [notice] jk2_init() Found child 1504 in scoreboard slot 8
766,2005-12-04 17:31:45,NOTICE,httpd,,,0,workerEnv.init() ok <PATH>,workerEnv.init() ok /etc/httpd/conf/workers2.properties,[Sun Dec 04 17:31:45 2005] [notice] workerEnv.init() ok /etc/httpd/conf/workers2.properties
767,2005-12-04 17:31:45,NOTICE,httpd,,,0,workerEnv.init() ok <PATH>,workerEnv.init() ok /etc/httpd/conf/workers2.properties,[Sun Dec 04 17:31:45 2005] [notice] workerEnv.init() ok /etc/httpd/conf/workers2.properties
768,2005-12-04 17:31:45,ERROR,httpd,,,1,mod_jk child workerEnv in error state <NUM>,mod_jk child workerEnv in error state 6,[Sun Dec 04 17:31:45 2005] [error] mod_jk child workerEnv in error state 6
769,2005-12-04 17:31:45,ERROR,httpd,,,1,mod_jk child workerEnv in error state <NUM>,mod_jk child workerEnv in error state 6,[Sun Dec 04 17:31:45 2005] [error] mod_jk child workerEnv in error state 6
770,2005-12-04 17:34:52,NOTICE,httpd,,,2,jk2_init() Found child <NUM> in scoreboard slot <NUM>,jk2_init() Found child 1507 in scoreboard slot 10,[Sun Dec 04 17:34:52 2005] [notice] jk2_init() Found child 1507 in scoreboard slot 10
771,2005-12-04 17:34:57,NOTICE,httpd,,,0,workerEnv.init() ok <PATH>,workerEnv.init() ok /etc/httpd/conf/workers2.properties,[Sun Dec 04 17:34:57 2005] [notice] workerEnv.init() ok /etc/httpd/conf/workers2.properties
772,2005-12-04 17:34:57,ERROR,httpd,,,1,mod_jk child workerEnv in error state <NUM>,mod_jk child workerEnv in error state 6,[Sun Dec 04 17:34:57 2005] [error] mod_jk child workerEnv in error state 6
773,2005-12-04 17:34:57,ERROR,httpd,,,3,[client <IP>] Directory index forbidden by rule: <PATH>,[client 61.138.216.82] Directory index forbidden by rule: /var/www/html/,[Sun Dec 04 17:34:57 2005] [error] [client 61.138.216.82] Directory index forbidden by rule: /var/www/html/
774,2005-12-04 17:36:14,NOTICE,httpd,,,2,jk2_init() Found child <NUM> in scoreboard slot <NUM>,jk2_init() Found child 1512 in scoreboard slot 7,[Sun Dec 04 17:36:14 2005] [notice] jk2_init() Found child 1512 in scoreboard slot 7
775,2005-12-04 17:36:14,NOTICE,httpd,,,2,jk2_init() Found child <NUM> in scoreboard slot <NUM>,jk2_init() Found child 1513 in scoreboard slot 6,[Sun Dec 04 17:36:14 2005] [notice] jk2_init() Found child 1513 in scoreboard slot 6
776,2005-12-04 17:37:08,NOTICE,httpd,,,2,jk2_init() Found child <NUM> in scoreboard slot <NUM>,jk2_init() Found child 1517 in scoreboard slot 7,[Sun Dec 04 17:37:08 2005] [notice] jk2_init() Found child 1517 in scoreboard slot 7
777,2005-12-04 17:37:08,NOTICE,httpd,,,2,jk2_init() Found child <NUM> in scoreboard slot <NUM>,jk2_init() Found child 1518 in scoreboard slot 6,[Sun Dec 04 17:37:08 2005] [notice] jk2_init() Found child 1518 in scoreboard slot 6
778,2005-12-04 17:37:47,NOTICE,httpd,,,2,jk2_init() Found child <NUM> in scoreboard slot <NUM>,jk2_init() Found child 1520 in scoreboard slot 8,[Sun Dec 04 17:37:47 2005] [notice] jk2_init() Found child 1520 in scoreboard slot 8
779,2005-12-04 17:37:47,NOTICE,httpd,,,2,jk2_init() Found child <NUM> in scoreboard slot <NUM>,jk2_init() Found child 1521 in scoreboard slot 10,[Sun Dec 04 17:37:47 2005] [notice] jk2_init() Found child 1521 in scoreboard slot 10
780,2005-12-04 17:39:00,NOTICE,httpd,,,2,jk2_init() Found child <NUM> in scoreboard slot <NUM>,jk2_init() Found child 1529 in scoreboard slot 9,[Sun Dec 04 17:39:00 2005] [notice] jk2_init() Found child 1529 in scoreboard slot 9
781,2005-12-04 17:39:01,NOTICE,httpd,,,2,jk2_init() Found child <NUM> in scoreboard slot <NUM>,jk2_init() Found child 1530 in scoreboard slot 8,[Sun Dec 04 17:39:01 2005] [notice] jk2_init() Found child 1530 in scoreboard slot 8
782,2005-12-04 17:39:00,NOTICE,httpd,,,2,jk2_init() Found child <NUM> in scoreboard slot <NUM>,jk2_init() Found child 1528 in scoreboard slot 7,[Sun Dec 04 17:39:00 2005] [notice] jk2_init() Found child 1528 in scoreboard slot 7
783,2005-12-04 17:39:00,NOTICE,httpd,,,2,jk2_init() Found child <NUM> in scoreboard slot <NUM>,jk2_init() Found child 1527 in scoreboard slot 6,[Sun Dec 04 17:39:00 2005] [notice] jk2_init() Found child 1527 in scoreboard slot 6
784,2005-12-04 17:43:08,NOTICE,httpd,,,2,jk2_init() Found child <NUM> in scoreboard slot <NUM>,jk2_init() Found child 1565 in scoreboard slot 9,[Sun Dec 04 17:43:08 2005] [notice] jk2_init() Found child 1565 in scoreboard slot 9
785,2005-12-04 17:43:08,ERROR,httpd,,,4,jk2_init() Can't find child <NUM> in scoreboard,jk2_init() Can't find child 1566 in scoreboard,[Sun Dec 04 17:43:08 2005] [error] jk2_init() Can't find child 1566 in scoreboard
786,2005-12-04 17:43:08,NOTICE,httpd,,,2,jk2_init() Found child <NUM> in scoreboard slot <NUM>,jk2_init() Found child 1561 in scoreboard slot 6,[Sun Dec 04 17:43:08 2005] [notice] jk2_init() Found child 1561 in scoreboard slot 6
787,2005-12-04 17:43:08,NOTICE,httpd,,,2,jk2_init() Found child <NUM> in scoreboard slot <NUM>,jk2_init() Found child 1563 in scoreboard slot 8,[Sun Dec 04 17:43:08 2005] [notice] jk2_init() Found child 1563 in scoreboard slot 8
788,2005-12-04 17:43:08,NOTICE,httpd,,,2,jk2_init() Found child <NUM> in scoreboard slot <NUM>,jk2_init() Found child 1562 in scoreboard slot 7,[Sun Dec 04 17:43:08 2005] [notice] jk2_init() Found child 1562 in scoreboard slot 7
789,2005-12-04 17:43:08,ERROR,httpd,,,4,jk2_init() Can't find child <NUM> in scoreboard,jk2_init() Can't find child 1567 in scoreboard,[Sun Dec 04 17:43:08 2005] [error] jk2_init() Can't find child 1567 in scoreboard
790,2005-12-04 17:43:08,NOTICE,httpd,,,2,jk2_init() Found child <NUM> in scoreboard slot <NUM>,jk2_init() Found child 1568 in scoreboard slot 13,[Sun Dec 04 17:43:08 2005] [notice] jk2_init() Found child 1568 in scoreboard slot 13
791,2005-12-04 17:43:12,NOTICE,httpd,,,0,workerEnv.init() ok <PATH>,workerEnv.init() ok /etc/httpd/conf/workers2.properties,[Sun Dec 04 17:43:12 2005] [notice] workerEnv.init() ok /etc/httpd/conf/workers2.properties
792,2005-12-04 17:43:12,ERROR,httpd,,,1,mod_jk child workerEnv in error state <NUM>,mod_jk child workerEnv in error state 9,[Sun Dec 04 17:43:12 2005] [error] mod_jk child workerEnv in error state 9
793,2005-12-04 17:43:12,NOTICE,httpd,,,0,workerEnv.init() ok <PATH>,workerEnv.init() ok /etc/httpd/conf/workers2.properties,[Sun Dec 04 17:43:12 2005] [notice] workerEnv.init() ok /etc/httpd/conf/workers2.properties
794,2005-12-04 17:43:12,ERROR,httpd,,,1,mod_jk child workerEnv in error state <NUM>,mod_jk child workerEnv in error state 8,[Sun Dec 04 17:43:12 2005] [error] mod_jk child workerEnv in error state 8
795,2005-12-04 17:43:12,NOTICE,httpd,,,0,workerEnv.init() ok <PATH>,workerEnv.init() ok /etc/httpd/conf/workers2.properties,[Sun Dec 04 17:43:12 2005] [notice] workerEnv.init() ok /etc/httpd/conf/workers2.properties
796,2005-12-04 17:43:12,ERROR,httpd,,,5,mod_jk child init <NUM> -<NUM>,mod_jk child init 1 -2,[Sun Dec 04 17:43:12 2005] [error] mod_jk child init 1 -2
797,2005-12-04 17:43:12,NOTICE,httpd,,,0,workerEnv.init() ok <PATH>,workerEnv.init() ok /etc/httpd/conf/workers2.properties,[Sun Dec 04 17:43:12 2005] [notice] workerEnv.init() ok /etc/httpd/conf/workers2.properties
798,2005-12-04 17:43:12,ERROR,httpd,,,1,mod_jk child workerEnv in error state <NUM>,mod_jk child workerEnv in error state 7,[Sun Dec 04 17:43:12 2005] [error] mod_jk child workerEnv in error state 7
799,2005-12-04 17:43:12,NOTICE,httpd,,,0,workerEnv.init() ok <PATH>,workerEnv.init() ok /etc/httpd/conf/workers2.properties,[Sun Dec 04 17:43:12 2005] [notice] workerEnv.init() ok /etc/httpd/conf/workers2.properties
800,2005-12-04 17:43:12,ERROR,httpd,,,1,mod_jk child workerEnv in error state <NUM>,mod_jk child workerEnv in error state 9,[Sun Dec 04 17:43:12 2005] [error] mod_jk child workerEnv in error state 9
801,2005-12-04 17:43:12,NOTICE,httpd,,,0,workerEnv.init() ok <PATH>,workerEnv.init() ok /etc/httpd/conf/workers2.properties,[Sun Dec 04 17:43:12 2005] [notice] workerEnv.init() ok /etc/httpd/conf/workers2.properties
802,2005-12-04 17:43:12,ERROR,httpd,,,5,mod_jk child init <NUM> -<NUM>,mod_jk child init 1 -2,[Sun Dec 04 17:43:12 2005] [error] mod_jk child init 1 -2
803,2005-12-04 17:43:12,NOTICE,httpd,,,0,workerEnv.init() ok <PATH>,workerEnv.init() ok /etc/httpd/conf/workers2.properties,[Sun Dec 04 17:43:12 2005] [notice] workerEnv.init() ok /etc/httpd/conf/workers2.properties
804,2005-12-04 17:43:12,ERROR,httpd,,,1,mod_jk child workerEnv in error state <NUM>,mod_jk child workerEnv in error state 6,[Sun Dec 04 17:43:12 2005] [error] mod_jk child workerEnv in error state 6
805,2005-12-04 17:53:43,ERROR,httpd,,,3,[client <IP>] Directory index forbidden by rule: <PATH>,[client 218.39.132.175] Directory index forbidden by rule: /var/www/html/,[Sun Dec 04 17:53:43 2005] [error] [client 218.39.132.175] Directory index forbidden by rule: /var/www/html/
806,2005-12-04 18:24:22,ERROR,httpd,,,3,[client <IP>] Directory index forbidden by rule: <PATH>,[client 125.30.38.52] Directory index forbidden by rule: /var/www/html/,[Sun Dec 04 18:24:22 2005] [error] [client 125.30.38.52] Directory index forbidden by rule: /var/www/html/
807,2005-12-04 19:25:51,NOTICE,httpd,,,2,jk2_init() Found child <NUM> in scoreboard slot <NUM>,jk2_init() Found child 1763 in scoreboard slot 6,[Sun Dec 04 19:25:51 2005] [notice] jk2_init() Found child 1763 in scoreboard slot 6
808,2005-12-04 19:25:53,NOTICE,httpd,,,0,workerEnv.init() ok <PATH>,workerEnv.init() ok /etc/httpd/conf/workers2.properties,[Sun Dec 04 19:25:53 2005] [notice] workerEnv.init() ok /etc/httpd/conf/workers2.properties
809,2005-12-04 19:25:53,ERROR,httpd,,,1,mod_jk child workerEnv in error state <NUM>,mod_jk child workerEnv in error state 6,[Sun Dec 04 19:25:53 2005] [error] mod_jk child workerEnv in error state 6
810,2005-12-04 19:32:20,NOTICE,httpd,,,2,jk2_init() Found child <NUM> in scoreboard slot <NUM>,jk2_init() Found child 1786 in scoreboard slot 8,[Sun Dec 04 19:32:20 2005] [notice] jk2_init() Found child 1786 in scoreboard slot 8
811,2005-12-04 19:32:20,NOTICE,httpd,,,2,jk2_init() Found child <NUM> in scoreboard slot <NUM>,jk2_init() Found child 1787 in scoreboard slot 9,[Sun Dec 04 19:32:20 2005] [notice] jk2_init() Found child 1787 in scoreboard slot 9
812,2005-12-04 19:32:32,NOTICE,httpd,,,0,workerEnv.init() ok <PATH>,workerEnv.init() ok /etc/httpd/conf/workers2.properties,[Sun Dec 04 19:32:32 2005] [notice] workerEnv.init() ok /etc/httpd/conf/workers2.properties
813,2005-12-04 19:32:33,ERROR,httpd,,,1,mod_jk child workerEnv in error state <NUM>,mod_jk child workerEnv in error state 6,[Sun Dec 04 19:32:33 2005] [error] mod_jk child workerEnv in error state 6
814,2005-12-04 19:32:34,NOTICE,httpd,,,2,jk2_init() Found child <NUM> in scoreboard slot <NUM>,jk2_init() Found child 1788 in scoreboard slot 6,[Sun Dec 04 19:32:34 2005] [notice] jk2_init() Found child 1788 in scoreboard slot 6
815,2005-12-04 19:32:34,NOTICE,httpd,,,2,jk2_init() Found child <NUM> in scoreboard slot <NUM>,jk2_init() Found child 1790 in scoreboard slot 8,[Sun Dec 04 19:32:34 2005] [notice] jk2_init() Found child 1790 in scoreboard slot 8
816,2005-12-04 19:32:34,NOTICE,httpd,,,2,jk2_init() Found child <NUM> in scoreboard slot <NUM>,jk2_init() Found child 1789 in scoreboard slot 7,[Sun Dec 04 19:32:34 2005] [notice] jk2_init() Found child 1789 in scoreboard slot 7
817,2005-12-04 19:32:34,NOTICE,httpd,,,0,workerEnv.init() ok <PATH>,workerEnv.init() ok /etc/httpd/conf/workers2.properties,[Sun Dec 04 19:32:34 2005] [notice] workerEnv.init() ok /etc/httpd/conf/workers2.properties
818,2005-12-04 19:32:34,ERROR,httpd,,,1,mod_jk child workerEnv in error state <NUM>,mod_jk child workerEnv in error state 6,[Sun Dec 04 19:32:34 2005] [error] mod_jk child workerEnv in error state 6
819,2005-12-04 19:32:34,NOTICE,httpd,,,0,workerEnv.init() ok <PATH>,workerEnv.init() ok /etc/httpd/conf/workers2.properties,[Sun Dec 04 19:32:34 2005] [notice] workerEnv.init() ok /etc/httpd/conf/workers2.properties
820,2005-12-04 19:32:34,ERROR,httpd,,,1,mod_jk child workerEnv in error state <NUM>,mod_jk child workerEnv in error state 7,[Sun Dec 04 19:32:34 2005] [error] mod_jk child workerEnv in error state 7
821,2005-12-04 19:32:34,NOTICE,httpd,,,0,workerEnv.init() ok <PATH>,workerEnv.init() ok /etc/httpd/conf/workers2.properties,[Sun Dec 04 19:32:34 2005] [notice] workerEnv.init() ok /etc/httpd/conf/workers2.properties
822,2005-12-04 19:32:34,ERROR,httpd,,,1,mod_jk child workerEnv in error state <NUM>,mod_jk child workerEnv in error state 6,[Sun Dec 04 19:32:34 2005] [error] mod_jk child workerEnv in error state 6
823,2005-12-04 19:35:58,NOTICE,httpd,,,2,jk2_init() Found child <NUM> in scoreboard slot <NUM>,jk2_init() Found child 1797 in scoreboard slot 9,[Sun Dec 04 19:35:58 2005] [notice] jk2_init() Found child 1797 in scoreboard slot 9
824,2005-12-04 19:35:58,NOTICE,httpd,,,2,jk2_init() Found child <NUM> in scoreboard slot <NUM>,jk2_init() Found child 1798 in scoreboard slot 6,[Sun Dec 04 19:35:58 2005] [notice] jk2_init() Found child 1798 in scoreboard slot 6
825,2005-12-04 19:35:58,NOTICE,httpd,,,2,jk2_init() Found child <NUM> in scoreboard slot <NUM>,jk2_init() Found child 1799 in scoreboard slot 7,[Sun Dec 04 19:35:58 2005] [notice] jk2_init() Found child 1799 in scoreboard slot 7
826,2005-12-04 19:35:58,NOTICE,httpd,,,2,jk2_init() Found child <NUM> in scoreboard slot <NUM>,jk2_init() Found child 1800 in scoreboard slot 10,[Sun Dec 04 19:35:58 2005] [notice] jk2_init() Found child 1800 in scoreboard slot 10
827,2005-12-04 19:35:58,NOTICE,httpd,,,2,jk2_init() Found child <NUM> in scoreboard slot <NUM>,jk2_init() Found child 1801 in scoreboard slot 12,[Sun Dec 04 19:35:58 2005] [notice] jk2_init() Found child 1801 in scoreboard slot 12
828,2005-12-04 19:36:05,ERROR,httpd,,,3,[client <IP>] Directory index forbidden by rule: <PATH>,[client 61.37.222.240] Directory index forbidden by rule: /var/www/html/,[Sun Dec 04 19:36:05 2005] [error] [client 61.37.222.240] Directory index forbidden by rule: /var/www/html/
829,2005-12-04 19:36:07,NOTICE,httpd,,,0,workerEnv.init() ok <PATH>,workerEnv.init() ok /etc/httpd/conf/workers2.properties,[Sun Dec 04 19:36:07 2005] [notice] workerEnv.init() ok /etc/httpd/conf/workers2.properties
830,2005-12-04 19:36:07,ERROR,httpd,,,1,mod_jk child workerEnv in error state <NUM>,mod_jk child workerEnv in error state 6,[Sun Dec 04 19:36:07 2005] [error] mod_jk child workerEnv in error state 6
831,2005-12-04 19:36:07,NOTICE,httpd,,,0,workerEnv.init() ok <PATH>,workerEnv.init() ok /etc/httpd/conf/workers2.properties,[Sun Dec 04 19:36:07 2005] [notice] workerEnv.init() ok /etc/httpd/conf/workers2.properties
832,2005-12-04 19:36:07,ERROR,httpd,,,1,mod_jk child workerEnv in error state <NUM>,mod_jk child workerEnv in error state 6,[Sun Dec 04 19:36:07 2005] [error] mod_jk child workerEnv in error state 6
833,2005-12-04 19:36:07,NOTICE,httpd,,,0,workerEnv.init() ok <PATH>,workerEnv.init() ok /etc/httpd/conf/workers2.properties,[Sun Dec 04 19:36:07 2005] [notice] workerEnv.init() ok /etc/httpd/conf/workers2.properties
834,2005-12-04 19:36:07,ERROR,httpd,,,1,mod_jk child workerEnv in error state <NUM>,mod_jk child workerEnv in error state 6,[Sun Dec 04 19:36:07 2005] [error] mod_jk child workerEnv in error state 6
835,2005-12-04 19:36:07,NOTICE,httpd,,,0,workerEnv.init() ok <PATH>,workerEnv.init() ok /etc/httpd/conf/workers2.properties,[Sun Dec 04 19:36:07 2005] [notice] workerEnv.init() ok /etc/httpd/conf/workers2.properties
836,2005-12-04 19:36:07,ERROR,httpd,,,1,mod_jk child workerEnv in error state <NUM>,mod_jk child workerEnv in error state 6,[Sun Dec 04 19:36:07 2005] [error] mod_jk child workerEnv in error state 6
837,2005-12-04 19:36:07,NOTICE,httpd,,,0,workerEnv.init() ok <PATH>,workerEnv.init() ok /etc/httpd/conf/workers2.properties,[Sun Dec 04 19:36:07 2005] [notice] workerEnv.init() ok /etc/httpd/conf/workers2.properties
838,2005-12-04 19:36:07,ERROR,httpd,,,1,mod_jk child workerEnv in error state <NUM>,mod_jk child workerEnv in error state 6,[Sun Dec 04 19:36:07 2005] [error] mod_jk child workerEnv in error state 6
839,2005-12-04 19:41:20,NOTICE,httpd,,,2,jk2_init() Found child <NUM> in scoreboard slot <NUM>,jk2_init() Found child 1816 in scoreboard slot 9,[Sun Dec 04 19:41:20 2005] [notice] jk2_init() Found child 1816 in scoreboard slot 9
840,2005-12-04 19:41:20,NOTICE,httpd,,,2,jk2_init() Found child <NUM> in scoreboard slot <NUM>,jk2_init() Found child 1814 in scoreboard slot 7,[Sun Dec 04 19:41:20 2005] [notice] jk2_init() Found child 1814 in scoreboard slot 7
841,2005-12-04 19:41:20,NOTICE,httpd,,,2,jk2_init() Found child <NUM> in scoreboard slot <NUM>,jk2_init() Found child 1813 in scoreboard slot 6,[Sun Dec 04 19:41:20 2005] [notice] jk2_init() Found child 1813 in scoreboard slot 6
842,2005-12-04 19:41:20,NOTICE,httpd,,,2,jk2_init() Found child <NUM> in scoreboard slot <NUM>,jk2_init() Found child 1815 in scoreboard slot 8,[Sun Dec 04 19:41:20 2005] [notice] jk2_init() Found child 1815 in scoreboard slot 8
843,2005-12-04 19:41:21,NOTICE,httpd,,,0,workerEnv.init() ok <PATH>,workerEnv.init() ok /etc/httpd/conf/workers2.properties,[Sun Dec 04 19:41:21 2005] [notice] workerEnv.init() ok /etc/httpd/conf/workers2.properties
844,2005-12-04 19:41:21,ERROR,httpd,,,1,mod_jk child workerEnv in error state <NUM>,mod_jk child workerEnv in error state 6,[Sun Dec 04 19:41:21 2005] [error] mod_jk child workerEnv in error state 6
845,2005-12-04 19:41:21,NOTICE,httpd,,,0,workerEnv.init() ok <PATH>,workerEnv.init() ok /etc/httpd/conf/workers2.properties,[Sun Dec 04 19:41:21 2005] [notice] workerEnv.init() ok /etc/httpd/conf/workers2.properties
846,2005-12-04 19:41:21,ERROR,httpd,,,1,mod_jk child workerEnv in error state <NUM>,mod_jk child workerEnv in error state 6,[Sun Dec 04 19:41:21 2005] [error] mod_jk child workerEnv in error state 6
847,2005-12-04 19:41:21,NOTICE,httpd,,,0,workerEnv.init() ok <PATH>,workerEnv.init() ok /etc/httpd/conf/workers2.properties,[Sun Dec 04 19:41:21 2005] [notice] workerEnv.init() ok /etc/httpd/conf/workers2.properties
848,2005-12-04 19:41:21,ERROR,httpd,,,1,mod_jk child workerEnv in error state <NUM>,mod_jk child workerEnv in error state 6,[Sun Dec 04 19:41:21 2005] [error] mod_jk child workerEnv in error state 6
849,2005-12-04 19:41:21,NOTICE,httpd,,,0,workerEnv.init() ok <PATH>,workerEnv.init() ok /etc/httpd/conf/workers2.properties,[Sun Dec 04 19:41:21 2005] [notice] workerEnv.init() ok /etc/httpd/conf/workers2.properties
850,2005-12-04 19:41:21,ERROR,httpd,,,1,mod_jk child workerEnv in error state <NUM>,mod_jk child workerEnv in error state 6,[Sun Dec 04 19:41:21 2005] [error] mod_jk child workerEnv in error state 6
851,2005-12-04 19:46:04,NOTICE,httpd,,,2,jk2_init() Found child <NUM> in scoreboard slot <NUM>,jk2_init() Found child 1821 in scoreboard slot 6,[Sun Dec 04 19:46:04 2005] [notice] jk2_init() Found child 1821 in scoreboard slot 6
852,2005-12-04 19:46:04,NOTICE,httpd,,,2,jk2_init() Found child <NUM> in scoreboard slot <NUM>,jk2_init() Found child 1822 in scoreboard slot 7,[Sun Dec 04 19:46:04 2005] [notice] jk2_init() Found child 1822 in scoreboard slot 7
853,2005-12-04 19:46:13,NOTICE,httpd,,,0,workerEnv.init() ok <PATH>,workerEnv.init() ok /etc/httpd/conf/workers2.properties,[Sun Dec 04 19:46:13 2005] [notice] workerEnv.init() ok /etc/httpd/conf/workers2.properties
854,2005-12-04 19:46:13,NOTICE,httpd,,,0,workerEnv.init() ok <PATH>,workerEnv.init() ok /etc/httpd/conf/workers2.properties,[Sun Dec 04 19:46:13 2005] [notice] workerEnv.init() ok /etc/httpd/conf/workers2.properties
855,2005-12-04 19:46:13,ERROR,httpd,,,1,mod_jk child workerEnv in error state <NUM>,mod_jk child workerEnv in error state 6,[Sun Dec 04 19:46:13 2005] [error] mod_jk child workerEnv in error state 6
856,2005-12-04 19:46:13,ERROR,httpd,,,1,mod_jk child workerEnv in error state <NUM>,mod_jk child workerEnv in error state 6,[Sun Dec 04 19:46:13 2005] [error] mod_jk child workerEnv in error state 6
857,2005-12-04 19:46:16,NOTICE,httpd,,,2,jk2_init() Found child <NUM> in scoreboard slot <NUM>,jk2_init() Found child 1823 in scoreboard slot 8,[Sun Dec 04 19:46:16 2005] [notice] jk2_init() Found child 1823 in scoreboard slot 8
858,2005-12-04 19:46:19,NOTICE,httpd,,,2,jk2_init() Found child <NUM> in scoreboard slot <NUM>,jk2_init() Found child 1824 in scoreboard slot 9,[Sun Dec 04 19:46:19 2005] [notice] jk2_init() Found child 1824 in scoreboard slot 9
859,2005-12-04 19:46:20,NOTICE,httpd,,,0,workerEnv.init() ok <PATH>,workerEnv.init() ok /etc/httpd/conf/workers2.properties,[Sun Dec 04 19:46:20 2005] [notice] workerEnv.init() ok /etc/httpd/conf/workers2.properties
860,2005-12-04 19:46:20,ERROR,httpd,,,1,mod_jk child workerEnv in error state <NUM>,mod_jk child workerEnv in error state 6,[Sun Dec 04 19:46:20 2005] [error] mod_jk child workerEnv in error state 6
861,2005-12-04 19:46:20,NOTICE,httpd,,,0,workerEnv.init() ok <PATH>,workerEnv.init() ok /etc/httpd/conf/workers2.properties,[Sun Dec 04 19:46:20 2005] [notice] workerEnv.init() ok /etc/httpd/conf/workers2.properties
862,2005-12-04 19:46:20,ERROR,httpd,,,1,mod_jk child workerEnv in error state <NUM>,mod_jk child workerEnv in error state 6,[Sun Dec 04 19:46:20 2005] [error] mod_jk child workerEnv in error state 6
863,2005-12-04 19:50:39,NOTICE,httpd,,,2,jk2_init() Found child <NUM> in scoreboard slot <NUM>,jk2_init() Found child 1833 in scoreboard slot 7,[Sun Dec 04 19:50:39 2005] [notice] jk2_init() Found child 1833 in scoreboard slot 7
864,2005-12-04 19:50:39,NOTICE,httpd,,,2,jk2_init() Found child <NUM> in scoreboard slot <NUM>,jk2_init() Found child 1832 in scoreboard slot 6,[Sun Dec 04 19:50:39 2005] [notice] jk2_init() Found child 1832 in scoreboard slot 6
865,2005-12-04 19:50:51,NOTICE,httpd,,,0,workerEnv.init() ok <PATH>,workerEnv.init() ok /etc/httpd/conf/workers2.properties,[Sun Dec 04 19:50:51 2005] [notice] workerEnv.init() ok /etc/httpd/conf/workers2.properties
866,2005-12-04 19:50:51,NOTICE,httpd,,,0,workerEnv.init() ok <PATH>,workerEnv.init() ok /etc/httpd/conf/workers2.properties,[Sun Dec 04 19:50:51 2005] [notice] workerEnv.init() ok /etc/httpd/conf/workers2.properties
867,2005-12-04 19:50:55,ERROR,httpd,,,1,mod_jk child workerEnv in error state <NUM>,mod_jk child workerEnv in error state 6,[Sun Dec 04 19:50:55 2005] [error] mod_jk child workerEnv in error state 6
868,2005-12-04 19:50:57,NOTICE,httpd,,,2,jk2_init() Found child <NUM> in scoreboard slot <NUM>,jk2_init() Found child 1834 in scoreboard slot 8,[Sun Dec 04 19:50:57 2005] [notice] jk2_init() Found child 1834 in scoreboard slot 8
869,2005-12-04 19:50:55,ERROR,httpd,,,1,mod_jk child workerEnv in error state <NUM>,mod_jk child workerEnv in error state 6,[Sun Dec 04 19:50:55 2005] [error] mod_jk child workerEnv in error state 6
870,2005-12-04 19:51:16,NOTICE,httpd,,,0,workerEnv.init() ok <PATH>,workerEnv.init() ok /etc/httpd/conf/workers2.properties,[Sun Dec 04 19:51:16 2005] [notice] workerEnv.init() ok /etc/httpd/conf/workers2.properties
871,2005-12-04 19:51:18,ERROR,httpd,,,1,mod_jk child workerEnv in error state <NUM>,mod_jk child workerEnv in error state 6,[Sun Dec 04 19:51:18 2005] [error] mod_jk child workerEnv in error state 6
872,2005-12-04 19:51:43,NOTICE,httpd,,,2,jk2_init() Found child <NUM> in scoreboard slot <NUM>,jk2_init() Found child 1835 in scoreboard slot 9,[Sun Dec 04 19:51:43 2005] [notice] jk2_init() Found child 1835 in scoreboard slot 9
873,2005-12-04 19:51:52,NOTICE,httpd,,,2,jk2_init() Found child <NUM> in scoreboard slot <NUM>,jk2_init() Found child 1836 in scoreboard slot 6,[Sun Dec 04 19:51:52 2005] [notice] jk2_init() Found child 1836 in scoreboard slot 6
874,2005-12-04 19:51:52,NOTICE,httpd,,,2,jk2_init() Found child <NUM> in scoreboard slot <NUM>,jk2_init() Found child 1837 in scoreboard slot 7,[Sun Dec 04 19:51:52 2005] [notice] jk2_init() Found child 1837 in scoreboard slot 7
875,2005-12-04 19:51:54,NOTICE,httpd,,,0,workerEnv.init() ok <PATH>,workerEnv.init() ok /etc/httpd/conf/workers2.properties,[Sun Dec 04 19:51:54 2005] [notice] workerEnv.init() ok /etc/httpd/conf/workers2.properties
876,2005-12-04 19:51:54,ERROR,httpd,,,1,mod_jk child workerEnv in error state <NUM>,mod_jk child workerEnv in error state 6,[Sun Dec 04 19:51:54 2005] [error] mod_jk child workerEnv in error state 6
877,2005-12-04 19:51:54,NOTICE,httpd,,,0,workerEnv.init() ok <PATH>,workerEnv.init() ok /etc/httpd/conf/workers2.properties,[Sun Dec 04 19:51:54 2005] [notice] workerEnv.init() ok /etc/httpd/conf/workers2.properties
878,2005-12-04 19:51:54,ERROR,httpd,,,1,mod_jk child workerEnv in error state <NUM>,mod_jk child workerEnv in error state 6,[Sun Dec 04 19:51:54 2005] [error] mod_jk child workerEnv in error state 6
879,2005-12-04 19:51:54,NOTICE,httpd,,,0,workerEnv.init() ok <PATH>,workerEnv.init() ok /etc/httpd/conf/workers2.properties,[Sun Dec 04 19:51:54 2005] [notice] workerEnv.init() ok /etc/httpd/conf/workers2.properties
880,2005-12-04 19:51:54,ERROR,httpd,,,1,mod_jk child workerEnv in error state <NUM>,mod_jk child workerEnv in error state 6,[Sun Dec 04 19:51:54 2005] [error] mod_jk child workerEnv in error state 6
881,2005-12-04 19:56:51,NOTICE,httpd,,,2,jk2_init() Found child <NUM> in scoreboard slot <NUM>,jk2_init() Found child 1851 in scoreboard slot 6,[Sun Dec 04 19:56:51 2005] [notice] jk2_init() Found child 1851 in scoreboard slot 6
882,2005-12-04 19:56:51,NOTICE,httpd,,,2,jk2_init() Found child <NUM> in scoreboard slot <NUM>,jk2_init() Found child 1852 in scoreboard slot 9,[Sun Dec 04 19:56:51 2005] [notice] jk2_init() Found child 1852 in scoreboard slot 9
883,2005-12-04 19:56:51,NOTICE,httpd,,,2,jk2_init() Found child <NUM> in scoreboard slot <NUM>,jk2_init() Found child 1853 in scoreboard slot 7,[Sun Dec 04 19:56:51 2005] [notice] jk2_init() Found child 1853 in scoreboard slot 7
884,2005-12-04 19:56:51,NOTICE,httpd,,,2,jk2_init() Found child <NUM> in scoreboard slot <NUM>,jk2_init() Found child 1850 in scoreboard slot 8,[Sun Dec 04 19:56:51 2005] [notice] jk2_init() Found child 1850 in scoreboard slot 8
885,2005-12-04 19:56:53,NOTICE,httpd,,,0,workerEnv.init() ok <PATH>,workerEnv.init() ok /etc/httpd/conf/workers2.properties,[Sun Dec 04 19:56:53 2005] [notice] workerEnv.init() ok /etc/httpd/conf/workers2.properties
886,2005-12-04 19:56:53,ERROR,httpd,,,1,mod_jk child workerEnv in error state <NUM>,mod_jk child workerEnv in error state 6,[Sun Dec 04 19:56:53 2005] [error] mod_jk child workerEnv in error state 6
887,2005-12-04 19:56:53,NOTICE,httpd,,,0,workerEnv.init() ok <PATH>,workerEnv.init() ok /etc/httpd/conf/workers2.properties,[Sun Dec 04 19:56:53 2005] [notice] workerEnv.init() ok /etc/httpd/conf/workers2.properties
888,2005-12-04 19:56:53,ERROR,httpd,,,1,mod_jk child workerEnv in error state <NUM>,mod_jk child workerEnv in error state 6,[Sun Dec 04 19:56:53 2005] [error] mod_jk child workerEnv in error state 6
889,2005-12-04 19:56:53,NOTICE,httpd,,,0,workerEnv.init() ok <PATH>,workerEnv.init() ok /etc/httpd/conf/workers2.properties,[Sun Dec 04 19:56:53 2005] [notice] workerEnv.init() ok /etc/httpd/conf/workers2.properties
890,2005-12-04 19:56:53,ERROR,httpd,,,1,mod_jk child workerEnv in error state <NUM>,mod_jk child workerEnv in error state 6,[Sun Dec 04 19:56:53 2005] [error] mod_jk child workerEnv in error state 6
891,2005-12-04 19:56:53,NOTICE,httpd,,,0,workerEnv.init() ok <PATH>,workerEnv.init() ok /etc/httpd/conf/workers2.properties,[Sun Dec 04 19:56:53 2005] [notice] workerEnv.init() ok /etc/httpd/conf/workers2.properties
892,2005-12-04 19:56:53,ERROR,httpd,,,1,mod_jk child workerEnv in error state <NUM>,mod_jk child workerEnv in error state 6,[Sun Dec 04 19:56:53 2005] [error] mod_jk child workerEnv in error state 6
893,2005-12-04 20:01:00,NOTICE,httpd,,,2,jk2_init() Found child <NUM> in scoreboard slot <NUM>,jk2_init() Found child 1861 in scoreboard slot 8,[Sun Dec 04 20:01:00 2005] [notice] jk2_init() Found child 1861 in scoreboard slot 8
894,2005-12-04 20:01:00,NOTICE,httpd,,,2,jk2_init() Found child <NUM> in scoreboard slot <NUM>,jk2_init() Found child 1862 in scoreboard slot 6,[Sun Dec 04 20:01:00 2005] [notice] jk2_init() Found child 1862 in scoreboard slot 6
895,2005-12-04 20:01:30,NOTICE,httpd,,,2,jk2_init() Found child <NUM> in scoreboard slot <NUM>,jk2_init() Found child 1867 in scoreboard slot 8,[Sun Dec 04 20:01:30 2005] [notice] jk2_init() Found child 1867 in scoreboard slot 8
896,2005-12-04 20:01:30,NOTICE,httpd,,,2,jk2_init() Found child <NUM> in scoreboard slot <NUM>,jk2_init() Found child 1864 in scoreboard slot 7,[Sun Dec 04 20:01:30 2005] [notice] jk2_init() Found child 1864 in scoreboard slot 7
897,2005-12-04 20:01:30,NOTICE,httpd,,,2,jk2_init() Found child <NUM> in scoreboard slot <NUM>,jk2_init() Found child 1868 in scoreboard slot 6,[Sun Dec 04 20:01:30 2005] [notice] jk2_init() Found child 1868 in scoreboard slot 6
898,2005-12-04 20:01:30,NOTICE,httpd,,,2,jk2_init() Found child <NUM> in scoreboard slot <NUM>,jk2_init() Found child 1863 in scoreboard slot 9,[Sun Dec 04 20:01:30 2005] [notice] jk2_init() Found child 1863 in scoreboard slot 9
899,2005-12-04 20:01:37,NOTICE,httpd,,,0,workerEnv.init() ok <PATH>,workerEnv.init() ok /etc/httpd/conf/workers2.properties,[Sun Dec 04 20:01:37 2005] [notice] workerEnv.init() ok /etc/httpd/conf/workers2.properties
900,2005-12-04 20:01:37,NOTICE,httpd,,,0,workerEnv.init() ok <PATH>,workerEnv.init() ok /etc/httpd/conf/workers2.properties,[Sun Dec 04 20:01:37 2005] [notice] workerEnv.init() ok /etc/httpd/conf/workers2.properties
901,2005-12-04 20:01:37,NOTICE,httpd,,,0,workerEnv.init() ok <PATH>,workerEnv.init() ok /etc/httpd/conf/workers2.properties,[Sun Dec 04 20:01:37 2005] [notice] workerEnv.init() ok /etc/httpd/conf/workers2.properties
902,2005-12-04 20:01:37,NOTICE,httpd,,,0,workerEnv.init() ok <PATH>,workerEnv.init() ok /etc/httpd/conf/workers2.properties,[Sun Dec 04 20:01:37 2005] [notice] workerEnv.init() ok /etc/httpd/conf/workers2.properties
903,2005-12-04 20:01:37,ERROR,httpd,,,1,mod_jk child workerEnv in error state <NUM>,mod_jk child workerEnv in error state 6,[Sun Dec 04 20:01:37 2005] [error] mod_jk child workerEnv in error state 6
904,2005-12-04 20:01:37,ERROR,httpd,,,1,mod_jk child workerEnv in error state <NUM>,mod_jk child workerEnv in error state 6,[Sun Dec 04 20:01:37 2005] [error] mod_jk child workerEnv in error state 6
905,2005-12-04 20:01:37,ERROR,httpd,,,1,mod_jk child workerEnv in error state <NUM>,mod_jk child workerEnv in error state 6,[Sun Dec 04 20:01:37 2005] [error] mod_jk child workerEnv in error state 6
906,2005-12-04 20:01:37,ERROR,httpd,,,1,mod_jk child workerEnv in error state <NUM>,mod_jk child workerEnv in error state 7,[Sun Dec 04 20:01:37 2005] [error] mod_jk child workerEnv in error state 7
907,2005-12-04 20:05:55,NOTICE,httpd,,,2,jk2_init() Found child <NUM> in scoreboard slot <NUM>,jk2_init() Found child 1887 in scoreboard slot 8,[Sun Dec 04 20:05:55 2005] [notice] jk2_init() Found child 1887 in scoreboard slot 8
908,2005-12-04 20:05:55,NOTICE,httpd,,,2,jk2_init() Found child <NUM> in scoreboard slot <NUM>,jk2_init() Found child 1885 in scoreboard slot 9,[Sun Dec 04 20:05:55 2005] [notice] jk2_init() Found child 1885 in scoreboard slot 9
909,2005-12-04 20:05:55,NOTICE,httpd,,,2,jk2_init() Found child <NUM> in scoreboard slot <NUM>,jk2_init() Found child 1888 in scoreboard slot 6,[Sun Dec 04 20:05:55 2005] [notice] jk2_init() Found child 1888 in scoreboard slot 6
910,2005-12-04 20:05:55,NOTICE,httpd,,,2,jk2_init() Found child <NUM> in scoreboard slot <NUM>,jk2_init() Found child 1886 in scoreboard slot 7,[Sun Dec 04 20:05:55 2005] [notice] jk2_init() Found child 1886 in scoreboard slot 7
911,2005-12-04 20:05:58,NOTICE,httpd,,,0,workerEnv.init() ok <PATH>,workerEnv.init() ok /etc/httpd/conf/workers2.properties,[Sun Dec 04 20:05:58 2005] [notice] workerEnv.init() ok /etc/httpd/conf/workers2.properties
912,2005-12-04 20:05:59,ERROR,httpd,,,1,mod_jk child workerEnv in error state <NUM>,mod_jk child workerEnv in error state 6,[Sun Dec 04 20:05:59 2005] [error] mod_jk child workerEnv in error state 6
913,2005-12-04 20:05:59,NOTICE,httpd,,,0,workerEnv.init() ok <PATH>,workerEnv.init() ok /etc/httpd/conf/workers2.properties,[Sun Dec 04 20:05:59 2005] [notice] workerEnv.init() ok /etc/httpd/conf/workers2.properties
914,2005-12-04 20:05:59,ERROR,httpd,,,1,mod_jk child workerEnv in error state <NUM>,mod_jk child workerEnv in error state 6,[Sun Dec 04 20:05:59 2005] [error] mod_jk child workerEnv in error state 6
915,2005-12-04 20:05:59,NOTICE,httpd,,,0,workerEnv.init() ok <PATH>,workerEnv.init() ok /etc/httpd/conf/workers2.properties,[Sun Dec 04 20:05:59 2005] [notice] workerEnv.init() ok /etc/httpd/conf/workers2.properties
916,2005-12-04 20:05:59,ERROR,httpd,,,1,mod_jk child workerEnv in error state <NUM>,mod_jk child workerEnv in error state 6,[Sun Dec 04 20:05:59 2005] [error] mod_jk child workerEnv in error state 6
917,2005-12-04 20:05:59,NOTICE,httpd,,,0,workerEnv.init() ok <PATH>,workerEnv.init() ok /etc/httpd/conf/workers2.properties,[Sun Dec 04 20:05:59 2005] [notice] workerEnv.init() ok /etc/httpd/conf/workers2.properties
918,2005-12-04 20:05:59,ERROR,httpd,,,1,mod_jk child workerEnv in error state <NUM>,mod_jk child workerEnv in error state 6,[Sun Dec 04 20:05:59 2005] [error] mod_jk child workerEnv in error state 6
919,2005-12-04 20:11:09,NOTICE,httpd,,,2,jk2_init() Found child <NUM> in scoreboard slot <NUM>,jk2_init() Found child 1899 in scoreboard slot 7,[Sun Dec 04 20:11:09 2005] [notice] jk2_init() Found child 1899 in scoreboard slot 7
920,2005-12-04 20:11:09,NOTICE,httpd,,,2,jk2_init() Found child <NUM> in scoreboard slot <NUM>,jk2_init() Found child 1900 in scoreboard slot 8,[Sun Dec 04 20:11:09 2005] [notice] jk2_init() Found child 1900 in scoreboard slot 8
921,2005-12-04 20:11:09,NOTICE,httpd,,,2,jk2_init() Found child <NUM> in scoreboard slot <NUM>,jk2_init() Found child 1901 in scoreboard slot 6,[Sun Dec 04 20:11:09 2005] [notice] jk2_init() Found child 1901 in scoreboard slot 6
922,2005-12-04 20:11:09,NOTICE,httpd,,,2,jk2_init() Found child <NUM> in scoreboard slot <NUM>,jk2_init() Found child 1898 in scoreboard slot 9,[Sun Dec 04 20:11:09 2005] [notice] jk2_init() Found child 1898 in scoreboard slot 9
923,2005-12-04 20:11:14,NOTICE,httpd,,,0,workerEnv.init() ok <PATH>,workerEnv.init() ok /etc/httpd/conf/workers2.properties,[Sun Dec 04 20:11:14 2005] [notice] workerEnv.init() ok /etc/httpd/conf/workers2.properties
924,2005-12-04 20:11:14,ERROR,httpd,,,1,mod_jk child workerEnv in error state <NUM>,mod_jk child workerEnv in error state 6,[Sun Dec 04 20:11:14 2005] [error] mod_jk child workerEnv in error state 6
925,2005-12-04 20:11:14,NOTICE,httpd,,,0,workerEnv.init() ok <PATH>,workerEnv.init() ok /etc/httpd/conf/workers2.properties,[Sun Dec 04 20:11:14 2005] [notice] workerEnv.init() ok /etc/httpd/conf/workers2.properties
926,2005-12-04 20:11:14,ERROR,httpd,,,1,mod_jk child workerEnv in error state <NUM>,mod_jk child workerEnv in error state 6,[Sun Dec 04 20:11:14 2005] [error] mod_jk child workerEnv in error state 6
927,2005-12-04 20:11:14,NOTICE,httpd,,,0,workerEnv.init() ok <PATH>,workerEnv.init() ok /etc/httpd/conf/workers2.properties,[Sun Dec 04 20:11:14 2005] [notice] workerEnv.init() ok /etc/httpd/conf/workers2.properties
928,2005-12-04 20:11:14,ERROR,httpd,,,1,mod_jk child workerEnv in error state <NUM>,mod_jk child workerEnv in error state 6,[Sun Dec 04 20:11:14 2005] [error] mod_jk child workerEnv in error state 6
929,2005-12-04 20:11:14,NOTICE,httpd,,,0,workerEnv.init() ok <PATH>,workerEnv.init() ok /etc/httpd/conf/workers2.properties,[Sun Dec 04 20:11:14 2005] [notice] workerEnv.init() ok /etc/httpd/conf/workers2.properties
930,2005-12-04 20:11:14,ERROR,httpd,,,1,mod_jk child workerEnv in error state <NUM>,mod_jk child workerEnv in error state 6,[Sun Dec 04 20:11:14 2005] [error] mod_jk child workerEnv in error state 6
931,2005-12-04 20:16:10,NOTICE,httpd,,,2,jk2_init() Found child <NUM> in scoreboard slot <NUM>,jk2_init() Found child 1912 in scoreboard slot 9,[Sun Dec 04 20:16:10 2005] [notice] jk2_init() Found child 1912 in scoreboard slot 9
932,2005-12-04 20:16:10,NOTICE,httpd,,,2,jk2_init() Found child <NUM> in scoreboard slot <NUM>,jk2_init() Found child 1915 in scoreboard slot 6,[Sun Dec 04 20:16:10 2005] [notice] jk2_init() Found child 1915 in scoreboard slot 6
933,2005-12-04 20:16:10,NOTICE,httpd,,,2,jk2_init() Found child <NUM> in scoreboard slot <NUM>,jk2_init() Found child 1913 in scoreboard slot 7,[Sun Dec 04 20:16:10 2005] [notice] jk2_init() Found child 1913 in scoreboard slot 7
934,2005-12-04 20:16:10,NOTICE,httpd,,,2,jk2_init() Found child <NUM> in scoreboard slot <NUM>,jk2_init() Found child 1914 in scoreboard slot 8,[Sun Dec 04 20:16:10 2005] [notice] jk2_init() Found child 1914 in scoreboard slot 8
935,2005-12-04 20:16:15,NOTICE,httpd,,,0,workerEnv.init() ok <PATH>,workerEnv.init() ok /etc/httpd/conf/workers2.properties,[Sun Dec 04 20:16:15 2005] [notice] workerEnv.init() ok /etc/httpd/conf/workers2.properties
936,2005-12-04 20:16:15,NOTICE,httpd,,,0,workerEnv.init() ok <PATH>,workerEnv.init() ok /etc/httpd/conf/workers2.properties,[Sun Dec 04 20:16:15 2005] [notice] workerEnv.init() ok /etc/httpd/conf/workers2.properties
937,2005-12-04 20:16:15,NOTICE,httpd,,,0,workerEnv.init() ok <PATH>,workerEnv.init() ok /etc/httpd/conf/workers2.properties,[Sun Dec 04 20:16:15 2005] [notice] workerEnv.init() ok /etc/httpd/conf/workers2.properties
938,2005-12-04 20:16:15,NOTICE,httpd,,,0,workerEnv.init() ok <PATH>,workerEnv.init() ok /etc/httpd/conf/workers2.properties,[Sun Dec 04 20:16:15 2005] [notice] workerEnv.init() ok /etc/httpd/conf/workers2.properties
939,2005-12-04 20:16:15,ERROR,httpd,,,1,mod_jk child workerEnv in error state <NUM>,mod_jk child workerEnv in error state 6,[Sun Dec 04 20:16:15 2005] [error] mod_jk child workerEnv in error state 6
940,2005-12-04 20:16:15,ERROR,httpd,,,1,mod_jk child workerEnv in error state <NUM>,mod_jk child workerEnv in error state 6,[Sun Dec 04 20:16:15 2005] [error] mod_jk child workerEnv in error state 6
941,2005-12-04 20:16:15,ERROR,httpd,,,1,mod_jk child workerEnv in error state <NUM>,mod_jk child workerEnv in error state 6,[Sun Dec 04 20:16:15 2005] [error] mod_jk child workerEnv in error state 6
942,2005-12-04 20:16:15,ERROR,httpd,,,1,mod_jk child workerEnv in error state <NUM>,mod_jk child workerEnv in error state 6,[Sun Dec 04 20:16:15 2005] [error] mod_jk child workerEnv in error state 6
943,2005-12-04 20:20:57,NOTICE,httpd,,,2,jk2_init() Found child <NUM> in scoreboard slot <NUM>,jk2_init() Found child 1931 in scoreboard slot 7,[Sun Dec 04 20:20:57 2005] [notice] jk2_init() Found child 1931 in scoreboard slot 7
944,2005-12-04 20:21:09,NOTICE,httpd,,,2,jk2_init() Found child <NUM> in scoreboard slot <NUM>,jk2_init() Found child 1932 in scoreboard slot 8,[Sun Dec 04 20:21:09 2005] [notice] jk2_init() Found child 1932 in scoreboard slot 8
945,2005-12-04 20:21:08,NOTICE,httpd,,,2,jk2_init() Found child <NUM> in scoreboard slot <NUM>,jk2_init() Found child 1933 in scoreboard slot 6,[Sun Dec 04 20:21:08 2005] [notice] jk2_init() Found child 1933 in scoreboard slot 6
946,2005-12-04 20:21:21,NOTICE,httpd,,,0,workerEnv.init() ok <PATH>,workerEnv.init() ok /etc/httpd/conf/workers2.properties,[Sun Dec 04 20:21:21 2005] [notice] workerEnv.init() ok /etc/httpd/conf/workers2.properties
947,2005-12-04 20:21:31,NOTICE,httpd,,,0,workerEnv.init() ok <PATH>,workerEnv.init() ok /etc/httpd/conf/workers2.properties,[Sun Dec 04 20:21:31 2005] [notice] workerEnv.init() ok /etc/httpd/conf/workers2.properties
948,2005-12-04 20:21:31,NOTICE,httpd,,,0,workerEnv.init() ok <PATH>,workerEnv.init() ok /etc/httpd/conf/workers2.properties,[Sun Dec 04 20:21:31 2005] [notice] workerEnv.init() ok /etc/httpd/conf/workers2.properties
949,2005-12-04 20:21:37,NOTICE,httpd,,,2,jk2_init() Found child <NUM> in scoreboard slot <NUM>,jk2_init() Found child 1934 in scoreboard slot 9,[Sun Dec 04 20:21:37 2005] [notice] jk2_init() Found child 1934 in scoreboard slot 9
950,2005-12-04 20:21:36,ERROR,httpd,,,1,mod_jk child workerEnv in error state <NUM>,mod_jk child workerEnv in error state 6,[Sun Dec 04 20:21:36 2005] [error] mod_jk child workerEnv in error state 6
951,2005-12-04 20:22:09,NOTICE,httpd,,,0,workerEnv.init() ok <PATH>,workerEnv.init() ok /etc/httpd/conf/workers2.properties,[Sun Dec 04 20:22:09 2005] [notice] workerEnv.init() ok /etc/httpd/conf/workers2.properties
952,2005-12-04 20:22:12,NOTICE,httpd,,,2,jk2_init() Found child <NUM> in scoreboard slot <NUM>,jk2_init() Found child 1936 in scoreboard slot 8,[Sun Dec 04 20:22:12 2005] [notice] jk2_init() Found child 1936 in scoreboard slot 8
953,2005-12-04 20:22:12,NOTICE,httpd,,,2,jk2_init() Found child <NUM> in scoreboard slot <NUM>,jk2_init() Found child 1935 in scoreboard slot 7,[Sun Dec 04 20:22:12 2005] [notice] jk2_init() Found child 1935 in scoreboard slot 7
954,2005-12-04 20:22:49,NOTICE,httpd,,,0,workerEnv.init() ok <PATH>,workerEnv.init() ok /etc/httpd/conf/workers2.properties,[Sun Dec 04 20:22:49 2005] [notice] workerEnv.init() ok /etc/httpd/conf/workers2.properties
955,2005-12-04 20:22:52,ERROR,httpd,,,1,mod_jk child workerEnv in error state <NUM>,mod_jk child workerEnv in error state 7,[Sun Dec 04 20:22:52 2005] [error] mod_jk child workerEnv in error state 7
956,2005-12-04 20:22:57,NOTICE,httpd,,,2,jk2_init() Found child <NUM> in scoreboard slot <NUM>,jk2_init() Found child 1937 in scoreboard slot 6,[Sun Dec 04 20:22:57 2005] [notice] jk2_init() Found child 1937 in scoreboard slot 6
957,2005-12-04 20:23:12,NOTICE,httpd,,,2,jk2_init() Found child <NUM> in scoreboard slot <NUM>,jk2_init() Found child 1938 in scoreboard slot 9,[Sun Dec 04 20:23:12 2005] [notice] jk2_init() Found child 1938 in scoreboard slot 9
958,2005-12-04 20:24:45,NOTICE,httpd,,,2,jk2_init() Found child <NUM> in scoreboard slot <NUM>,jk2_init() Found child 1950 in scoreboard slot 9,[Sun Dec 04 20:24:45 2005] [notice] jk2_init() Found child 1950 in scoreboard slot 9
959,2005-12-04 20:24:45,NOTICE,httpd,,,2,jk2_init() Found child <NUM> in scoreboard slot <NUM>,jk2_init() Found child 1951 in scoreboard slot 7,[Sun Dec 04 20:24:45 2005] [notice] jk2_init() Found child 1951 in scoreboard slot 7
960,2005-12-04 20:24:45,NOTICE,httpd,,,2,jk2_init() Found child <NUM> in scoreboard slot <NUM>,jk2_init() Found child 1949 in scoreboard slot 6,[Sun Dec 04 20:24:45 2005] [notice] jk2_init() Found child 1949 in scoreboard slot 6
961,2005-12-04 20:24:45,NOTICE,httpd,,,2,jk2_init() Found child <NUM> in scoreboard slot <NUM>,jk2_init() Found child 1948 in scoreboard slot 8,[Sun Dec 04 20:24:45 2005] [notice] jk2_init() Found child 1948 in scoreboard slot 8
962,2005-12-04 20:24:49,NOTICE,httpd,,,0,workerEnv.init() ok <PATH>,workerEnv.init() ok /etc/httpd/conf/workers2.properties,[Sun Dec 04 20:24:49 2005] [notice] workerEnv.init() ok /etc/httpd/conf/workers2.properties
963,2005-12-04 20:24:49,ERROR,httpd,,,1,mod_jk child workerEnv in error state <NUM>,mod_jk child workerEnv in error state 8,[Sun Dec 04 20:24:49 2005] [error] mod_jk child workerEnv in error state 8
964,2005-12-04 20:24:49,NOTICE,httpd,,,0,workerEnv.init() ok <PATH>,workerEnv.init() ok /etc/httpd/conf/workers2.properties,[Sun Dec 04 20:24:49 2005] [notice] workerEnv.init() ok /etc/httpd/conf/workers2.properties
965,2005-12-04 20:24:49,ERROR,httpd,,,1,mod_jk child workerEnv in error state <NUM>,mod_jk child workerEnv in error state 8,[Sun Dec 04 20:24:49 2005] [error] mod_jk child workerEnv in error state 8
966,2005-12-04 20:24:49,NOTICE,httpd,,,0,workerEnv.init() ok <PATH>,workerEnv.init() ok /etc/httpd/conf/workers2.properties,[Sun Dec 04 20:24:49 2005] [notice] workerEnv.init() ok /etc/httpd/conf/workers2.properties
967,2005-12-04 20:24:49,ERROR,httpd,,,1,mod_jk child workerEnv in error state <NUM>,mod_jk child workerEnv in error state 6,[Sun Dec 04 20:24:49 2005] [error] mod_jk child workerEnv in error state 6
968,2005-12-04 20:24:49,NOTICE,httpd,,,0,workerEnv.init() ok <PATH>,workerEnv.init() ok /etc/httpd/conf/workers2.properties,[Sun Dec 04 20:24:49 2005] [notice] workerEnv.init() ok /etc/httpd/conf/workers2.properties
969,2005-12-04 20:24:49,ERROR,httpd,,,1,mod_jk child workerEnv in error state <NUM>,mod_jk child workerEnv in error state 7,[Sun Dec 04 20:24:49 2005] [error] mod_jk child workerEnv in error state 7
970,2005-12-04 20:26:10,NOTICE,httpd,,,2,jk2_init() Found child <NUM> in scoreboard slot <NUM>,jk2_init() Found child 1957 in scoreboard slot 8,[Sun Dec 04 20:26:10 2005] [notice] jk2_init() Found child 1957 in scoreboard slot 8
971,2005-12-04 20:26:53,NOTICE,httpd,,,0,workerEnv.init() ok <PATH>,workerEnv.init() ok /etc/httpd/conf/workers2.properties,[Sun Dec 04 20:26:53 2005] [notice] workerEnv.init() ok /etc/httpd/conf/workers2.properties
972,2005-12-04 20:26:54,ERROR,httpd,,,1,mod_jk child workerEnv in error state <NUM>,mod_jk child workerEnv in error state 6,[Sun Dec 04 20:26:54 2005] [error] mod_jk child workerEnv in error state 6
973,2005-12-04 20:26:58,NOTICE,httpd,,,2,jk2_init() Found child <NUM> in scoreboard slot <NUM>,jk2_init() Found child 1959 in scoreboard slot 9,[Sun Dec 04 20:26:58 2005] [notice] jk2_init() Found child 1959 in scoreboard slot 9
974,2005-12-04 20:26:58,NOTICE,httpd,,,2,jk2_init() Found child <NUM> in scoreboard slot <NUM>,jk2_init() Found child 1958 in scoreboard slot 6,[Sun Dec 04 20:26:58 2005] [notice] jk2_init() Found child 1958 in scoreboard slot 6
975,2005-12-04 20:27:43,NOTICE,httpd,,,2,jk2_init() Found child <NUM> in scoreboard slot <NUM>,jk2_init() Found child 1961 in scoreboard slot 8,[Sun Dec 04 20:27:43 2005] [notice] jk2_init() Found child 1961 in scoreboard slot 8
976,2005-12-04 20:28:00,NOTICE,httpd,,,2,jk2_init() Found child <NUM> in scoreboard slot <NUM>,jk2_init() Found child 1962 in scoreboard slot 6,[Sun Dec 04 20:28:00 2005] [notice] jk2_init() Found child 1962 in scoreboard slot 6
977,2005-12-04 20:28:00,NOTICE,httpd,,,2,jk2_init() Found child <NUM> in scoreboard slot <NUM>,jk2_init() Found child 1963 in scoreboard slot 9,[Sun Dec 04 20:28:00 2005] [notice] jk2_init() Found child 1963 in scoreboard slot 9
978,2005-12-04 20:28:26,NOTICE,httpd,,,2,jk2_init() Found child <NUM> in scoreboard slot <NUM>,jk2_init() Found child 1964 in scoreboard slot 7,[Sun Dec 04 20:28:26 2005] [notice] jk2_init() Found child 1964 in scoreboard slot 7
979,2005-12-04 20:28:39,NOTICE,httpd,,,2,jk2_init() Found child <NUM> in scoreboard slot <NUM>,jk2_init() Found child 1966 in scoreboard slot 6,[Sun Dec 04 20:28:39 2005] [notice] jk2_init() Found child 1966 in scoreboard slot 6
980,2005-12-04 20:28:39,NOTICE,httpd,,,2,jk2_init() Found child <NUM> in scoreboard slot <NUM>,jk2_init() Found child 1967 in scoreboard slot 9,[Sun Dec 04 20:28:39 2005] [notice] jk2_init() Found child 1967 in scoreboard slot 9
981,2005-12-04 20:28:39,NOTICE,httpd,,,2,jk2_init() Found child <NUM> in scoreboard slot <NUM>,jk2_init() Found child 1965 in scoreboard slot 8,[Sun Dec 04 20:28:39 2005] [notice] jk2_init() Found child 1965 in scoreboard slot 8
982,2005-12-04 20:29:34,NOTICE,httpd,,,2,jk2_init() Found child <NUM> in scoreboard slot <NUM>,jk2_init() Found child 1970 in scoreboard slot 6,[Sun Dec 04 20:29:34 2005] [notice] jk2_init() Found child 1970 in scoreboard slot 6
983,2005-12-04 20:30:59,NOTICE,httpd,,,2,jk2_init() Found child <NUM> in scoreboard slot <NUM>,jk2_init() Found child 1984 in scoreboard slot 10,[Sun Dec 04 20:30:59 2005] [notice] jk2_init() Found child 1984 in scoreboard slot 10
984,2005-12-04 20:31:35,NOTICE,httpd,,,2,jk2_init() Found child <NUM> in scoreboard slot <NUM>,jk2_init() Found child 1990 in scoreboard slot 9,[Sun Dec 04 20:31:35 2005] [notice] jk2_init() Found child 1990 in scoreboard slot 9
985,2005-12-04 20:32:37,NOTICE,httpd,,,2,jk2_init() Found child <NUM> in scoreboard slot <NUM>,jk2_init() Found child 1999 in scoreboard slot 6,[Sun Dec 04 20:32:37 2005] [notice] jk2_init() Found child 1999 in scoreboard slot 6
986,2005-12-04 20:32:37,NOTICE,httpd,,,2,jk2_init() Found child <NUM> in scoreboard slot <NUM>,jk2_init() Found child 2000 in scoreboard slot 7,[Sun Dec 04 20:32:37 2005] [notice] jk2_init() Found child 2000 in scoreboard slot 7
987,2005-12-04 20:32:37,NOTICE,httpd,,,2,jk2_init() Found child <NUM> in scoreboard slot <NUM>,jk2_init() Found child 1998 in scoreboard slot 9,[Sun Dec 04 20:32:37 2005] [notice] jk2_init() Found child 1998 in scoreboard slot 9
988,2005-12-04 20:32:50,NOTICE,httpd,,,0,workerEnv.init() ok <PATH>,workerEnv.init() ok /etc/httpd/conf/workers2.properties,[Sun Dec 04 20:32:50 2005] [notice] workerEnv.init() ok /etc/httpd/conf/workers2.properties
989,2005-12-04 20:32:50,NOTICE,httpd,,,0,workerEnv.init() ok <PATH>,workerEnv.init() ok /etc/httpd/conf/workers2.properties,[Sun Dec 04 20:32:50 2005] [notice] workerEnv.init() ok /etc/httpd/conf/workers2.properties
990,2005-12-04 20:32:50,NOTICE,httpd,,,0,workerEnv.init() ok <PATH>,workerEnv.init() ok /etc/httpd/conf/workers2.properties,[Sun Dec 04 20:32:50 2005] [notice] workerEnv.init() ok /etc/httpd/conf/workers2.properties
991,2005-12-04 20:32:55,ERROR,httpd,,,1,mod_jk child workerEnv in error state <NUM>,mod_jk child workerEnv in error state 10,[Sun Dec 04 20:32:55 2005] [error] mod_jk child workerEnv in error state 10
992,2005-12-04 20:32:55,ERROR,httpd,,,1,mod_jk child workerEnv in error state <NUM>,mod_jk child workerEnv in error state 6,[Sun Dec 04 20:32:55 2005] [error] mod_jk child workerEnv in error state 6
993,2005-12-04 20:32:55,ERROR,httpd,,,1,mod_jk child workerEnv in error state <NUM>,mod_jk child workerEnv in error state 10,[Sun Dec 04 20:32:55 2005] [error] mod_jk child workerEnv in error state 10
994,2005-12-04 20:33:35,NOTICE,httpd,,,2,jk2_init() Found child <NUM> in scoreboard slot <NUM>,jk2_init() Found child 2002 in scoreboard slot 8,[Sun Dec 04 20:33:35 2005] [notice] jk2_init() Found child 2002 in scoreboard slot 8
995,2005-12-04 20:33:35,NOTICE,httpd,,,2,jk2_init() Found child <NUM> in scoreboard slot <NUM>,jk2_init() Found child 2001 in scoreboard slot 9,[Sun Dec 04 20:33:35 2005] [notice] jk2_init() Found child 2001 in scoreboard slot 9
996,2005-12-04 20:33:47,NOTICE,httpd,,,2,jk2_init() Found child <NUM> in scoreboard slot <NUM>,jk2_init() Found child 2005 in scoreboard slot 7,[Sun Dec 04 20:33:47 2005] [notice] jk2_init() Found child 2005 in scoreboard slot 7
997,2005-12-04 20:33:47,NOTICE,httpd,,,2,jk2_init() Found child <NUM> in scoreboard slot <NUM>,jk2_init() Found child 2004 in scoreboard slot 6,[Sun Dec 04 20:33:47 2005] [notice] jk2_init() Found child 2004 in scoreboard slot 6
998,2005-12-04 20:34:13,NOTICE,httpd,,,0,workerEnv.init() ok <PATH>,workerEnv.init() ok /etc/httpd/conf/workers2.properties,[Sun Dec 04 20:34:13 2005] [notice] workerEnv.init() ok /etc/httpd/conf/workers2.properties
999,2005-12-04 20:34:14,ERROR,httpd,,,1,mod_jk child workerEnv in error state <NUM>,mod_jk child workerEnv in error state 6,[Sun Dec 04 20:34:14 2005] [error] mod_jk child workerEnv in error state 6
1000,2005-12-04 20:34:20,NOTICE,httpd,,,2,jk2_init() Found child <NUM> in scoreboard slot <NUM>,jk2_init() Found child 2007 in scoreboard slot 8,[Sun Dec 04 20:34:20 2005] [notice] jk2_init() Found child 2007 in scoreboard slot 8
1001,2005-12-04 20:34:20,NOTICE,httpd,,,2,jk2_init() Found child <NUM> in scoreboard slot <NUM>,jk2_init() Found child 2006 in scoreboard slot 9,[Sun Dec 04 20:34:20 2005] [notice] jk2_init() Found child 2006 in scoreboard slot 9
1002,2005-12-04 20:34:21,NOTICE,httpd,,,2,jk2_init() Found child <NUM> in scoreboard slot <NUM>,jk2_init() Found child 2008 in scoreboard slot 6,[Sun Dec 04 20:34:21 2005] [notice] jk2_init() Found child 2008 in scoreboard slot 6
1003,2005-12-04 20:34:25,NOTICE,httpd,,,0,workerEnv.init() ok <PATH>,workerEnv.init() ok /etc/httpd/conf/workers2.properties,[Sun Dec 04 20:34:25 2005] [notice] workerEnv.init() ok /etc/httpd/conf/workers2.properties
1004,2005-12-04 20:34:25,ERROR,httpd,,,1,mod_jk child workerEnv in error state <NUM>,mod_jk child workerEnv in error state 7,[Sun Dec 04 20:34:25 2005] [error] mod_jk child workerEnv in error state 7
1005,2005-12-04 20:34:25,NOTICE,httpd,,,0,workerEnv.init() ok <PATH>,workerEnv.init() ok /etc/httpd/conf/workers2.properties,[Sun Dec 04 20:34:25 2005] [notice] workerEnv.init() ok /etc/httpd/conf/workers2.properties
1006,2005-12-04 20:34:25,ERROR,httpd,,,1,mod_jk child workerEnv in error state <NUM>,mod_jk child workerEnv in error state 9,[Sun Dec 04 20:34:25 2005] [error] mod_jk child workerEnv in error state 9
1007,2005-12-04 20:34:25,NOTICE,httpd,,,0,workerEnv.init() ok <PATH>,workerEnv.init() ok /etc/httpd/conf/workers2.properties,[Sun Dec 04 20:34:25 2005] [notice] workerEnv.init() ok /etc/httpd/conf/workers2.properties
1008,2005-12-04 20:34:25,ERROR,httpd,,,1,mod_jk child workerEnv in error state <NUM>,mod_jk child workerEnv in error state 7,[Sun Dec 04 20:34:25 2005] [error] mod_jk child workerEnv in error state 7
1009,2005-12-04 20:37:29,NOTICE,httpd,,,2,jk2_init() Found child <NUM> in scoreboard slot <NUM>,jk2_init() Found child 2028 in scoreboard slot 9,[Sun Dec 04 20:37:29 2005] [notice] jk2_init() Found child 2028 in scoreboard slot 9
1010,2005-12-04 20:37:29,NOTICE,httpd,,,2,jk2_init() Found child <NUM> in scoreboard slot <NUM>,jk2_init() Found child 2027 in scoreboard slot 7,[Sun Dec 04 20:37:29 2005] [notice] jk2_init() Found child 2027 in scoreboard slot 7
1011,2005-12-04 20:37:29,NOTICE,httpd,,,2,jk2_init() Found child <NUM> in scoreboard slot <NUM>,jk2_init() Found child 2029 in scoreboard slot 8,[Sun Dec 04 20:37:29 2005] [notice] jk2_init() Found child 2029 in scoreboard slot 8
1012,2005-12-04 20:37:46,NOTICE,httpd,,,0,workerEnv.init() ok <PATH>,workerEnv.init() ok /etc/httpd/conf/workers2.properties,[Sun Dec 04 20:37:46 2005] [notice] workerEnv.init() ok /etc/httpd/conf/workers2.properties
1013,2005-12-04 20:37:46,NOTICE,httpd,,,0,workerEnv.init() ok <PATH>,workerEnv.init() ok /etc/httpd/conf/workers2.properties,[Sun Dec 04 20:37:46 2005] [notice] workerEnv.init() ok /etc/httpd/conf/workers2.properties
1014,2005-12-04 20:37:49,ERROR,httpd,,,1,mod_jk child workerEnv in error state <NUM>,mod_jk child workerEnv in error state 6,[Sun Dec 04 20:37:49 2005] [error] mod_jk child workerEnv in error state 6
1015,2005-12-04 20:37:49,ERROR,httpd,,,1,mod_jk child workerEnv in error state <NUM>,mod_jk child workerEnv in error state 6,[Sun Dec 04 20:37:49 2005] [error] mod_jk child workerEnv in error state 6
1016,2005-12-04 20:38:10,NOTICE,httpd,,,2,jk2_init() Found child <NUM> in scoreboard slot <NUM>,jk2_init() Found child 2030 in scoreboard slot 6,[Sun Dec 04 20:38:10 2005] [notice] jk2_init() Found child 2030 in scoreboard slot 6
1017,2005-12-04 20:38:10,NOTICE,httpd,,,2,jk2_init() Found child <NUM> in scoreboard slot <NUM>,jk2_init() Found child 2031 in scoreboard slot 7,[Sun Dec 04 20:38:10 2005] [notice] jk2_init() Found child 2031 in scoreboard slot 7
1018,2005-12-04 20:38:11,NOTICE,httpd,,,2,jk2_init() Found child <NUM> in scoreboard slot <NUM>,jk2_init() Found child 2032 in scoreboard slot 9,[Sun Dec 04 20:38:11 2005] [notice] jk2_init() Found child 2032 in scoreboard slot 9
1019,2005-12-04 20:38:14,NOTICE,httpd,,,0,workerEnv.init() ok <PATH>,workerEnv.init() ok /etc/httpd/conf/workers2.properties,[Sun Dec 04 20:38:14 2005] [notice] workerEnv.init() ok /etc/httpd/conf/workers2.properties
1020,2005-12-04 20:38:14,NOTICE,httpd,,,0,workerEnv.init() ok <PATH>,workerEnv.init() ok /etc/httpd/conf/workers2.properties,[Sun Dec 04 20:38:14 2005] [notice] workerEnv.init() ok /etc/httpd/conf/workers2.properties
1021,2005-12-04 20:38:14,NOTICE,httpd,,,0,workerEnv.init() ok <PATH>,workerEnv.init() ok /etc/httpd/conf/workers2.properties,[Sun Dec 04 20:38:14 2005] [notice] workerEnv.init() ok /etc/httpd/conf/workers2.properties
1022,2005-12-04 20:38:14,ERROR,httpd,,,1,mod_jk child workerEnv in error state <NUM>,mod_jk child workerEnv in error state 6,[Sun Dec 04 20:38:14 2005] [error] mod_jk child workerEnv in error state 6
1023,2005-12-04 20:38:14,ERROR,httpd,,,1,mod_jk child workerEnv in error state <NUM>,mod_jk child workerEnv in error state 6,[Sun Dec 04 20:38:14 2005] [error] mod_jk child workerEnv in error state 6
1024,2005-12-04 20:38:14,ERROR,httpd,,,1,mod_jk child workerEnv in error state <NUM>,mod_jk child workerEnv in error state 7,[Sun Dec 04 20:38:14 2005] [error] mod_jk child workerEnv in error state 7
1025,2005-12-04 20:41:12,NOTICE,httpd,,,2,jk2_init() Found child <NUM> in scoreboard slot <NUM>,jk2_init() Found child 2042 in scoreboard slot 8,[Sun Dec 04 20:41:12 2005] [notice] jk2_init() Found child 2042 in scoreboard slot 8
1026,2005-12-04 20:41:47,NOTICE,httpd,,,2,jk2_init() Found child <NUM> in scoreboard slot <NUM>,jk2_init() Found child 2045 in scoreboard slot 9,[Sun Dec 04 20:41:47 2005] [notice] jk2_init() Found child 2045 in scoreboard slot 9
1027,2005-12-04 20:42:42,NOTICE,httpd,,,2,jk2_init() Found child <NUM> in scoreboard slot <NUM>,jk2_init() Found child 2051 in scoreboard slot 8,[Sun Dec 04 20:42:42 2005] [notice] jk2_init() Found child 2051 in scoreboard slot 8
1028,2005-12-04 20:44:29,NOTICE,httpd,,,2,jk2_init() Found child <NUM> in scoreboard slot <NUM>,jk2_init() Found child 2059 in scoreboard slot 7,[Sun Dec 04 20:44:29 2005] [notice] jk2_init() Found child 2059 in scoreboard slot 7
1029,2005-12-04 20:44:29,NOTICE,httpd,,,2,jk2_init() Found child <NUM> in scoreboard slot <NUM>,jk2_init() Found child 2060 in scoreboard slot 9,[Sun Dec 04 20:44:29 2005] [notice] jk2_init() Found child 2060 in scoreboard slot 9
1030,2005-12-04 20:44:30,NOTICE,httpd,,,2,jk2_init() Found child <NUM> in scoreboard slot <NUM>,jk2_init() Found child 2061 in scoreboard slot 8,[Sun Dec 04 20:44:30 2005] [notice] jk2_init() Found child 2061 in scoreboard slot 8
1031,2005-12-04 20:47:16,NOTICE,httpd,,,2,jk2_init() Found child <NUM> in scoreboard slot <NUM>,jk2_init() Found child 2081 in scoreboard slot 6,[Sun Dec 04 20:47:16 2005] [notice] jk2_init() Found child 2081 in scoreboard slot 6
1032,2005-12-04 20:47:16,ERROR,httpd,,,4,jk2_init() Can't find child <NUM> in scoreboard,jk2_init() Can't find child 2082 in scoreboard,[Sun Dec 04 20:47:16 2005] [error] jk2_init() Can't find child 2082 in scoreboard
1033,2005-12-04 20:47:16,NOTICE,httpd,,,2,jk2_init() Found child <NUM> in scoreboard slot <NUM>,jk2_init() Found child 2083 in scoreboard slot 8,[Sun Dec 04 20:47:16 2005] [notice] jk2_init() Found child 2083 in scoreboard slot 8
1034,2005-12-04 20:47:16,NOTICE,httpd,,,0,workerEnv.init() ok <PATH>,workerEnv.init() ok /etc/httpd/conf/workers2.properties,[Sun Dec 04 20:47:16 2005] [notice] workerEnv.init() ok /etc/httpd/conf/workers2.properties
1035,2005-12-04 20:47:16,ERROR,httpd,,,1,mod_jk child workerEnv in error state <NUM>,mod_jk child workerEnv in error state 6,[Sun Dec 04 20:47:16 2005] [error] mod_jk child workerEnv in error state 6
1036,2005-12-04 20:47:16,NOTICE,httpd,,,0,workerEnv.init() ok <PATH>,workerEnv.init() ok /etc/httpd/conf/workers2.properties,[Sun Dec 04 20:47:16 2005] [notice] workerEnv.init() ok /etc/httpd/conf/workers2.properties
1037,2005-12-04 20:47:16,ERROR,httpd,,,5,mod_jk child init <NUM> -<NUM>,mod_jk child init 1 -2,[Sun Dec 04 20:47:16 2005] [error] mod_jk child init 1 -2
1038,2005-12-04 20:47:16,NOTICE,httpd,,,0,workerEnv.init() ok <PATH>,workerEnv.init() ok /etc/httpd/conf/workers2.properties,[Sun Dec 04 20:47:16 2005] [notice] workerEnv.init() ok /etc/httpd/conf/workers2.properties
1039,2005-12-04 20:47:16,ERROR,httpd,,,1,mod_jk child workerEnv in error state <NUM>,mod_jk child workerEnv in error state 9,[Sun Dec 04 20:47:16 2005] [error] mod_jk child workerEnv in error state 9
1040,2005-12-04 20:47:17,ERROR,httpd,,,4,jk2_init() Can't find child <NUM> in scoreboard,jk2_init() Can't find child 2085 in scoreboard,[Sun Dec 04 20:47:17 2005] [error] jk2_init() Can't find child 2085 in scoreboard
1041,2005-12-04 20:47:17,NOTICE,httpd,,,0,workerEnv.init() ok <PATH>,workerEnv.init() ok /etc/httpd/conf/workers2.properties,[Sun Dec 04 20:47:17 2005] [notice] workerEnv.init() ok /etc/httpd/conf/workers2.properties
1042,2005-12-04 20:47:17,ERROR,httpd,,,5,mod_jk child init <NUM> -<NUM>,mod_jk child init 1 -2,[Sun Dec 04 20:47:17 2005] [error] mod_jk child init 1 -2
1043,2005-12-04 20:47:17,ERROR,httpd,,,4,jk2_init() Can't find child <NUM> in scoreboard,jk2_init() Can't find child 2086 in scoreboard,[Sun Dec 04 20:47:17 2005] [error] jk2_init() Can't find child 2086 in scoreboard
1044,2005-12-04 20:47:17,NOTICE,httpd,,,0,workerEnv.init() ok <PATH>,workerEnv.init() ok /etc/httpd/conf/workers2.properties,[Sun Dec 04 20:47:17 2005] [notice] workerEnv.init() ok /etc/httpd/conf/workers2.properties
1045,2005-12-04 20:47:17,ERROR,httpd,,,5,mod_jk child init <NUM> -<NUM>,mod_jk child init 1 -2,[Sun Dec 04 20:47:17 2005] [error] mod_jk child init 1 -2
1046,2005-12-04 20:47:17,ERROR,httpd,,,4,jk2_init() Can't find child <NUM> in scoreboard,jk2_init() Can't find child 2087 in scoreboard,[Sun Dec 04 20:47:17 2005] [error] jk2_init() Can't find child 2087 in scoreboard
1047,2005-12-04 20:47:17,NOTICE,httpd,,,2,jk2_init() Found child <NUM> in scoreboard slot <NUM>,jk2_init() Found child 2084 in scoreboard slot 9,[Sun Dec 04 20:47:17 2005] [notice] jk2_init() Found child 2084 in scoreboard slot 9
1048,2005-12-04 20:47:17,NOTICE,httpd,,,0,workerEnv.init() ok <PATH>,workerEnv.init() ok /etc/httpd/conf/workers2.properties,[Sun Dec 04 20:47:17 2005] [notice] workerEnv.init() ok /etc/httpd/conf/workers2.properties
1049,2005-12-04 20:47:17,ERROR,httpd,,,1,mod_jk child workerEnv in error state <NUM>,mod_jk child workerEnv in error state 7,[Sun Dec 04 20:47:17 2005] [error] mod_jk child workerEnv in error state 7
1050,2005-12-04 20:47:17,NOTICE,httpd,,,0,workerEnv.init() ok <PATH>,workerEnv.init() ok /etc/httpd/conf/workers2.properties,[Sun Dec 04 20:47:17 2005] [notice] workerEnv.init() ok /etc/httpd/conf/workers2.properties
1051,2005-12-04 20:47:17,ERROR,httpd,,,5,mod_jk child init <NUM> -<NUM>,mod_jk child init 1 -2,[Sun Dec 04 20:47:17 2005] [error] mod_jk child init 1 -2
1052,2005-12-05 01:04:31,ERROR,httpd,,,3,[client <IP>] Directory index forbidden by rule: <PATH>,[client 218.62.18.218] Directory index forbidden by rule: /var/www/html/,[Mon Dec 05 01:04:31 2005] [error] [client 218.62.18.218] Directory index forbidden by rule: /var/www/html/
1053,2005-12-05 01:30:32,ERROR,httpd,,,3,[client <IP>] Directory index forbidden by rule: <PATH>,[client 211.62.201.48] Directory index forbidden by rule: /var/www/html/,[Mon Dec 05 01:30:32 2005] [error] [client 211.62.201.48] Directory index forbidden by rule: /var/www/html/
1054,2005-12-05 03:21:00,NOTICE,httpd,,,2,jk2_init() Found child <NUM> in scoreboard slot <NUM>,jk2_init() Found child 2760 in scoreboard slot 6,[Mon Dec 05 03:21:00 2005] [notice] jk2_init() Found child 2760 in scoreboard slot 6
1055,2005-12-05 03:21:02,NOTICE,httpd,,,0,workerEnv.init() ok <PATH>,workerEnv.init() ok /etc/httpd/conf/workers2.properties,[Mon Dec 05 03:21:02 2005] [notice] workerEnv.init() ok /etc/httpd/conf/workers2.properties
1056,2005-12-05 03:21:02,ERROR,httpd,,,1,mod_jk child workerEnv in error state <NUM>,mod_jk child workerEnv in error state 6,[Mon Dec 05 03:21:02 2005] [error] mod_jk child workerEnv in error state 6
1057,2005-12-05 03:23:21,NOTICE,httpd,,,2,jk2_init() Found child <NUM> in scoreboard slot <NUM>,jk2_init() Found child 2763 in scoreboard slot 7,[Mon Dec 05 03:23:21 2005] [notice] jk2_init() Found child 2763 in scoreboard slot 7
1058,2005-12-05 03:23:24,NOTICE,httpd,,,0,workerEnv.init() ok <PATH>,workerEnv.init() ok /etc/httpd/conf/workers2.properties,[Mon Dec 05 03:23:24 2005] [notice] workerEnv.init() ok /etc/httpd/conf/workers2.properties
1059,2005-12-05 03:23:24,ERROR,httpd,,,1,mod_jk child workerEnv in error state <NUM>,mod_jk child workerEnv in error state 6,[Mon Dec 05 03:23:24 2005] [error] mod_jk child workerEnv in error state 6
1060,2005-12-05 03:23:24,ERROR,httpd,,,3,[client <IP>] Directory index forbidden by rule: <PATH>,[client 218.207.61.7] Directory index forbidden by rule: /var/www/html/,[Mon Dec 05 03:23:24 2005] [error] [client 218.207.61.7] Directory index forbidden by rule: /var/www/html/
1061,2005-12-05 03:25:44,NOTICE,httpd,,,2,jk2_init() Found child <NUM> in scoreboard slot <NUM>,jk2_init() Found child 2773 in scoreboard slot 6,[Mon Dec 05 03:25:44 2005] [notice] jk2_init() Found child 2773 in scoreboard slot 6
1062,2005-12-05 03:25:46,NOTICE,httpd,,,0,workerEnv.init() ok <PATH>,workerEnv.init() ok /etc/httpd/conf/workers2.properties,[Mon Dec 05 03:25:46 2005] [notice] workerEnv.init() ok /etc/httpd/conf/workers2.properties
1063,2005-12-05 03:25:46,ERROR,httpd,,,1,mod_jk child workerEnv in error state <NUM>,mod_jk child workerEnv in error state 6,[Mon Dec 05 03:25:46 2005] [error] mod_jk child workerEnv in error state 6
1064,2005-12-05 03:36:51,NOTICE,httpd,,,2,jk2_init() Found child <NUM> in scoreboard slot <NUM>,jk2_init() Found child 2813 in scoreboard slot 7,[Mon Dec 05 03:36:51 2005] [notice] jk2_init() Found child 2813 in scoreboard slot 7
1065,2005-12-05 03:36:51,NOTICE,httpd,,,2,jk2_init() Found child <NUM> in scoreboard slot <NUM>,jk2_init() Found child 2815 in scoreboard slot 8,[Mon Dec 05 03:36:51 2005] [notice] jk2_init() Found child 2815 in scoreboard slot 8
1066,2005-12-05 03:36:51,NOTICE,httpd,,,2,jk2_init() Found child <NUM> in scoreboard slot <NUM>,jk2_init() Found child 2812 in scoreboard slot 6,[Mon Dec 05 03:36:51 2005] [notice] jk2_init() Found child 2812 in scoreboard slot 6
1067,2005-12-05 03:36:51,NOTICE,httpd,,,2,jk2_init() Found child <NUM> in scoreboard slot <NUM>,jk2_init() Found child 2811 in scoreboard slot 9,[Mon Dec 05 03:36:51 2005] [notice] jk2_init() Found child 2811 in scoreboard slot 9
1068,2005-12-05 03:36:57,NOTICE,httpd,,,0,workerEnv.init() ok <PATH>,workerEnv.init() ok /etc/httpd/conf/workers2.properties,[Mon Dec 05 03:36:57 2005] [notice] workerEnv.init() ok /etc/httpd/conf/workers2.properties
1069,2005-12-05 03:36:57,NOTICE,httpd,,,0,workerEnv.init() ok <PATH>,workerEnv.init() ok /etc/httpd/conf/workers2.properties,[Mon Dec 05 03:36:57 2005] [notice] workerEnv.init() ok /etc/httpd/conf/workers2.properties
1070,2005-12-05 03:36:57,NOTICE,httpd,,,0,workerEnv.init() ok <PATH>,workerEnv.init() ok /etc/httpd/conf/workers2.properties,[Mon Dec 05 03:36:57 2005] [notice] workerEnv.init() ok /etc/httpd/conf/workers2.properties
1071,2005-12-05 03:36:57,NOTICE,httpd,,,0,workerEnv.init() ok <PATH>,workerEnv.init() ok /etc/httpd/conf/workers2.properties,[Mon Dec 05 03:36:57 2005] [notice] workerEnv.init() ok /etc/httpd/conf/workers2.properties
1072,2005-12-05 03:36:57,ERROR,httpd,,,1,mod_jk child workerEnv in error state <NUM>,mod_jk child workerEnv in error state 6,[Mon Dec 05 03:36:57 2005] [error] mod_jk child workerEnv in error state 6
1073,2005-12-05 03:36:57,ERROR,httpd,,,1,mod_jk child workerEnv in error state <NUM>,mod_jk child workerEnv in error state 6,[Mon Dec 05 03:36:57 2005] [error] mod_jk child workerEnv in error state 6
1074,2005-12-05 03:36:57,ERROR,httpd,,,1,mod_jk child workerEnv in error state <NUM>,mod_jk child workerEnv in error state 6,[Mon Dec 05 03:36:57 2005] [error] mod_jk child workerEnv in error state 6
1075,2005-12-05 03:36:57,ERROR,httpd,,,1,mod_jk child workerEnv in error state <NUM>,mod_jk child workerEnv in error state 6,[Mon Dec 05 03:36:57 2005] [error] mod_jk child workerEnv in error state 6
1076,2005-12-05 03:40:46,NOTICE,httpd,,,2,jk2_init() Found child <NUM> in scoreboard slot <NUM>,jk2_init() Found child 2823 in scoreboard slot 9,[Mon Dec 05 03:40:46 2005] [notice] jk2_init() Found child 2823 in scoreboard slot 9
1077,2005-12-05 03:40:55,NOTICE,httpd,,,0,workerEnv.init() ok <PATH>,workerEnv.init() ok /etc/httpd/conf/workers2.properties,[Mon Dec 05 03:40:55 2005] [notice] workerEnv.init() ok /etc/httpd/conf/workers2.properties
1078,2005-12-05 03:40:55,ERROR,httpd,,,1,mod_jk child workerEnv in error state <NUM>,mod_jk child workerEnv in error state 6,[Mon Dec 05 03:40:55 2005] [error] mod_jk child workerEnv in error state 6
1079,2005-12-05 03:44:50,NOTICE,httpd,,,2,jk2_init() Found child <NUM> in scoreboard slot <NUM>,jk2_init() Found child 2824 in scoreboard slot 10,[Mon Dec 05 03:44:50 2005] [notice] jk2_init() Found child 2824 in scoreboard slot 10
1080,2005-12-05 03:44:50,ERROR,httpd,,,3,[client <IP>] Directory index forbidden by rule: <PATH>,[client 168.20.198.21] Directory index forbidden by rule: /var/www/html/,[Mon Dec 05 03:44:50 2005] [error] [client 168.20.198.21] Directory index forbidden by rule: /var/www/html/
1081,2005-12-05 03:44:50,NOTICE,httpd,,,0,workerEnv.init() ok <PATH>,workerEnv.init() ok /etc/httpd/conf/workers2.properties,[Mon Dec 05 03:44:50 2005] [notice] workerEnv.init() ok /etc/httpd/conf/workers2.properties
1082,2005-12-05 03:44:50,ERROR,httpd,,,1,mod_jk child workerEnv in error state <NUM>,mod_jk child workerEnv in error state 6,[Mon Dec 05 03:44:50 2005] [error] mod_jk child workerEnv in error state 6
1083,2005-12-05 03:46:38,NOTICE,httpd,,,2,jk2_init() Found child <NUM> in scoreboard slot <NUM>,jk2_init() Found child 2838 in scoreboard slot 10,[Mon Dec 05 03:46:38 2005] [notice] jk2_init() Found child 2838 in scoreboard slot 10
1084,2005-12-05 03:46:38,NOTICE,httpd,,,2,jk2_init() Found child <NUM> in scoreboard slot <NUM>,jk2_init() Found child 2836 in scoreboard slot 9,[Mon Dec 05 03:46:38 2005] [notice] jk2_init() Found child 2836 in scoreboard slot 9
1085,2005-12-05 03:46:38,NOTICE,httpd,,,2,jk2_init() Found child <NUM> in scoreboard slot <NUM>,jk2_init() Found child 2837 in scoreboard slot 6,[Mon Dec 05 03:46:38 2005] [notice] jk2_init() Found child 2837 in scoreboard slot 6
1086,2005-12-05 03:46:50,NOTICE,httpd,,,0,workerEnv.init() ok <PATH>,workerEnv.init() ok /etc/httpd/conf/workers2.properties,[Mon Dec 05 03:46:50 2005] [notice] workerEnv.init() ok /etc/httpd/conf/workers2.properties
1087,2005-12-05 03:47:02,NOTICE,httpd,,,0,workerEnv.init() ok <PATH>,workerEnv.init() ok /etc/httpd/conf/workers2.properties,[Mon Dec 05 03:47:02 2005] [notice] workerEnv.init() ok /etc/httpd/conf/workers2.properties
1088,2005-12-05 03:47:19,NOTICE,httpd,,,2,jk2_init() Found child <NUM> in scoreboard slot <NUM>,jk2_init() Found child 2840 in scoreboard slot 8,[Mon Dec 05 03:47:19 2005] [notice] jk2_init() Found child 2840 in scoreboard slot 8
1089,2005-12-05 03:47:19,NOTICE,httpd,,,2,jk2_init() Found child <NUM> in scoreboard slot <NUM>,jk2_init() Found child 2841 in scoreboard slot 6,[Mon Dec 05 03:47:19 2005] [notice] jk2_init() Found child 2841 in scoreboard slot 6
1090,2005-12-05 03:47:19,NOTICE,httpd,,,2,jk2_init() Found child <NUM> in scoreboard slot <NUM>,jk2_init() Found child 2842 in scoreboard slot 9,[Mon Dec 05 03:47:19 2005] [notice] jk2_init() Found child 2842 in scoreboard slot 9
1091,2005-12-05 03:47:53,NOTICE,httpd,,,2,jk2_init() Found child <NUM> in scoreboard slot <NUM>,jk2_init() Found child 2846 in scoreboard slot 9,[Mon Dec 05 03:47:53 2005] [notice] jk2_init() Found child 2846 in scoreboard slot 9
1092,2005-12-05 03:47:53,NOTICE,httpd,,,2,jk2_init() Found child <NUM> in scoreboard slot <NUM>,jk2_init() Found child 2843 in scoreboard slot 7,[Mon Dec 05 03:47:53 2005] [notice] jk2_init() Found child 2843 in scoreboard slot 7
1093,2005-12-05 03:47:53,NOTICE,httpd,,,2,jk2_init() Found child <NUM> in scoreboard slot <NUM>,jk2_init() Found child 2844 in scoreboard slot 8,[Mon Dec 05 03:47:53 2005] [notice] jk2_init() Found child 2844 in scoreboard slot 8
1094,2005-12-05 03:47:53,NOTICE,httpd,,,2,jk2_init() Found child <NUM> in scoreboard slot <NUM>,jk2_init() Found child 2845 in scoreboard slot 6,[Mon Dec 05 03:47:53 2005] [notice] jk2_init() Found child 2845 in scoreboard slot 6
1095,2005-12-05 03:47:54,NOTICE,httpd,,,0,workerEnv.init() ok <PATH>,workerEnv.init() ok /etc/httpd/conf/workers2.properties,[Mon Dec 05 03:47:54 2005] [notice] workerEnv.init() ok /etc/httpd/conf/workers2.properties
1096,2005-12-05 03:47:54,ERROR,httpd,,,1,mod_jk child workerEnv in error state <NUM>,mod_jk child workerEnv in error state 8,[Mon Dec 05 03:47:54 2005] [error] mod_jk child workerEnv in error state 8
1097,2005-12-05 03:47:54,NOTICE,httpd,,,0,workerEnv.init() ok <PATH>,workerEnv.init() ok /etc/httpd/conf/workers2.properties,[Mon Dec 05 03:47:54 2005] [notice] workerEnv.init() ok /etc/httpd/conf/workers2.properties
1098,2005-12-05 03:47:54,ERROR,httpd,,,1,mod_jk child workerEnv in error state <NUM>,mod_jk child workerEnv in error state 8,[Mon Dec 05 03:47:54 2005] [error] mod_jk child workerEnv in error state 8
1099,2005-12-05 03:47:54,NOTICE,httpd,,,0,workerEnv.init() ok <PATH>,workerEnv.init() ok /etc/httpd/conf/workers2.properties,[Mon Dec 05 03:47:54 2005] [notice] workerEnv.init() ok /etc/httpd/conf/workers2.properties
1100,2005-12-05 03:47:54,ERROR,httpd,,,1,mod_jk child workerEnv in error state <NUM>,mod_jk child workerEnv in error state 7,[Mon Dec 05 03:47:54 2005] [error] mod_jk child workerEnv in error state 7
1101,2005-12-05 03:47:54,NOTICE,httpd,,,0,workerEnv.init() ok <PATH>,workerEnv.init() ok /etc/httpd/conf/workers2.properties,[Mon Dec 05 03:47:54 2005] [notice] workerEnv.init() ok /etc/httpd/conf/workers2.properties
1102,2005-12-05 03:47:54,ERROR,httpd,,,1,mod_jk child workerEnv in error state <NUM>,mod_jk child workerEnv in error state 6,[Mon Dec 05 03:47:54 2005] [error] mod_jk child workerEnv in error state 6
1103,2005-12-05 03:50:49,NOTICE,httpd,,,2,jk2_init() Found child <NUM> in scoreboard slot <NUM>,jk2_init() Found child 2857 in scoreboard slot 9,[Mon Dec 05 03:50:49 2005] [notice] jk2_init() Found child 2857 in scoreboard slot 9
1104,2005-12-05 03:50:50,NOTICE,httpd,,,2,jk2_init() Found child <NUM> in scoreboard slot <NUM>,jk2_init() Found child 2854 in scoreboard slot 7,[Mon Dec 05 03:50:50 2005] [notice] jk2_init() Found child 2854 in scoreboard slot 7
1105,2005-12-05 03:50:49,NOTICE,httpd,,,2,jk2_init() Found child <NUM> in scoreboard slot <NUM>,jk2_init() Found child 2855 in scoreboard slot 8,[Mon Dec 05 03:50:49 2005] [notice] jk2_init() Found child 2855 in scoreboard slot 8
1106,2005-12-05 03:50:49,NOTICE,httpd,,,2,jk2_init() Found child <NUM> in scoreboard slot <NUM>,jk2_init() Found child 2856 in scoreboard slot 6,[Mon Dec 05 03:50:49 2005] [notice] jk2_init() Found child 2856 in scoreboard slot 6
1107,2005-12-05 03:50:59,NOTICE,httpd,,,0,workerEnv.init() ok <PATH>,workerEnv.init() ok /etc/httpd/conf/workers2.properties,[Mon Dec 05 03:50:59 2005] [notice] workerEnv.init() ok /etc/httpd/conf/workers2.properties
1108,2005-12-05 03:50:59,NOTICE,httpd,,,0,workerEnv.init() ok <PATH>,workerEnv.init() ok /etc/httpd/conf/workers2.properties,[Mon Dec 05 03:50:59 2005] [notice] workerEnv.init() ok /etc/httpd/conf/workers2.properties
1109,2005-12-05 03:50:59,NOTICE,httpd,,,0,workerEnv.init() ok <PATH>,workerEnv.init() ok /etc/httpd/conf/workers2.properties,[Mon Dec 05 03:50:59 2005] [notice] workerEnv.init() ok /etc/httpd/conf/workers2.properties
1110,2005-12-05 03:50:59,NOTICE,httpd,,,0,workerEnv.init() ok <PATH>,workerEnv.init() ok /etc/httpd/conf/workers2.properties,[Mon Dec 05 03:50:59 2005] [notice] workerEnv.init() ok /etc/httpd/conf/workers2.properties
1111,2005-12-05 03:50:59,ERROR,httpd,,,1,mod_jk child workerEnv in error state <NUM>,mod_jk child workerEnv in error state 6,[Mon Dec 05 03:50:59 2005] [error] mod_jk child workerEnv in error state 6
1112,2005-12-05 03:50:59,ERROR,httpd,,,1,mod_jk child workerEnv in error state <NUM>,mod_jk child workerEnv in error state 6,[Mon Dec 05 03:50:59 2005] [error] mod_jk child workerEnv in error state 6
1113,2005-12-05 03:50:59,ERROR,httpd,,,1,mod_jk child workerEnv in error state <NUM>,mod_jk child workerEnv in error state 6,[Mon Dec 05 03:50:59 2005] [error] mod_jk child workerEnv in error state 6
1114,2005-12-05 03:50:59,ERROR,httpd,,,1,mod_jk child workerEnv in error state <NUM>,mod_jk child workerEnv in error state 6,[Mon Dec 05 03:50:59 2005] [error] mod_jk child workerEnv in error state 6
1115,2005-12-05 03:56:12,NOTICE,httpd,,,2,jk2_init() Found child <NUM> in scoreboard slot <NUM>,jk2_init() Found child 2866 in scoreboard slot 7,[Mon Dec 05 03:56:12 2005] [notice] jk2_init() Found child 2866 in scoreboard slot 7
1116,2005-12-05 03:56:12,NOTICE,httpd,,,2,jk2_init() Found child <NUM> in scoreboard slot <NUM>,jk2_init() Found child 2867 in scoreboard slot 8,[Mon Dec 05 03:56:12 2005] [notice] jk2_init() Found child 2867 in scoreboard slot 8
1117,2005-12-05 03:56:12,NOTICE,httpd,,,2,jk2_init() Found child <NUM> in scoreboard slot <NUM>,jk2_init() Found child 2865 in scoreboard slot 9,[Mon Dec 05 03:56:12 2005] [notice] jk2_init() Found child 2865 in scoreboard slot 9
1118,2005-12-05 03:56:12,NOTICE,httpd,,,2,jk2_init() Found child <NUM> in scoreboard slot <NUM>,jk2_init() Found child 2864 in scoreboard slot 6,[Mon Dec 05 03:56:12 2005] [notice] jk2_init() Found child 2864 in scoreboard slot 6
1119,2005-12-05 03:56:15,NOTICE,httpd,,,0,workerEnv.init() ok <PATH>,workerEnv.init() ok /etc/httpd/conf/workers2.properties,[Mon Dec 05 03:56:15 2005] [notice] workerEnv.init() ok /etc/httpd/conf/workers2.properties
1120,2005-12-05 03:56:15,ERROR,httpd,,,1,mod_jk child workerEnv in error state <NUM>,mod_jk child workerEnv in error state 6,[Mon Dec 05 03:56:15 2005] [error] mod_jk child workerEnv in error state 6
1121,2005-12-05 03:56:15,NOTICE,httpd,,,0,workerEnv.init() ok <PATH>,workerEnv.init() ok /etc/httpd/conf/workers2.properties,[Mon Dec 05 03:56:15 2005] [notice] workerEnv.init() ok /etc/httpd/conf/workers2.properties
1122,2005-12-05 03:56:15,ERROR,httpd,,,1,mod_jk child workerEnv in error state <NUM>,mod_jk child workerEnv in error state 6,[Mon Dec 05 03:56:15 2005] [error] mod_jk child workerEnv in error state 6
1123,2005-12-05 03:56:15,NOTICE,httpd,,,0,workerEnv.init() ok <PATH>,workerEnv.init() ok /etc/httpd/conf/workers2.properties,[Mon Dec 05 03:56:15 2005] [notice] workerEnv.init() ok /etc/httpd/conf/workers2.properties
1124,2005-12-05 03:56:15,ERROR,httpd,,,1,mod_jk child workerEnv in error state <NUM>,mod_jk child workerEnv in error state 6,[Mon Dec 05 03:56:15 2005] [error] mod_jk child workerEnv in error state 6
1125,2005-12-05 03:56:15,NOTICE,httpd,,,0,workerEnv.init() ok <PATH>,workerEnv.init() ok /etc/httpd/conf/workers2.properties,[Mon Dec 05 03:56:15 2005] [notice] workerEnv.init() ok /etc/httpd/conf/workers2.properties
1126,2005-12-05 03:56:15,ERROR,httpd,,,1,mod_jk child workerEnv in error state <NUM>,mod_jk child workerEnv in error state 6,[Mon Dec 05 03:56:15 2005] [error] mod_jk child workerEnv in error state 6
1127,2005-12-05 04:00:55,NOTICE,httpd,,,2,jk2_init() Found child <NUM> in scoreboard slot <NUM>,jk2_init() Found child 2877 in scoreboard slot 10,[Mon Dec 05 04:00:55 2005] [notice] jk2_init() Found child 2877 in scoreboard slot 10
1128,2005-12-05 04:01:18,NOTICE,httpd,,,2,jk2_init() Found child <NUM> in scoreboard slot <NUM>,jk2_init() Found child 2883 in scoreboard slot 9,[Mon Dec 05 04:01:18 2005] [notice] jk2_init() Found child 2883 in scoreboard slot 9
1129,2005-12-05 04:01:18,NOTICE,httpd,,,2,jk2_init() Found child <NUM> in scoreboard slot <NUM>,jk2_init() Found child 2878 in scoreboard slot 7,[Mon Dec 05 04:01:18 2005] [notice] jk2_init() Found child 2878 in scoreboard slot 7
1130,2005-12-05 04:01:18,NOTICE,httpd,,,2,jk2_init() Found child <NUM> in scoreboard slot <NUM>,jk2_init() Found child 2880 in scoreboard slot 8,[Mon Dec 05 04:01:18 2005] [notice] jk2_init() Found child 2880 in scoreboard slot 8
1131,2005-12-05 04:01:18,NOTICE,httpd,,,2,jk2_init() Found child <NUM> in scoreboard slot <NUM>,jk2_init() Found child 2879 in scoreboard slot 6,[Mon Dec 05 04:01:18 2005] [notice] jk2_init() Found child 2879 in scoreboard slot 6
1132,2005-12-05 04:01:23,NOTICE,httpd,,,0,workerEnv.init() ok <PATH>,workerEnv.init() ok /etc/httpd/conf/workers2.properties,[Mon Dec 05 04:01:23 2005] [notice] workerEnv.init() ok /etc/httpd/conf/workers2.properties
1133,2005-12-05 04:01:23,ERROR,httpd,,,1,mod_jk child workerEnv in error state <NUM>,mod_jk child workerEnv in error state 6,[Mon Dec 05 04:01:23 2005] [error] mod_jk child workerEnv in error state 6
1134,2005-12-05 04:01:23,NOTICE,httpd,,,0,workerEnv.init() ok <PATH>,workerEnv.init() ok /etc/httpd/conf/workers2.properties,[Mon Dec 05 04:01:23 2005] [notice] workerEnv.init() ok /etc/httpd/conf/workers2.properties
1135,2005-12-05 04:01:23,ERROR,httpd,,,1,mod_jk child workerEnv in error state <NUM>,mod_jk child workerEnv in error state 6,[Mon Dec 05 04:01:23 2005] [error] mod_jk child workerEnv in error state 6
1136,2005-12-05 04:01:23,NOTICE,httpd,,,0,workerEnv.init() ok <PATH>,workerEnv.init() ok /etc/httpd/conf/workers2.properties,[Mon Dec 05 04:01:23 2005] [notice] workerEnv.init() ok /etc/httpd/conf/workers2.properties
1137,2005-12-05 04:01:23,ERROR,httpd,,,1,mod_jk child workerEnv in error state <NUM>,mod_jk child workerEnv in error state 6,[Mon Dec 05 04:01:23 2005] [error] mod_jk child workerEnv in error state 6
1138,2005-12-05 04:01:23,NOTICE,httpd,,,0,workerEnv.init() ok <PATH>,workerEnv.init() ok /etc/httpd/conf/workers2.properties,[Mon Dec 05 04:01:23 2005] [notice] workerEnv.init() ok /etc/httpd/conf/workers2.properties
1139,2005-12-05 04:01:23,ERROR,httpd,,,1,mod_jk child workerEnv in error state <NUM>,mod_jk child workerEnv in error state 6,[Mon Dec 05 04:01:23 2005] [error] mod_jk child workerEnv in error state 6
1140,2005-12-05 04:06:19,NOTICE,httpd,,,2,jk2_init() Found child <NUM> in scoreboard slot <NUM>,jk2_init() Found child 3667 in scoreboard slot 7,[Mon Dec 05 04:06:19 2005] [notice] jk2_init() Found child 3667 in scoreboard slot 7
1141,2005-12-05 04:06:19,NOTICE,httpd,,,2,jk2_init() Found child <NUM> in scoreboard slot <NUM>,jk2_init() Found child 3669 in scoreboard slot 6,[Mon Dec 05 04:06:19 2005] [notice] jk2_init() Found child 3669 in scoreboard slot 6
1142,2005-12-05 04:06:27,NOTICE,httpd,,,2,jk2_init() Found child <NUM> in scoreboard slot <NUM>,jk2_init() Found child 3670 in scoreboard slot 8,[Mon Dec 05 04:06:27 2005] [notice] jk2_init() Found child 3670 in scoreboard slot 8
1143,2005-12-05 04:06:43,NOTICE,httpd,,,0,workerEnv.init() ok <PATH>,workerEnv.init() ok /etc/httpd/conf/workers2.properties,[Mon Dec 05 04:06:43 2005] [notice] workerEnv.init() ok /etc/httpd/conf/workers2.properties
1144,2005-12-05 04:06:43,NOTICE,httpd,,,0,workerEnv.init() ok <PATH>,workerEnv.init() ok /etc/httpd/conf/workers2.properties,[Mon Dec 05 04:06:43 2005] [notice] workerEnv.init() ok /etc/httpd/conf/workers2.properties
1145,2005-12-05 04:06:45,ERROR,httpd,,,1,mod_jk child workerEnv in error state <NUM>,mod_jk child workerEnv in error state 6,[Mon Dec 05 04:06:45 2005] [error] mod_jk child workerEnv in error state 6
1146,2005-12-05 04:06:45,ERROR,httpd,,,1,mod_jk child workerEnv in error state <NUM>,mod_jk child workerEnv in error state 6,[Mon Dec 05 04:06:45 2005] [error] mod_jk child workerEnv in error state 6
1147,2005-12-05 04:07:23,NOTICE,httpd,,,2,jk2_init() Found child <NUM> in scoreboard slot <NUM>,jk2_init() Found child 3672 in scoreboard slot 7,[Mon Dec 05 04:07:23 2005] [notice] jk2_init() Found child 3672 in scoreboard slot 7
1148,2005-12-05 04:07:37,NOTICE,httpd,,,2,jk2_init() Found child <NUM> in scoreboard slot <NUM>,jk2_init() Found child 3673 in scoreboard slot 6,[Mon Dec 05 04:07:37 2005] [notice] jk2_init() Found child 3673 in scoreboard slot 6
1149,2005-12-05 04:07:48,NOTICE,httpd,,,2,jk2_init() Found child <NUM> in scoreboard slot <NUM>,jk2_init() Found child 3675 in scoreboard slot 9,[Mon Dec 05 04:07:48 2005] [notice] jk2_init() Found child 3675 in scoreboard slot 9
1150,2005-12-05 04:07:48,NOTICE,httpd,,,2,jk2_init() Found child <NUM> in scoreboard slot <NUM>,jk2_init() Found child 3674 in scoreboard slot 8,[Mon Dec 05 04:07:48 2005] [notice] jk2_init() Found child 3674 in scoreboard slot 8
1151,2005-12-05 04:08:37,NOTICE,httpd,,,2,jk2_init() Found child <NUM> in scoreboard slot <NUM>,jk2_init() Found child 3678 in scoreboard slot 8,[Mon Dec 05 04:08:37 2005] [notice] jk2_init() Found child 3678 in scoreboard slot 8
1152,2005-12-05 04:08:37,NOTICE,httpd,,,2,jk2_init() Found child <NUM> in scoreboard slot <NUM>,jk2_init() Found child 3681 in scoreboard slot 6,[Mon Dec 05 04:08:37 2005] [notice] jk2_init() Found child 3681 in scoreboard slot 6
1153,2005-12-05 04:08:37,NOTICE,httpd,,,2,jk2_init() Found child <NUM> in scoreboard slot <NUM>,jk2_init() Found child 3679 in scoreboard slot 9,[Mon Dec 05 04:08:37 2005] [notice] jk2_init() Found child 3679 in scoreboard slot 9
1154,2005-12-05 04:08:37,NOTICE,httpd,,,2,jk2_init() Found child <NUM> in scoreboard slot <NUM>,jk2_init() Found child 3680 in scoreboard slot 7,[Mon Dec 05 04:08:37 2005] [notice] jk2_init() Found child 3680 in scoreboard slot 7
1155,2005-12-05 04:08:57,NOTICE,httpd,,,0,workerEnv.init() ok <PATH>,workerEnv.init() ok /etc/httpd/conf/workers2.properties,[Mon Dec 05 04:08:57 2005] [notice] workerEnv.init() ok /etc/httpd/conf/workers2.properties
1156,2005-12-05 04:09:32,NOTICE,httpd,,,2,jk2_init() Found child <NUM> in scoreboard slot <NUM>,jk2_init() Found child 3685 in scoreboard slot 6,[Mon Dec 05 04:09:32 2005] [notice] jk2_init() Found child 3685 in scoreboard slot 6
1157,2005-12-05 04:10:47,NOTICE,httpd,,,2,jk2_init() Found child <NUM> in scoreboard slot <NUM>,jk2_init() Found child 3698 in scoreboard slot 9,[Mon Dec 05 04:10:47 2005] [notice] jk2_init() Found child 3698 in scoreboard slot 9
1158,2005-12-05 04:10:47,NOTICE,httpd,,,2,jk2_init() Found child <NUM> in scoreboard slot <NUM>,jk2_init() Found child 3690 in scoreboard slot 6,[Mon Dec 05 04:10:47 2005] [notice] jk2_init() Found child 3690 in scoreboard slot 6
1159,2005-12-05 04:10:47,NOTICE,httpd,,,2,jk2_init() Found child <NUM> in scoreboard slot <NUM>,jk2_init() Found child 3691 in scoreboard slot 8,[Mon Dec 05 04:10:47 2005] [notice] jk2_init() Found child 3691 in scoreboard slot 8
1160,2005-12-05 04:13:54,NOTICE,httpd,,,2,jk2_init() Found child <NUM> in scoreboard slot <NUM>,jk2_init() Found child 3744 in scoreboard slot 6,[Mon Dec 05 04:13:54 2005] [notice] jk2_init() Found child 3744 in scoreboard slot 6
1161,2005-12-05 04:13:54,NOTICE,httpd,,,2,jk2_init() Found child <NUM> in scoreboard slot <NUM>,jk2_init() Found child 3747 in scoreboard slot 8,[Mon Dec 05 04:13:54 2005] [notice] jk2_init() Found child 3747 in scoreboard slot 8
1162,2005-12-05 04:13:54,NOTICE,httpd,,,2,jk2_init() Found child <NUM> in scoreboard slot <NUM>,jk2_init() Found child 3754 in scoreboard slot 12,[Mon Dec 05 04:13:54 2005] [notice] jk2_init() Found child 3754 in scoreboard slot 12
1163,2005-12-05 04:13:54,NOTICE,httpd,,,2,jk2_init() Found child <NUM> in scoreboard slot <NUM>,jk2_init() Found child 3755 in scoreboard slot 13,[Mon Dec 05 04:13:54 2005] [notice] jk2_init() Found child 3755 in scoreboard slot 13
1164,2005-12-05 04:13:54,NOTICE,httpd,,,2,jk2_init() Found child <NUM> in scoreboard slot <NUM>,jk2_init() Found child 3753 in scoreboard slot 10,[Mon Dec 05 04:13:54 2005] [notice] jk2_init() Found child 3753 in scoreboard slot 10
1165,2005-12-05 04:13:54,NOTICE,httpd,,,2,jk2_init() Found child <NUM> in scoreboard slot <NUM>,jk2_init() Found child 3752 in scoreboard slot 9,[Mon Dec 05 04:13:54 2005] [notice] jk2_init() Found child 3752 in scoreboard slot 9
1166,2005-12-05 04:13:54,NOTICE,httpd,,,2,jk2_init() Found child <NUM> in scoreboard slot <NUM>,jk2_init() Found child 3746 in scoreboard slot 7,[Mon Dec 05 04:13:54 2005] [notice] jk2_init() Found child 3746 in scoreboard slot 7
1167,2005-12-05 04:14:00,NOTICE,httpd,,,0,workerEnv.init() ok <PATH>,workerEnv.init() ok /etc/httpd/conf/workers2.properties,[Mon Dec 05 04:14:00 2005] [notice] workerEnv.init() ok /etc/httpd/conf/workers2.properties
1168,2005-12-05 04:14:00,NOTICE,httpd,,,0,workerEnv.init() ok <PATH>,workerEnv.init() ok /etc/httpd/conf/workers2.properties,[Mon Dec 05 04:14:00 2005] [notice] workerEnv.init() ok /etc/httpd/conf/workers2.properties
1169,2005-12-05 04:14:00,ERROR,httpd,,,1,mod_jk child workerEnv in error state <NUM>,mod_jk child workerEnv in error state 9,[Mon Dec 05 04:14:00 2005] [error] mod_jk child workerEnv in error state 9
1170,2005-12-05 04:14:00,NOTICE,httpd,,,0,workerEnv.init() ok <PATH>,workerEnv.init() ok /etc/httpd/conf/workers2.properties,[Mon Dec 05 04:14:00 2005] [notice] workerEnv.init() ok /etc/httpd/conf/workers2.properties
1171,2005-12-05 04:14:00,ERROR,httpd,,,1,mod_jk child workerEnv in error state <NUM>,mod_jk child workerEnv in error state 8,[Mon Dec 05 04:14:00 2005] [error] mod_jk child workerEnv in error state 8
1172,2005-12-05 04:14:00,NOTICE,httpd,,,0,workerEnv.init() ok <PATH>,workerEnv.init() ok /etc/httpd/conf/workers2.properties,[Mon Dec 05 04:14:00 2005] [notice] workerEnv.init() ok /etc/httpd/conf/workers2.properties
1173,2005-12-05 04:14:00,ERROR,httpd,,,1,mod_jk child workerEnv in error state <NUM>,mod_jk child workerEnv in error state 6,[Mon Dec 05 04:14:00 2005] [error] mod_jk child workerEnv in error state 6
1174,2005-12-05 04:14:00,NOTICE,httpd,,,0,workerEnv.init() ok <PATH>,workerEnv.init() ok /etc/httpd/conf/workers2.properties,[Mon Dec 05 04:14:00 2005] [notice] workerEnv.init() ok /etc/httpd/conf/workers2.properties
1175,2005-12-05 04:14:00,ERROR,httpd,,,1,mod_jk child workerEnv in error state <NUM>,mod_jk child workerEnv in error state 9,[Mon Dec 05 04:14:00 2005] [error] mod_jk child workerEnv in error state 9
1176,2005-12-05 04:14:00,NOTICE,httpd,,,0,workerEnv.init() ok <PATH>,workerEnv.init() ok /etc/httpd/conf/workers2.properties,[Mon Dec 05 04:14:00 2005] [notice] workerEnv.init() ok /etc/httpd/conf/workers2.properties
1177,2005-12-05 04:14:00,ERROR,httpd,,,1,mod_jk child workerEnv in error state <NUM>,mod_jk child workerEnv in error state 6,[Mon Dec 05 04:14:00 2005] [error] mod_jk child workerEnv in error state 6
1178,2005-12-05 04:14:00,NOTICE,httpd,,,0,workerEnv.init() ok <PATH>,workerEnv.init() ok /etc/httpd/conf/workers2.properties,[Mon Dec 05 04:14:00 2005] [notice] workerEnv.init() ok /etc/httpd/conf/workers2.properties
1179,2005-12-05 04:14:00,ERROR,httpd,,,1,mod_jk child workerEnv in error state <NUM>,mod_jk child workerEnv in error state 10,[Mon Dec 05 04:14:00 2005] [error] mod_jk child workerEnv in error state 10
1180,2005-12-05 04:14:00,ERROR,httpd,,,1,mod_jk child workerEnv in error state <NUM>,mod_jk child workerEnv in error state 9,[Mon Dec 05 04:14:00 2005] [error] mod_jk child workerEnv in error state 9
1181,2005-12-05 05:06:42,NOTICE,httpd,,,2,jk2_init() Found child <NUM> in scoreboard slot <NUM>,jk2_init() Found child 4596 in scoreboard slot 8,[Mon Dec 05 05:06:42 2005] [notice] jk2_init() Found child 4596 in scoreboard slot 8
1182,2005-12-05 05:06:42,NOTICE,httpd,,,2,jk2_init() Found child <NUM> in scoreboard slot <NUM>,jk2_init() Found child 4595 in scoreboard slot 7,[Mon Dec 05 05:06:42 2005] [notice] jk2_init() Found child 4595 in scoreboard slot 7
1183,2005-12-05 05:06:42,NOTICE,httpd,,,2,jk2_init() Found child <NUM> in scoreboard slot <NUM>,jk2_init() Found child 4594 in scoreboard slot 6,[Mon Dec 05 05:06:42 2005] [notice] jk2_init() Found child 4594 in scoreboard slot 6
1184,2005-12-05 05:06:47,NOTICE,httpd,,,0,workerEnv.init() ok <PATH>,workerEnv.init() ok /etc/httpd/conf/workers2.properties,[Mon Dec 05 05:06:47 2005] [notice] workerEnv.init() ok /etc/httpd/conf/workers2.properties
1185,2005-12-05 05:06:47,NOTICE,httpd,,,0,workerEnv.init() ok <PATH>,workerEnv.init() ok /etc/httpd/conf/workers2.properties,[Mon Dec 05 05:06:47 2005] [notice] workerEnv.init() ok /etc/httpd/conf/workers2.properties
1186,2005-12-05 05:06:47,NOTICE,httpd,,,0,workerEnv.init() ok <PATH>,workerEnv.init() ok /etc/httpd/conf/workers2.properties,[Mon Dec 05 05:06:47 2005] [notice] workerEnv.init() ok /etc/httpd/conf/workers2.properties
1187,2005-12-05 05:06:47,ERROR,httpd,,,1,mod_jk child workerEnv in error state <NUM>,mod_jk child workerEnv in error state 6,[Mon Dec 05 05:06:47 2005] [error] mod_jk child workerEnv in error state 6
1188,2005-12-05 05:06:47,ERROR,httpd,,,1,mod_jk child workerEnv in error state <NUM>,mod_jk child workerEnv in error state 6,[Mon Dec 05 05:06:47 2005] [error] mod_jk child workerEnv in error state 6
1189,2005-12-05 05:06:47,ERROR,httpd,,,1,mod_jk child workerEnv in error state <NUM>,mod_jk child workerEnv in error state 6,[Mon Dec 05 05:06:47 2005] [error] mod_jk child workerEnv in error state 6
1190,2005-12-05 05:11:04,NOTICE,httpd,,,2,jk2_init() Found child <NUM> in scoreboard slot <NUM>,jk2_init() Found child 4609 in scoreboard slot 7,[Mon Dec 05 05:11:04 2005] [notice] jk2_init() Found child 4609 in scoreboard slot 7
1191,2005-12-05 05:11:04,NOTICE,httpd,,,2,jk2_init() Found child <NUM> in scoreboard slot <NUM>,jk2_init() Found child 4608 in scoreboard slot 6,[Mon Dec 05 05:11:04 2005] [notice] jk2_init() Found child 4608 in scoreboard slot 6
1192,2005-12-05 05:11:34,NOTICE,httpd,,,2,jk2_init() Found child <NUM> in scoreboard slot <NUM>,jk2_init() Found child 4611 in scoreboard slot 9,[Mon Dec 05 05:11:34 2005] [notice] jk2_init() Found child 4611 in scoreboard slot 9
1193,2005-12-05 05:11:54,NOTICE,httpd,,,2,jk2_init() Found child <NUM> in scoreboard slot <NUM>,jk2_init() Found child 4613 in scoreboard slot 7,[Mon Dec 05 05:11:54 2005] [notice] jk2_init() Found child 4613 in scoreboard slot 7
1194,2005-12-05 05:11:54,NOTICE,httpd,,,2,jk2_init() Found child <NUM> in scoreboard slot <NUM>,jk2_init() Found child 4612 in scoreboard slot 6,[Mon Dec 05 05:11:54 2005] [notice] jk2_init() Found child 4612 in scoreboard slot 6
1195,2005-12-05 05:12:32,NOTICE,httpd,,,2,jk2_init() Found child <NUM> in scoreboard slot <NUM>,jk2_init() Found child 4615 in scoreboard slot 9,[Mon Dec 05 05:12:32 2005] [notice] jk2_init() Found child 4615 in scoreboard slot 9
1196,2005-12-05 05:12:56,NOTICE,httpd,,,2,jk2_init() Found child <NUM> in scoreboard slot <NUM>,jk2_init() Found child 4616 in scoreboard slot 6,[Mon Dec 05 05:12:56 2005] [notice] jk2_init() Found child 4616 in scoreboard slot 6
1197,2005-12-05 05:12:56,NOTICE,httpd,,,2,jk2_init() Found child <NUM> in scoreboard slot <NUM>,jk2_init() Found child 4617 in scoreboard slot 7,[Mon Dec 05 05:12:56 2005] [notice] jk2_init() Found child 4617 in scoreboard slot 7
1198,2005-12-05 05:12:56,NOTICE,httpd,,,2,jk2_init() Found child <NUM> in scoreboard slot <NUM>,jk2_init() Found child 4618 in scoreboard slot 8,[Mon Dec 05 05:12:56 2005] [notice] jk2_init() Found child 4618 in scoreboard slot 8
1199,2005-12-05 05:15:29,NOTICE,httpd,,,2,jk2_init() Found child <NUM> in scoreboard slot <NUM>,jk2_init() Found child 4634 in scoreboard slot 6,[Mon Dec 05 05:15:29 2005] [notice] jk2_init() Found child 4634 in scoreboard slot 6
1200,2005-12-05 05:15:29,NOTICE,httpd,,,2,jk2_init() Found child <NUM> in scoreboard slot <NUM>,jk2_init() Found child 4637 in scoreboard slot 7,[Mon Dec 05 05:15:29 2005] [notice] jk2_init() Found child 4637 in scoreboard slot 7
1201,2005-12-05 05:15:29,NOTICE,httpd,,,2,jk2_init() Found child <NUM> in scoreboard slot <NUM>,jk2_init() Found child 4631 in scoreboard slot 9,[Mon Dec 05 05:15:29 2005] [notice] jk2_init() Found child 4631 in scoreboard slot 9
1202,2005-12-05 05:15:29,NOTICE,httpd,,,2,jk2_init() Found child <NUM> in scoreboard slot <NUM>,jk2_init() Found child 4630 in scoreboard slot 8,[Mon Dec 05 05:15:29 2005] [notice] jk2_init() Found child 4630 in scoreboard slot 8
1203,2005-12-05 05:15:33,NOTICE,httpd,,,0,workerEnv.init() ok <PATH>,workerEnv.init() ok /etc/httpd/conf/workers2.properties,[Mon Dec 05 05:15:33 2005] [notice] workerEnv.init() ok /etc/httpd/conf/workers2.properties
1204,2005-12-05 05:15:33,ERROR,httpd,,,1,mod_jk child workerEnv in error state <NUM>,mod_jk child workerEnv in error state 9,[Mon Dec 05 05:15:33 2005] [error] mod_jk child workerEnv in error state 9
1205,2005-12-05 05:15:33,NOTICE,httpd,,,0,workerEnv.init() ok <PATH>,workerEnv.init() ok /etc/httpd/conf/workers2.properties,[Mon Dec 05 05:15:33 2005] [notice] workerEnv.init() ok /etc/httpd/conf/workers2.properties
1206,2005-12-05 05:15:33,ERROR,httpd,,,1,mod_jk child workerEnv in error state <NUM>,mod_jk child workerEnv in error state 9,[Mon Dec 05 05:15:33 2005] [error] mod_jk child workerEnv in error state 9
1207,2005-12-05 05:15:33,NOTICE,httpd,,,0,workerEnv.init() ok <PATH>,workerEnv.init() ok /etc/httpd/conf/workers2.properties,[Mon Dec 05 05:15:33 2005] [notice] workerEnv.init() ok /etc/httpd/conf/workers2.properties
1208,2005-12-05 05:15:33,ERROR,httpd,,,1,mod_jk child workerEnv in error state <NUM>,mod_jk child workerEnv in error state 7,[Mon Dec 05 05:15:33 2005] [error] mod_jk child workerEnv in error state 7
1209,2005-12-05 05:15:33,NOTICE,httpd,,,0,workerEnv.init() ok <PATH>,workerEnv.init() ok /etc/httpd/conf/workers2.properties,[Mon Dec 05 05:15:33 2005] [notice] workerEnv.init() ok /etc/httpd/conf/workers2.properties
1210,2005-12-05 05:15:33,ERROR,httpd,,,1,mod_jk child workerEnv in error state <NUM>,mod_jk child workerEnv in error state 8,[Mon Dec 05 05:15:33 2005] [error] mod_jk child workerEnv in error state 8
1211,2005-12-05 06:35:27,NOTICE,httpd,,,2,jk2_init() Found child <NUM> in scoreboard slot <NUM>,jk2_init() Found child 4820 in scoreboard slot 8,[Mon Dec 05 06:35:27 2005] [notice] jk2_init() Found child 4820 in scoreboard slot 8
1212,2005-12-05 06:35:27,NOTICE,httpd,,,0,workerEnv.init() ok <PATH>,workerEnv.init() ok /etc/httpd/conf/workers2.properties,[Mon Dec 05 06:35:27 2005] [notice] workerEnv.init() ok /etc/httpd/conf/workers2.properties
1213,2005-12-05 06:35:27,ERROR,httpd,,,1,mod_jk child workerEnv in error state <NUM>,mod_jk child workerEnv in error state 6,[Mon Dec 05 06:35:27 2005] [error] mod_jk child workerEnv in error state 6
1214,2005-12-05 06:36:58,NOTICE,httpd,,,2,jk2_init() Found child <NUM> in scoreboard slot <NUM>,jk2_init() Found child 4821 in scoreboard slot 10,[Mon Dec 05 06:36:58 2005] [notice] jk2_init() Found child 4821 in scoreboard slot 10
1215,2005-12-05 06:36:58,NOTICE,httpd,,,0,workerEnv.init() ok <PATH>,workerEnv.init() ok /etc/httpd/conf/workers2.properties,[Mon Dec 05 06:36:58 2005] [notice] workerEnv.init() ok /etc/httpd/conf/workers2.properties
1216,2005-12-05 06:36:58,ERROR,httpd,,,1,mod_jk child workerEnv in error state <NUM>,mod_jk child workerEnv in error state 6,[Mon Dec 05 06:36:58 2005] [error] mod_jk child workerEnv in error state 6
1217,2005-12-05 06:36:59,ERROR,httpd,,,3,[client <IP>] Directory index forbidden by rule: <PATH>,[client 221.232.178.24] Directory index forbidden by rule: /var/www/html/,[Mon Dec 05 06:36:59 2005] [error] [client 221.232.178.24] Directory index forbidden by rule: /var/www/html/
1218,2005-12-05 07:16:00,NOTICE,httpd,,,2,jk2_init() Found child <NUM> in scoreboard slot <NUM>,jk2_init() Found child 4893 in scoreboard slot 7,[Mon Dec 05 07:16:00 2005] [notice] jk2_init() Found child 4893 in scoreboard slot 7
1219,2005-12-05 07:16:00,NOTICE,httpd,,,2,jk2_init() Found child <NUM> in scoreboard slot <NUM>,jk2_init() Found child 4892 in scoreboard slot 6,[Mon Dec 05 07:16:00 2005] [notice] jk2_init() Found child 4892 in scoreboard slot 6
1220,2005-12-05 07:16:03,NOTICE,httpd,,,0,workerEnv.init() ok <PATH>,workerEnv.init() ok /etc/httpd/conf/workers2.properties,[Mon Dec 05 07:16:03 2005] [notice] workerEnv.init() ok /etc/httpd/conf/workers2.properties
1221,2005-12-05 07:16:03,ERROR,httpd,,,1,mod_jk child workerEnv in error state <NUM>,mod_jk child workerEnv in error state 6,[Mon Dec 05 07:16:03 2005] [error] mod_jk child workerEnv in error state 6
1222,2005-12-05 07:16:03,NOTICE,httpd,,,0,workerEnv.init() ok <PATH>,workerEnv.init() ok /etc/httpd/conf/workers2.properties,[Mon Dec 05 07:16:03 2005] [notice] workerEnv.init() ok /etc/httpd/conf/workers2.properties
1223,2005-12-05 07:16:03,ERROR,httpd,,,1,mod_jk child workerEnv in error state <NUM>,mod_jk child workerEnv in error state 6,[Mon Dec 05 07:16:03 2005] [error] mod_jk child workerEnv in error state 6
1224,2005-12-05 07:21:03,NOTICE,httpd,,,2,jk2_init() Found child <NUM> in scoreboard slot <NUM>,jk2_init() Found child 4907 in scoreboard slot 6,[Mon Dec 05 07:21:03 2005] [notice] jk2_init() Found child 4907 in scoreboard slot 6
1225,2005-12-05 07:21:02,NOTICE,httpd,,,2,jk2_init() Found child <NUM> in scoreboard slot <NUM>,jk2_init() Found child 4906 in scoreboard slot 9,[Mon Dec 05 07:21:02 2005] [notice] jk2_init() Found child 4906 in scoreboard slot 9
1226,2005-12-05 07:21:02,NOTICE,httpd,,,2,jk2_init() Found child <NUM> in scoreboard slot <NUM>,jk2_init() Found child 4905 in scoreboard slot 8,[Mon Dec 05 07:21:02 2005] [notice] jk2_init() Found child 4905 in scoreboard slot 8
1227,2005-12-05 07:21:09,NOTICE,httpd,,,0,workerEnv.init() ok <PATH>,workerEnv.init() ok /etc/httpd/conf/workers2.properties,[Mon Dec 05 07:21:09 2005] [notice] workerEnv.init() ok /etc/httpd/conf/workers2.properties
1228,2005-12-05 07:21:09,NOTICE,httpd,,,0,workerEnv.init() ok <PATH>,workerEnv.init() ok /etc/httpd/conf/workers2.properties,[Mon Dec 05 07:21:09 2005] [notice] workerEnv.init() ok /etc/httpd/conf/workers2.properties
1229,2005-12-05 07:21:09,ERROR,httpd,,,1,mod_jk child workerEnv in error state <NUM>,mod_jk child workerEnv in error state 6,[Mon Dec 05 07:21:09 2005] [error] mod_jk child workerEnv in error state 6
1230,2005-12-05 07:21:09,ERROR,httpd,,,1,mod_jk child workerEnv in error state <NUM>,mod_jk child workerEnv in error state 6,[Mon Dec 05 07:21:09 2005] [error] mod_jk child workerEnv in error state 6
1231,2005-12-05 07:21:09,NOTICE,httpd,,,0,workerEnv.init() ok <PATH>,workerEnv.init() ok /etc/httpd/conf/workers2.properties,[Mon Dec 05 07:21:09 2005] [notice] workerEnv.init() ok /etc/httpd/conf/workers2.properties
1232,2005-12-05 07:21:09,ERROR,httpd,,,1,mod_jk child workerEnv in error state <NUM>,mod_jk child workerEnv in error state 6,[Mon Dec 05 07:21:09 2005] [error] mod_jk child workerEnv in error state 6
1233,2005-12-05 07:25:55,NOTICE,httpd,,,2,jk2_init() Found child <NUM> in scoreboard slot <NUM>,jk2_init() Found child 4916 in scoreboard slot 8,[Mon Dec 05 07:25:55 2005] [notice] jk2_init() Found child 4916 in scoreboard slot 8
1234,2005-12-05 07:25:55,NOTICE,httpd,,,2,jk2_init() Found child <NUM> in scoreboard slot <NUM>,jk2_init() Found child 4917 in scoreboard slot 9,[Mon Dec 05 07:25:55 2005] [notice] jk2_init() Found child 4917 in scoreboard slot 9
1235,2005-12-05 07:25:55,NOTICE,httpd,,,2,jk2_init() Found child <NUM> in scoreboard slot <NUM>,jk2_init() Found child 4915 in scoreboard slot 7,[Mon Dec 05 07:25:55 2005] [notice] jk2_init() Found child 4915 in scoreboard slot 7
1236,2005-12-05 07:25:59,NOTICE,httpd,,,0,workerEnv.init() ok <PATH>,workerEnv.init() ok /etc/httpd/conf/workers2.properties,[Mon Dec 05 07:25:59 2005] [notice] workerEnv.init() ok /etc/httpd/conf/workers2.properties
1237,2005-12-05 07:25:59,NOTICE,httpd,,,0,workerEnv.init() ok <PATH>,workerEnv.init() ok /etc/httpd/conf/workers2.properties,[Mon Dec 05 07:25:59 2005] [notice] workerEnv.init() ok /etc/httpd/conf/workers2.properties
1238,2005-12-05 07:25:59,NOTICE,httpd,,,0,workerEnv.init() ok <PATH>,workerEnv.init() ok /etc/httpd/conf/workers2.properties,[Mon Dec 05 07:25:59 2005] [notice] workerEnv.init() ok /etc/httpd/conf/workers2.properties
1239,2005-12-05 07:26:00,ERROR,httpd,,,1,mod_jk child workerEnv in error state <NUM>,mod_jk child workerEnv in error state 6,[Mon Dec 05 07:26:00 2005] [error] mod_jk child workerEnv in error state 6
1240,2005-12-05 07:26:00,ERROR,httpd,,,1,mod_jk child workerEnv in error state <NUM>,mod_jk child workerEnv in error state 6,[Mon Dec 05 07:26:00 2005] [error] mod_jk child workerEnv in error state 6
1241,2005-12-05 07:26:00,ERROR,httpd,,,1,mod_jk child workerEnv in error state <NUM>,mod_jk child workerEnv in error state 6,[Mon Dec 05 07:26:00 2005] [error] mod_jk child workerEnv in error state 6
1242,2005-12-05 07:31:22,NOTICE,httpd,,,2,jk2_init() Found child <NUM> in scoreboard slot <NUM>,jk2_init() Found child 4932 in scoreboard slot 6,[Mon Dec 05 07:31:22 2005] [notice] jk2_init() Found child 4932 in scoreboard slot 6
1243,2005-12-05 07:32:03,NOTICE,httpd,,,2,jk2_init() Found child <NUM> in scoreboard slot <NUM>,jk2_init() Found child 4938 in scoreboard slot 8,[Mon Dec 05 07:32:03 2005] [notice] jk2_init() Found child 4938 in scoreboard slot 8
1244,2005-12-05 07:32:03,NOTICE,httpd,,,2,jk2_init() Found child <NUM> in scoreboard slot <NUM>,jk2_init() Found child 4935 in scoreboard slot 9,[Mon Dec 05 07:32:03 2005] [notice] jk2_init() Found child 4935 in scoreboard slot 9
1245,2005-12-05 07:32:03,NOTICE,httpd,,,2,jk2_init() Found child <NUM> in scoreboard slot <NUM>,jk2_init() Found child 4936 in scoreboard slot 6,[Mon Dec 05 07:32:03 2005] [notice] jk2_init() Found child 4936 in scoreboard slot 6
1246,2005-12-05 07:32:03,NOTICE,httpd,,,2,jk2_init() Found child <NUM> in scoreboard slot <NUM>,jk2_init() Found child 4937 in scoreboard slot 7,[Mon Dec 05 07:32:03 2005] [notice] jk2_init() Found child 4937 in scoreboard slot 7
1247,2005-12-05 07:32:06,NOTICE,httpd,,,0,workerEnv.init() ok <PATH>,workerEnv.init() ok /etc/httpd/conf/workers2.properties,[Mon Dec 05 07:32:06 2005] [notice] workerEnv.init() ok /etc/httpd/conf/workers2.properties
1248,2005-12-05 07:32:06,ERROR,httpd,,,1,mod_jk child workerEnv in error state <NUM>,mod_jk child workerEnv in error state 6,[Mon Dec 05 07:32:06 2005] [error] mod_jk child workerEnv in error state 6
1249,2005-12-05 07:32:06,NOTICE,httpd,,,0,workerEnv.init() ok <PATH>,workerEnv.init() ok /etc/httpd/conf/workers2.properties,[Mon Dec 05 07:32:06 2005] [notice] workerEnv.init() ok /etc/httpd/conf/workers2.properties
1250,2005-12-05 07:32:06,ERROR,httpd,,,1,mod_jk child workerEnv in error state <NUM>,mod_jk child workerEnv in error state 6,[Mon Dec 05 07:32:06 2005] [error] mod_jk child workerEnv in error state 6
1251,2005-12-05 07:32:06,NOTICE,httpd,,,0,workerEnv.init() ok <PATH>,workerEnv.init() ok /etc/httpd/conf/workers2.properties,[Mon Dec 05 07:32:06 2005] [notice] workerEnv.init() ok /etc/httpd/conf/workers2.properties
1252,2005-12-05 07:32:06,ERROR,httpd,,,1,mod_jk child workerEnv in error state <NUM>,mod_jk child workerEnv in error state 6,[Mon Dec 05 07:32:06 2005] [error] mod_jk child workerEnv in error state 6
1253,2005-12-05 07:32:06,NOTICE,httpd,,,0,workerEnv.init() ok <PATH>,workerEnv.init() ok /etc/httpd/conf/workers2.properties,[Mon Dec 05 07:32:06 2005] [notice] workerEnv.init() ok /etc/httpd/conf/workers2.properties
1254,2005-12-05 07:32:06,ERROR,httpd,,,1,mod_jk child workerEnv in error state <NUM>,mod_jk child workerEnv in error state 6,[Mon Dec 05 07:32:06 2005] [error] mod_jk child workerEnv in error state 6
1255,2005-12-05 07:36:19,NOTICE,httpd,,,2,jk2_init() Found child <NUM> in scoreboard slot <NUM>,jk2_init() Found child 4950 in scoreboard slot 7,[Mon Dec 05 07:36:19 2005] [notice] jk2_init() Found child 4950 in scoreboard slot 7
1256,2005-12-05 07:37:47,NOTICE,httpd,,,2,jk2_init() Found child <NUM> in scoreboard slot <NUM>,jk2_init() Found child 4961 in scoreboard slot 6,[Mon Dec 05 07:37:47 2005] [notice] jk2_init() Found child 4961 in scoreboard slot 6
1257,2005-12-05 07:37:48,NOTICE,httpd,,,2,jk2_init() Found child <NUM> in scoreboard slot <NUM>,jk2_init() Found child 4962 in scoreboard slot 7,[Mon Dec 05 07:37:48 2005] [notice] jk2_init() Found child 4962 in scoreboard slot 7
1258,2005-12-05 07:37:48,NOTICE,httpd,,,2,jk2_init() Found child <NUM> in scoreboard slot <NUM>,jk2_init() Found child 4960 in scoreboard slot 9,[Mon Dec 05 07:37:48 2005] [notice] jk2_init() Found child 4960 in scoreboard slot 9
1259,2005-12-05 07:37:48,NOTICE,httpd,,,2,jk2_init() Found child <NUM> in scoreboard slot <NUM>,jk2_init() Found child 4959 in scoreboard slot 8,[Mon Dec 05 07:37:48 2005] [notice] jk2_init() Found child 4959 in scoreboard slot 8
1260,2005-12-05 07:37:58,NOTICE,httpd,,,0,workerEnv.init() ok <PATH>,workerEnv.init() ok /etc/httpd/conf/workers2.properties,[Mon Dec 05 07:37:58 2005] [notice] workerEnv.init() ok /etc/httpd/conf/workers2.properties
1261,2005-12-05 07:37:58,NOTICE,httpd,,,0,workerEnv.init() ok <PATH>,workerEnv.init() ok /etc/httpd/conf/workers2.properties,[Mon Dec 05 07:37:58 2005] [notice] workerEnv.init() ok /etc/httpd/conf/workers2.properties
1262,2005-12-05 07:37:58,NOTICE,httpd,,,0,workerEnv.init() ok <PATH>,workerEnv.init() ok /etc/httpd/conf/workers2.properties,[Mon Dec 05 07:37:58 2005] [notice] workerEnv.init() ok /etc/httpd/conf/workers2.properties
1263,2005-12-05 07:37:58,NOTICE,httpd,,,0,workerEnv.init() ok <PATH>,workerEnv.init() ok /etc/httpd/conf/workers2.properties,[Mon Dec 05 07:37:58 2005] [notice] workerEnv.init() ok /etc/httpd/conf/workers2.properties
1264,2005-12-05 07:37:58,ERROR,httpd,,,1,mod_jk child workerEnv in error state <NUM>,mod_jk child workerEnv in error state 6,[Mon Dec 05 07:37:58 2005] [error] mod_jk child workerEnv in error state 6
1265,2005-12-05 07:37:58,ERROR,httpd,,,1,mod_jk child workerEnv in error state <NUM>,mod_jk child workerEnv in error state 6,[Mon Dec 05 07:37:58 2005] [error] mod_jk child workerEnv in error state 6
1266,2005-12-05 07:37:58,ERROR,httpd,,,1,mod_jk child workerEnv in error state <NUM>,mod_jk child workerEnv in error state 6,[Mon Dec 05 07:37:58 2005] [error] mod_jk child workerEnv in error state 6
1267,2005-12-05 07:37:58,ERROR,httpd,,,1,mod_jk child workerEnv in error state <NUM>,mod_jk child workerEnv in error state 6,[Mon Dec 05 07:37:58 2005] [error] mod_jk child workerEnv in error state 6
1268,2005-12-05 07:41:07,NOTICE,httpd,,,2,jk2_init() Found child <NUM> in scoreboard slot <NUM>,jk2_init() Found child 4974 in scoreboard slot 9,[Mon Dec 05 07:41:07 2005] [notice] jk2_init() Found child 4974 in scoreboard slot 9
1269,2005-12-05 07:41:35,NOTICE,httpd,,,2,jk2_init() Found child <NUM> in scoreboard slot <NUM>,jk2_init() Found child 4975 in scoreboard slot 6,[Mon Dec 05 07:41:35 2005] [notice] jk2_init() Found child 4975 in scoreboard slot 6
1270,2005-12-05 07:41:50,NOTICE,httpd,,,2,jk2_init() Found child <NUM> in scoreboard slot <NUM>,jk2_init() Found child 4977 in scoreboard slot 8,[Mon Dec 05 07:41:50 2005] [notice] jk2_init() Found child 4977 in scoreboard slot 8
1271,2005-12-05 07:41:50,NOTICE,httpd,,,2,jk2_init() Found child <NUM> in scoreboard slot <NUM>,jk2_init() Found child 4976 in scoreboard slot 7,[Mon Dec 05 07:41:50 2005] [notice] jk2_init() Found child 4976 in scoreboard slot 7
1272,2005-12-05 07:43:07,NOTICE,httpd,,,2,jk2_init() Found child <NUM> in scoreboard slot <NUM>,jk2_init() Found child 4984 in scoreboard slot 7,[Mon Dec 05 07:43:07 2005] [notice] jk2_init() Found child 4984 in scoreboard slot 7
1273,2005-12-05 07:43:08,NOTICE,httpd,,,2,jk2_init() Found child <NUM> in scoreboard slot <NUM>,jk2_init() Found child 4985 in scoreboard slot 10,[Mon Dec 05 07:43:08 2005] [notice] jk2_init() Found child 4985 in scoreboard slot 10
1274,2005-12-05 07:43:07,NOTICE,httpd,,,2,jk2_init() Found child <NUM> in scoreboard slot <NUM>,jk2_init() Found child 4983 in scoreboard slot 6,[Mon Dec 05 07:43:07 2005] [notice] jk2_init() Found child 4983 in scoreboard slot 6
1275,2005-12-05 07:43:15,NOTICE,httpd,,,0,workerEnv.init() ok <PATH>,workerEnv.init() ok /etc/httpd/conf/workers2.properties,[Mon Dec 05 07:43:15 2005] [notice] workerEnv.init() ok /etc/httpd/conf/workers2.properties
1276,2005-12-05 07:43:16,ERROR,httpd,,,1,mod_jk child workerEnv in error state <NUM>,mod_jk child workerEnv in error state 7,[Mon Dec 05 07:43:16 2005] [error] mod_jk child workerEnv in error state 7
1277,2005-12-05 07:43:15,NOTICE,httpd,,,0,workerEnv.init() ok <PATH>,workerEnv.init() ok /etc/httpd/conf/workers2.properties,[Mon Dec 05 07:43:15 2005] [notice] workerEnv.init() ok /etc/httpd/conf/workers2.properties
1278,2005-12-05 07:43:16,ERROR,httpd,,,1,mod_jk child workerEnv in error state <NUM>,mod_jk child workerEnv in error state 7,[Mon Dec 05 07:43:16 2005] [error] mod_jk child workerEnv in error state 7
1279,2005-12-05 07:43:15,NOTICE,httpd,,,0,workerEnv.init() ok <PATH>,workerEnv.init() ok /etc/httpd/conf/workers2.properties,[Mon Dec 05 07:43:15 2005] [notice] workerEnv.init() ok /etc/httpd/conf/workers2.properties
1280,2005-12-05 07:43:16,ERROR,httpd,,,1,mod_jk child workerEnv in error state <NUM>,mod_jk child workerEnv in error state 6,[Mon Dec 05 07:43:16 2005] [error] mod_jk child workerEnv in error state 6
1281,2005-12-05 07:43:19,NOTICE,httpd,,,2,jk2_init() Found child <NUM> in scoreboard slot <NUM>,jk2_init() Found child 4986 in scoreboard slot 8,[Mon Dec 05 07:43:19 2005] [notice] jk2_init() Found child 4986 in scoreboard slot 8
1282,2005-12-05 07:43:19,NOTICE,httpd,,,0,workerEnv.init() ok <PATH>,workerEnv.init() ok /etc/httpd/conf/workers2.properties,[Mon Dec 05 07:43:19 2005] [notice] workerEnv.init() ok /etc/httpd/conf/workers2.properties
1283,2005-12-05 07:43:19,ERROR,httpd,,,1,mod_jk child workerEnv in error state <NUM>,mod_jk child workerEnv in error state 7,[Mon Dec 05 07:43:19 2005] [error] mod_jk child workerEnv in error state 7
1284,2005-12-05 07:46:01,NOTICE,httpd,,,2,jk2_init() Found child <NUM> in scoreboard slot <NUM>,jk2_init() Found child 4991 in scoreboard slot 6,[Mon Dec 05 07:46:01 2005] [notice] jk2_init() Found child 4991 in scoreboard slot 6
1285,2005-12-05 07:46:01,NOTICE,httpd,,,2,jk2_init() Found child <NUM> in scoreboard slot <NUM>,jk2_init() Found child 4992 in scoreboard slot 7,[Mon Dec 05 07:46:01 2005] [notice] jk2_init() Found child 4992 in scoreboard slot 7
1286,2005-12-05 07:46:46,NOTICE,httpd,,,2,jk2_init() Found child <NUM> in scoreboard slot <NUM>,jk2_init() Found child 4996 in scoreboard slot 7,[Mon Dec 05 07:46:46 2005] [notice] jk2_init() Found child 4996 in scoreboard slot 7
1287,2005-12-05 07:46:46,NOTICE,httpd,,,2,jk2_init() Found child <NUM> in scoreboard slot <NUM>,jk2_init() Found child 4995 in scoreboard slot 6,[Mon Dec 05 07:46:46 2005] [notice] jk2_init() Found child 4995 in scoreboard slot 6
1288,2005-12-05 07:47:13,NOTICE,httpd,,,2,jk2_init() Found child <NUM> in scoreboard slot <NUM>,jk2_init() Found child 4998 in scoreboard slot 8,[Mon Dec 05 07:47:13 2005] [notice] jk2_init() Found child 4998 in scoreboard slot 8
1289,2005-12-05 07:47:13,NOTICE,httpd,,,2,jk2_init() Found child <NUM> in scoreboard slot <NUM>,jk2_init() Found child 4999 in scoreboard slot 6,[Mon Dec 05 07:47:13 2005] [notice] jk2_init() Found child 4999 in scoreboard slot 6
1290,2005-12-05 07:47:21,NOTICE,httpd,,,0,workerEnv.init() ok <PATH>,workerEnv.init() ok /etc/httpd/conf/workers2.properties,[Mon Dec 05 07:47:21 2005] [notice] workerEnv.init() ok /etc/httpd/conf/workers2.properties
1291,2005-12-05 07:47:21,NOTICE,httpd,,,0,workerEnv.init() ok <PATH>,workerEnv.init() ok /etc/httpd/conf/workers2.properties,[Mon Dec 05 07:47:21 2005] [notice] workerEnv.init() ok /etc/httpd/conf/workers2.properties
1292,2005-12-05 07:47:21,NOTICE,httpd,,,2,jk2_init() Found child <NUM> in scoreboard slot <NUM>,jk2_init() Found child 5000 in scoreboard slot 7,[Mon Dec 05 07:47:21 2005] [notice] jk2_init() Found child 5000 in scoreboard slot 7
1293,2005-12-05 07:47:22,ERROR,httpd,,,1,mod_jk child workerEnv in error state <NUM>,mod_jk child workerEnv in error state 8,[Mon Dec 05 07:47:22 2005] [error] mod_jk child workerEnv in error state 8
1294,2005-12-05 07:47:21,NOTICE,httpd,,,2,jk2_init() Found child <NUM> in scoreboard slot <NUM>,jk2_init() Found child 5001 in scoreboard slot 9,[Mon Dec 05 07:47:21 2005] [notice] jk2_init() Found child 5001 in scoreboard slot 9
1295,2005-12-05 07:47:23,ERROR,httpd,,,1,mod_jk child workerEnv in error state <NUM>,mod_jk child workerEnv in error state 6,[Mon Dec 05 07:47:23 2005] [error] mod_jk child workerEnv in error state 6
1296,2005-12-05 07:47:36,NOTICE,httpd,,,0,workerEnv.init() ok <PATH>,workerEnv.init() ok /etc/httpd/conf/workers2.properties,[Mon Dec 05 07:47:36 2005] [notice] workerEnv.init() ok /etc/httpd/conf/workers2.properties
1297,2005-12-05 07:47:36,NOTICE,httpd,,,0,workerEnv.init() ok <PATH>,workerEnv.init() ok /etc/httpd/conf/workers2.properties,[Mon Dec 05 07:47:36 2005] [notice] workerEnv.init() ok /etc/httpd/conf/workers2.properties
1298,2005-12-05 07:47:40,ERROR,httpd,,,1,mod_jk child workerEnv in error state <NUM>,mod_jk child workerEnv in error state 7,[Mon Dec 05 07:47:40 2005] [error] mod_jk child workerEnv in error state 7
1299,2005-12-05 07:47:40,ERROR,httpd,,,1,mod_jk child workerEnv in error state <NUM>,mod_jk child workerEnv in error state 8,[Mon Dec 05 07:47:40 2005] [error] mod_jk child workerEnv in error state 8
1300,2005-12-05 07:48:04,NOTICE,httpd,,,2,jk2_init() Found child <NUM> in scoreboard slot <NUM>,jk2_init() Found child 5002 in scoreboard slot 8,[Mon Dec 05 07:48:04 2005] [notice] jk2_init() Found child 5002 in scoreboard slot 8
1301,2005-12-05 07:48:04,NOTICE,httpd,,,2,jk2_init() Found child <NUM> in scoreboard slot <NUM>,jk2_init() Found child 5003 in scoreboard slot 6,[Mon Dec 05 07:48:04 2005] [notice] jk2_init() Found child 5003 in scoreboard slot 6
1302,2005-12-05 07:48:46,NOTICE,httpd,,,2,jk2_init() Found child <NUM> in scoreboard slot <NUM>,jk2_init() Found child 5005 in scoreboard slot 9,[Mon Dec 05 07:48:46 2005] [notice] jk2_init() Found child 5005 in scoreboard slot 9
1303,2005-12-05 07:48:46,NOTICE,httpd,,,2,jk2_init() Found child <NUM> in scoreboard slot <NUM>,jk2_init() Found child 5006 in scoreboard slot 8,[Mon Dec 05 07:48:46 2005] [notice] jk2_init() Found child 5006 in scoreboard slot 8
1304,2005-12-05 07:48:55,NOTICE,httpd,,,0,workerEnv.init() ok <PATH>,workerEnv.init() ok /etc/httpd/conf/workers2.properties,[Mon Dec 05 07:48:55 2005] [notice] workerEnv.init() ok /etc/httpd/conf/workers2.properties
1305,2005-12-05 07:48:55,NOTICE,httpd,,,0,workerEnv.init() ok <PATH>,workerEnv.init() ok /etc/httpd/conf/workers2.properties,[Mon Dec 05 07:48:55 2005] [notice] workerEnv.init() ok /etc/httpd/conf/workers2.properties
1306,2005-12-05 07:48:55,ERROR,httpd,,,1,mod_jk child workerEnv in error state <NUM>,mod_jk child workerEnv in error state 6,[Mon Dec 05 07:48:55 2005] [error] mod_jk child workerEnv in error state 6
1307,2005-12-05 07:48:55,ERROR,httpd,,,1,mod_jk child workerEnv in error state <NUM>,mod_jk child workerEnv in error state 7,[Mon Dec 05 07:48:55 2005] [error] mod_jk child workerEnv in error state 7
1308,2005-12-05 07:48:56,NOTICE,httpd,,,2,jk2_init() Found child <NUM> in scoreboard slot <NUM>,jk2_init() Found child 5007 in scoreboard slot 6,[Mon Dec 05 07:48:56 2005] [notice] jk2_init() Found child 5007 in scoreboard slot 6
1309,2005-12-05 07:48:56,NOTICE,httpd,,,2,jk2_init() Found child <NUM> in scoreboard slot <NUM>,jk2_init() Found child 5008 in scoreboard slot 7,[Mon Dec 05 07:48:56 2005] [notice] jk2_init() Found child 5008 in scoreboard slot 7
1310,2005-12-05 07:48:56,NOTICE,httpd,,,0,workerEnv.init() ok <PATH>,workerEnv.init() ok /etc/httpd/conf/workers2.properties,[Mon Dec 05 07:48:56 2005] [notice] workerEnv.init() ok /etc/httpd/conf/workers2.properties
1311,2005-12-05 07:48:56,ERROR,httpd,,,1,mod_jk child workerEnv in error state <NUM>,mod_jk child workerEnv in error state 6,[Mon Dec 05 07:48:56 2005] [error] mod_jk child workerEnv in error state 6
1312,2005-12-05 07:48:56,NOTICE,httpd,,,0,workerEnv.init() ok <PATH>,workerEnv.init() ok /etc/httpd/conf/workers2.properties,[Mon Dec 05 07:48:56 2005] [notice] workerEnv.init() ok /etc/httpd/conf/workers2.properties
1313,2005-12-05 07:48:56,ERROR,httpd,,,1,mod_jk child workerEnv in error state <NUM>,mod_jk child workerEnv in error state 7,[Mon Dec 05 07:48:56 2005] [error] mod_jk child workerEnv in error state 7
1314,2005-12-05 07:50:54,NOTICE,httpd,,,2,jk2_init() Found child <NUM> in scoreboard slot <NUM>,jk2_init() Found child 5017 in scoreboard slot 8,[Mon Dec 05 07:50:54 2005] [notice] jk2_init() Found child 5017 in scoreboard slot 8
1315,2005-12-05 07:50:54,NOTICE,httpd,,,2,jk2_init() Found child <NUM> in scoreboard slot <NUM>,jk2_init() Found child 5016 in scoreboard slot 9,[Mon Dec 05 07:50:54 2005] [notice] jk2_init() Found child 5016 in scoreboard slot 9
1316,2005-12-05 07:51:22,NOTICE,httpd,,,2,jk2_init() Found child <NUM> in scoreboard slot <NUM>,jk2_init() Found child 5018 in scoreboard slot 6,[Mon Dec 05 07:51:22 2005] [notice] jk2_init() Found child 5018 in scoreboard slot 6
1317,2005-12-05 07:51:20,NOTICE,httpd,,,0,workerEnv.init() ok <PATH>,workerEnv.init() ok /etc/httpd/conf/workers2.properties,[Mon Dec 05 07:51:20 2005] [notice] workerEnv.init() ok /etc/httpd/conf/workers2.properties
1318,2005-12-05 07:51:23,ERROR,httpd,,,1,mod_jk child workerEnv in error state <NUM>,mod_jk child workerEnv in error state 6,[Mon Dec 05 07:51:23 2005] [error] mod_jk child workerEnv in error state 6
1319,2005-12-05 07:51:39,NOTICE,httpd,,,2,jk2_init() Found child <NUM> in scoreboard slot <NUM>,jk2_init() Found child 5020 in scoreboard slot 9,[Mon Dec 05 07:51:39 2005] [notice] jk2_init() Found child 5020 in scoreboard slot 9
1320,2005-12-05 07:51:39,NOTICE,httpd,,,2,jk2_init() Found child <NUM> in scoreboard slot <NUM>,jk2_init() Found child 5019 in scoreboard slot 7,[Mon Dec 05 07:51:39 2005] [notice] jk2_init() Found child 5019 in scoreboard slot 7
1321,2005-12-05 07:51:56,NOTICE,httpd,,,0,workerEnv.init() ok <PATH>,workerEnv.init() ok /etc/httpd/conf/workers2.properties,[Mon Dec 05 07:51:56 2005] [notice] workerEnv.init() ok /etc/httpd/conf/workers2.properties
1322,2005-12-05 07:51:56,NOTICE,httpd,,,0,workerEnv.init() ok <PATH>,workerEnv.init() ok /etc/httpd/conf/workers2.properties,[Mon Dec 05 07:51:56 2005] [notice] workerEnv.init() ok /etc/httpd/conf/workers2.properties
1323,2005-12-05 07:52:02,ERROR,httpd,,,1,mod_jk child workerEnv in error state <NUM>,mod_jk child workerEnv in error state 6,[Mon Dec 05 07:52:02 2005] [error] mod_jk child workerEnv in error state 6
1324,2005-12-05 07:52:02,ERROR,httpd,,,1,mod_jk child workerEnv in error state <NUM>,mod_jk child workerEnv in error state 7,[Mon Dec 05 07:52:02 2005] [error] mod_jk child workerEnv in error state 7
1325,2005-12-05 07:52:29,NOTICE,httpd,,,2,jk2_init() Found child <NUM> in scoreboard slot <NUM>,jk2_init() Found child 5021 in scoreboard slot 8,[Mon Dec 05 07:52:29 2005] [notice] jk2_init() Found child 5021 in scoreboard slot 8
1326,2005-12-05 07:52:29,NOTICE,httpd,,,2,jk2_init() Found child <NUM> in scoreboard slot <NUM>,jk2_init() Found child 5022 in scoreboard slot 6,[Mon Dec 05 07:52:29 2005] [notice] jk2_init() Found child 5022 in scoreboard slot 6
1327,2005-12-05 07:52:56,NOTICE,httpd,,,2,jk2_init() Found child <NUM> in scoreboard slot <NUM>,jk2_init() Found child 5024 in scoreboard slot 9,[Mon Dec 05 07:52:56 2005] [notice] jk2_init() Found child 5024 in scoreboard slot 9
1328,2005-12-05 07:52:56,NOTICE,httpd,,,2,jk2_init() Found child <NUM> in scoreboard slot <NUM>,jk2_init() Found child 5023 in scoreboard slot 7,[Mon Dec 05 07:52:56 2005] [notice] jk2_init() Found child 5023 in scoreboard slot 7
1329,2005-12-05 07:52:55,NOTICE,httpd,,,0,workerEnv.init() ok <PATH>,workerEnv.init() ok /etc/httpd/conf/workers2.properties,[Mon Dec 05 07:52:55 2005] [notice] workerEnv.init() ok /etc/httpd/conf/workers2.properties
1330,2005-12-05 07:53:01,ERROR,httpd,,,1,mod_jk child workerEnv in error state <NUM>,mod_jk child workerEnv in error state 7,[Mon Dec 05 07:53:01 2005] [error] mod_jk child workerEnv in error state 7
1331,2005-12-05 07:53:24,NOTICE,httpd,,,0,workerEnv.init() ok <PATH>,workerEnv.init() ok /etc/httpd/conf/workers2.properties,[Mon Dec 05 07:53:24 2005] [notice] workerEnv.init() ok /etc/httpd/conf/workers2.properties
1332,2005-12-05 07:54:01,NOTICE,httpd,,,2,jk2_init() Found child <NUM> in scoreboard slot <NUM>,jk2_init() Found child 5029 in scoreboard slot 8,[Mon Dec 05 07:54:01 2005] [notice] jk2_init() Found child 5029 in scoreboard slot 8
1333,2005-12-05 07:54:02,NOTICE,httpd,,,2,jk2_init() Found child <NUM> in scoreboard slot <NUM>,jk2_init() Found child 5030 in scoreboard slot 6,[Mon Dec 05 07:54:02 2005] [notice] jk2_init() Found child 5030 in scoreboard slot 6
1334,2005-12-05 07:54:48,NOTICE,httpd,,,2,jk2_init() Found child <NUM> in scoreboard slot <NUM>,jk2_init() Found child 5033 in scoreboard slot 8,[Mon Dec 05 07:54:48 2005] [notice] jk2_init() Found child 5033 in scoreboard slot 8
1335,2005-12-05 07:54:48,NOTICE,httpd,,,2,jk2_init() Found child <NUM> in scoreboard slot <NUM>,jk2_init() Found child 5032 in scoreboard slot 9,[Mon Dec 05 07:54:48 2005] [notice] jk2_init() Found child 5032 in scoreboard slot 9
1336,2005-12-05 07:55:00,NOTICE,httpd,,,2,jk2_init() Found child <NUM> in scoreboard slot <NUM>,jk2_init() Found child 5035 in scoreboard slot 7,[Mon Dec 05 07:55:00 2005] [notice] jk2_init() Found child 5035 in scoreboard slot 7
1337,2005-12-05 07:55:00,NOTICE,httpd,,,2,jk2_init() Found child <NUM> in scoreboard slot <NUM>,jk2_init() Found child 5034 in scoreboard slot 6,[Mon Dec 05 07:55:00 2005] [notice] jk2_init() Found child 5034 in scoreboard slot 6
1338,2005-12-05 07:55:07,NOTICE,httpd,,,0,workerEnv.init() ok <PATH>,workerEnv.init() ok /etc/httpd/conf/workers2.properties,[Mon Dec 05 07:55:07 2005] [notice] workerEnv.init() ok /etc/httpd/conf/workers2.properties
1339,2005-12-05 07:55:08,ERROR,httpd,,,1,mod_jk child workerEnv in error state <NUM>,mod_jk child workerEnv in error state 8,[Mon Dec 05 07:55:08 2005] [error] mod_jk child workerEnv in error state 8
1340,2005-12-05 07:55:07,NOTICE,httpd,,,0,workerEnv.init() ok <PATH>,workerEnv.init() ok /etc/httpd/conf/workers2.properties,[Mon Dec 05 07:55:07 2005] [notice] workerEnv.init() ok /etc/httpd/conf/workers2.properties
1341,2005-12-05 07:55:08,ERROR,httpd,,,1,mod_jk child workerEnv in error state <NUM>,mod_jk child workerEnv in error state 7,[Mon Dec 05 07:55:08 2005] [error] mod_jk child workerEnv in error state 7
1342,2005-12-05 07:55:07,NOTICE,httpd,,,0,workerEnv.init() ok <PATH>,workerEnv.init() ok /etc/httpd/conf/workers2.properties,[Mon Dec 05 07:55:07 2005] [notice] workerEnv.init() ok /etc/httpd/conf/workers2.properties
1343,2005-12-05 07:55:08,ERROR,httpd,,,1,mod_jk child workerEnv in error state <NUM>,mod_jk child workerEnv in error state 7,[Mon Dec 05 07:55:08 2005] [error] mod_jk child workerEnv in error state 7
1344,2005-12-05 07:55:13,NOTICE,httpd,,,2,jk2_init() Found child <NUM> in scoreboard slot <NUM>,jk2_init() Found child 5036 in scoreboard slot 9,[Mon Dec 05 07:55:13 2005] [notice] jk2_init() Found child 5036 in scoreboard slot 9
1345,2005-12-05 07:57:01,NOTICE,httpd,,,2,jk2_init() Found child <NUM> in scoreboard slot <NUM>,jk2_init() Found child 5050 in scoreboard slot 8,[Mon Dec 05 07:57:01 2005] [notice] jk2_init() Found child 5050 in scoreboard slot 8
1346,2005-12-05 07:57:01,NOTICE,httpd,,,2,jk2_init() Found child <NUM> in scoreboard slot <NUM>,jk2_init() Found child 5049 in scoreboard slot 7,[Mon Dec 05 07:57:01 2005] [notice] jk2_init() Found child 5049 in scoreboard slot 7
1347,2005-12-05 07:57:01,NOTICE,httpd,,,2,jk2_init() Found child <NUM> in scoreboard slot <NUM>,jk2_init() Found child 5048 in scoreboard slot 6,[Mon Dec 05 07:57:01 2005] [notice] jk2_init() Found child 5048 in scoreboard slot 6
1348,2005-12-05 07:57:02,NOTICE,httpd,,,2,jk2_init() Found child <NUM> in scoreboard slot <NUM>,jk2_init() Found child 5051 in scoreboard slot 9,[Mon Dec 05 07:57:02 2005] [notice] jk2_init() Found child 5051 in scoreboard slot 9
1349,2005-12-05 07:57:02,ERROR,httpd,,,4,jk2_init() Can't find child <NUM> in scoreboard,jk2_init() Can't find child 5053 in scoreboard,[Mon Dec 05 07:57:02 2005] [error] jk2_init() Can't find child 5053 in scoreboard
1350,2005-12-05 07:57:02,ERROR,httpd,,,4,jk2_init() Can't find child <NUM> in scoreboard,jk2_init() Can't find child 5054 in scoreboard,[Mon Dec 05 07:57:02 2005] [error] jk2_init() Can't find child 5054 in scoreboard
1351,2005-12-05 07:57:02,NOTICE,httpd,,,2,jk2_init() Found child <NUM> in scoreboard slot <NUM>,jk2_init() Found child 5052 in scoreboard slot 10,[Mon Dec 05 07:57:02 2005] [notice] jk2_init() Found child 5052 in scoreboard slot 10
1352,2005-12-05 07:57:02,NOTICE,httpd,,,0,workerEnv.init() ok <PATH>,workerEnv.init() ok /etc/httpd/conf/workers2.properties,[Mon Dec 05 07:57:02 2005] [notice] workerEnv.init() ok /etc/httpd/conf/workers2.properties
1353,2005-12-05 07:57:02,ERROR,httpd,,,1,mod_jk child workerEnv in error state <NUM>,mod_jk child workerEnv in error state 6,[Mon Dec 05 07:57:02 2005] [error] mod_jk child workerEnv in error state 6
1354,2005-12-05 07:57:02,NOTICE,httpd,,,0,workerEnv.init() ok <PATH>,workerEnv.init() ok /etc/httpd/conf/workers2.properties,[Mon Dec 05 07:57:02 2005] [notice] workerEnv.init() ok /etc/httpd/conf/workers2.properties
1355,2005-12-05 07:57:02,ERROR,httpd,,,1,mod_jk child workerEnv in error state <NUM>,mod_jk child workerEnv in error state 6,[Mon Dec 05 07:57:02 2005] [error] mod_jk child workerEnv in error state 6
1356,2005-12-05 07:57:02,NOTICE,httpd,,,0,workerEnv.init() ok <PATH>,workerEnv.init() ok /etc/httpd/conf/workers2.properties,[Mon Dec 05 07:57:02 2005] [notice] workerEnv.init() ok /etc/httpd/conf/workers2.properties
1357,2005-12-05 07:57:02,ERROR,httpd,,,1,mod_jk child workerEnv in error state <NUM>,mod_jk child workerEnv in error state 6,[Mon Dec 05 07:57:02 2005] [error] mod_jk child workerEnv in error state 6
1358,2005-12-05 07:57:02,NOTICE,httpd,,,0,workerEnv.init() ok <PATH>,workerEnv.init() ok /etc/httpd/conf/workers2.properties,[Mon Dec 05 07:57:02 2005] [notice] workerEnv.init() ok /etc/httpd/conf/workers2.properties
1359,2005-12-05 07:57:02,ERROR,httpd,,,1,mod_jk child workerEnv in error state <NUM>,mod_jk child workerEnv in error state 8,[Mon Dec 05 07:57:02 2005] [error] mod_jk child workerEnv in error state 8
1360,2005-12-05 07:57:02,NOTICE,httpd,,,0,workerEnv.init() ok <PATH>,workerEnv.init() ok /etc/httpd/conf/workers2.properties,[Mon Dec 05 07:57:02 2005] [notice] workerEnv.init() ok /etc/httpd/conf/workers2.properties
1361,2005-12-05 07:57:02,ERROR,httpd,,,1,mod_jk child workerEnv in error state <NUM>,mod_jk child workerEnv in error state 6,[Mon Dec 05 07:57:02 2005] [error] mod_jk child workerEnv in error state 6
1362,2005-12-05 07:57:02,NOTICE,httpd,,,0,workerEnv.init() ok <PATH>,workerEnv.init() ok /etc/httpd/conf/workers2.properties,[Mon Dec 05 07:57:02 2005] [notice] workerEnv.init() ok /etc/httpd/conf/workers2.properties
1363,2005-12-05 07:57:02,ERROR,httpd,,,5,mod_jk child init <NUM> -<NUM>,mod_jk child init 1 -2,[Mon Dec 05 07:57:02 2005] [error] mod_jk child init 1 -2
1364,2005-12-05 07:57:02,NOTICE,httpd,,,0,workerEnv.init() ok <PATH>,workerEnv.init() ok /etc/httpd/conf/workers2.properties,[Mon Dec 05 07:57:02 2005] [notice] workerEnv.init() ok /etc/httpd/conf/workers2.properties
1365,2005-12-05 07:57:02,ERROR,httpd,,,5,mod_jk child init <NUM> -<NUM>,mod_jk child init 1 -2,[Mon Dec 05 07:57:02 2005] [error] mod_jk child init 1 -2
1366,2005-12-05 09:09:48,ERROR,httpd,,,3,[client <IP>] Directory index forbidden by rule: <PATH>,[client 207.12.15.211] Directory index forbidden by rule: /var/www/html/,[Mon Dec 05 09:09:48 2005] [error] [client 207.12.15.211] Directory index forbidden by rule: /var/www/html/
1367,2005-12-05 09:36:13,NOTICE,httpd,,,2,jk2_init() Found child <NUM> in scoreboard slot <NUM>,jk2_init() Found child 5271 in scoreboard slot 7,[Mon Dec 05 09:36:13 2005] [notice] jk2_init() Found child 5271 in scoreboard slot 7
1368,2005-12-05 09:36:13,NOTICE,httpd,,,2,jk2_init() Found child <NUM> in scoreboard slot <NUM>,jk2_init() Found child 5270 in scoreboard slot 6,[Mon Dec 05 09:36:13 2005] [notice] jk2_init() Found child 5270 in scoreboard slot 6
1369,2005-12-05 09:36:14,NOTICE,httpd,,,0,workerEnv.init() ok <PATH>,workerEnv.init() ok /etc/httpd/conf/workers2.properties,[Mon Dec 05 09:36:14 2005] [notice] workerEnv.init() ok /etc/httpd/conf/workers2.properties
1370,2005-12-05 09:36:14,ERROR,httpd,,,1,mod_jk child workerEnv in error state <NUM>,mod_jk child workerEnv in error state 6,[Mon Dec 05 09:36:14 2005] [error] mod_jk child workerEnv in error state 6
1371,2005-12-05 09:36:14,NOTICE,httpd,,,0,workerEnv.init() ok <PATH>,workerEnv.init() ok /etc/httpd/conf/workers2.properties,[Mon Dec 05 09:36:14 2005] [notice] workerEnv.init() ok /etc/httpd/conf/workers2.properties
1372,2005-12-05 09:36:14,ERROR,httpd,,,1,mod_jk child workerEnv in error state <NUM>,mod_jk child workerEnv in error state 6,[Mon Dec 05 09:36:14 2005] [error] mod_jk child workerEnv in error state 6
1373,2005-12-05 09:55:21,NOTICE,httpd,,,2,jk2_init() Found child <NUM> in scoreboard slot <NUM>,jk2_init() Found child 5295 in scoreboard slot 8,[Mon Dec 05 09:55:21 2005] [notice] jk2_init() Found child 5295 in scoreboard slot 8
1374,2005-12-05 09:55:21,NOTICE,httpd,,,0,workerEnv.init() ok <PATH>,workerEnv.init() ok /etc/httpd/conf/workers2.properties,[Mon Dec 05 09:55:21 2005] [notice] workerEnv.init() ok /etc/httpd/conf/workers2.properties
1375,2005-12-05 09:55:21,ERROR,httpd,,,1,mod_jk child workerEnv in error state <NUM>,mod_jk child workerEnv in error state 6,[Mon Dec 05 09:55:21 2005] [error] mod_jk child workerEnv in error state 6
1376,2005-12-05 10:10:32,NOTICE,httpd,,,2,jk2_init() Found child <NUM> in scoreboard slot <NUM>,jk2_init() Found child 5330 in scoreboard slot 9,[Mon Dec 05 10:10:32 2005] [notice] jk2_init() Found child 5330 in scoreboard slot 9
1377,2005-12-05 10:10:33,NOTICE,httpd,,,0,workerEnv.init() ok <PATH>,workerEnv.init() ok /etc/httpd/conf/workers2.properties,[Mon Dec 05 10:10:33 2005] [notice] workerEnv.init() ok /etc/httpd/conf/workers2.properties
1378,2005-12-05 10:10:33,ERROR,httpd,,,1,mod_jk child workerEnv in error state <NUM>,mod_jk child workerEnv in error state 6,[Mon Dec 05 10:10:33 2005] [error] mod_jk child workerEnv in error state 6
1379,2005-12-05 10:16:20,NOTICE,httpd,,,2,jk2_init() Found child <NUM> in scoreboard slot <NUM>,jk2_init() Found child 5344 in scoreboard slot 7,[Mon Dec 05 10:16:20 2005] [notice] jk2_init() Found child 5344 in scoreboard slot 7
1380,2005-12-05 10:16:52,NOTICE,httpd,,,2,jk2_init() Found child <NUM> in scoreboard slot <NUM>,jk2_init() Found child 5347 in scoreboard slot 6,[Mon Dec 05 10:16:52 2005] [notice] jk2_init() Found child 5347 in scoreboard slot 6
1381,2005-12-05 10:16:53,NOTICE,httpd,,,2,jk2_init() Found child <NUM> in scoreboard slot <NUM>,jk2_init() Found child 5348 in scoreboard slot 7,[Mon Dec 05 10:16:53 2005] [notice] jk2_init() Found child 5348 in scoreboard slot 7
1382,2005-12-05 10:17:45,NOTICE,httpd,,,2,jk2_init() Found child <NUM> in scoreboard slot <NUM>,jk2_init() Found child 5350 in scoreboard slot 9,[Mon Dec 05 10:17:45 2005] [notice] jk2_init() Found child 5350 in scoreboard slot 9
1383,2005-12-05 10:17:45,NOTICE,httpd,,,2,jk2_init() Found child <NUM> in scoreboard slot <NUM>,jk2_init() Found child 5349 in scoreboard slot 8,[Mon Dec 05 10:17:45 2005] [notice] jk2_init() Found child 5349 in scoreboard slot 8
1384,2005-12-05 10:17:49,NOTICE,httpd,,,2,jk2_init() Found child <NUM> in scoreboard slot <NUM>,jk2_init() Found child 5352 in scoreboard slot 7,[Mon Dec 05 10:17:49 2005] [notice] jk2_init() Found child 5352 in scoreboard slot 7
1385,2005-12-05 10:17:50,NOTICE,httpd,,,2,jk2_init() Found child <NUM> in scoreboard slot <NUM>,jk2_init() Found child 5351 in scoreboard slot 6,[Mon Dec 05 10:17:50 2005] [notice] jk2_init() Found child 5351 in scoreboard slot 6
1386,2005-12-05 10:17:51,NOTICE,httpd,,,0,workerEnv.init() ok <PATH>,workerEnv.init() ok /etc/httpd/conf/workers2.properties,[Mon Dec 05 10:17:51 2005] [notice] workerEnv.init() ok /etc/httpd/conf/workers2.properties
1387,2005-12-05 10:17:51,NOTICE,httpd,,,0,workerEnv.init() ok <PATH>,workerEnv.init() ok /etc/httpd/conf/workers2.properties,[Mon Dec 05 10:17:51 2005] [notice] workerEnv.init() ok /etc/httpd/conf/workers2.properties
1388,2005-12-05 10:17:51,NOTICE,httpd,,,0,workerEnv.init() ok <PATH>,workerEnv.init() ok /etc/httpd/conf/workers2.properties,[Mon Dec 05 10:17:51 2005] [notice] workerEnv.init() ok /etc/httpd/conf/workers2.properties
1389,2005-12-05 10:17:51,NOTICE,httpd,,,0,workerEnv.init() ok <PATH>,workerEnv.init() ok /etc/httpd/conf/workers2.properties,[Mon Dec 05 10:17:51 2005] [notice] workerEnv.init() ok /etc/httpd/conf/workers2.properties
1390,2005-12-05 10:17:51,ERROR,httpd,,,1,mod_jk child workerEnv in error state <NUM>,mod_jk child workerEnv in error state 6,[Mon Dec 05 10:17:51 2005] [error] mod_jk child workerEnv in error state 6
1391,2005-12-05 10:17:51,ERROR,httpd,,,1,mod_jk child workerEnv in error state <NUM>,mod_jk child workerEnv in error state 6,[Mon Dec 05 10:17:51 2005] [error] mod_jk child workerEnv in error state 6
1392,2005-12-05 10:17:51,ERROR,httpd,,,1,mod_jk child workerEnv in error state <NUM>,mod_jk child workerEnv in error state 7,[Mon Dec 05 10:17:51 2005] [error] mod_jk child workerEnv in error state 7
1393,2005-12-05 10:17:51,ERROR,httpd,,,1,mod_jk child workerEnv in error state <NUM>,mod_jk child workerEnv in error state 7,[Mon Dec 05 10:17:51 2005] [error] mod_jk child workerEnv in error state 7
1394,2005-12-05 10:21:05,NOTICE,httpd,,,2,jk2_init() Found child <NUM> in scoreboard slot <NUM>,jk2_init() Found child 5366 in scoreboard slot 9,[Mon Dec 05 10:21:05 2005] [notice] jk2_init() Found child 5366 in scoreboard slot 9
1395,2005-12-05 10:21:05,NOTICE,httpd,,,2,jk2_init() Found child <NUM> in scoreboard slot <NUM>,jk2_init() Found child 5365 in scoreboard slot 8,[Mon Dec 05 10:21:05 2005] [notice] jk2_init() Found child 5365 in scoreboard slot 8
1396,2005-12-05 10:21:05,NOTICE,httpd,,,2,jk2_init() Found child <NUM> in scoreboard slot <NUM>,jk2_init() Found child 5367 in scoreboard slot 6,[Mon Dec 05 10:21:05 2005] [notice] jk2_init() Found child 5367 in scoreboard slot 6
1397,2005-12-05 10:21:07,NOTICE,httpd,,,2,jk2_init() Found child <NUM> in scoreboard slot <NUM>,jk2_init() Found child 5368 in scoreboard slot 7,[Mon Dec 05 10:21:07 2005] [notice] jk2_init() Found child 5368 in scoreboard slot 7
1398,2005-12-05 10:21:13,NOTICE,httpd,,,0,workerEnv.init() ok <PATH>,workerEnv.init() ok /etc/httpd/conf/workers2.properties,[Mon Dec 05 10:21:13 2005] [notice] workerEnv.init() ok /etc/httpd/conf/workers2.properties
1399,2005-12-05 10:21:13,NOTICE,httpd,,,0,workerEnv.init() ok <PATH>,workerEnv.init() ok /etc/httpd/conf/workers2.properties,[Mon Dec 05 10:21:13 2005] [notice] workerEnv.init() ok /etc/httpd/conf/workers2.properties
1400,2005-12-05 10:21:13,NOTICE,httpd,,,0,workerEnv.init() ok <PATH>,workerEnv.init() ok /etc/httpd/conf/workers2.properties,[Mon Dec 05 10:21:13 2005] [notice] workerEnv.init() ok /etc/httpd/conf/workers2.properties
1401,2005-12-05 10:21:13,NOTICE,httpd,,,0,workerEnv.init() ok <PATH>,workerEnv.init() ok /etc/httpd/conf/workers2.properties,[Mon Dec 05 10:21:13 2005] [notice] workerEnv.init() ok /etc/httpd/conf/workers2.properties
1402,2005-12-05 10:21:13,ERROR,httpd,,,1,mod_jk child workerEnv in error state <NUM>,mod_jk child workerEnv in error state 6,[Mon Dec 05 10:21:13 2005] [error] mod_jk child workerEnv in error state 6
1403,2005-12-05 10:21:13,ERROR,httpd,,,1,mod_jk child workerEnv in error state <NUM>,mod_jk child workerEnv in error state 6,[Mon Dec 05 10:21:13 2005] [error] mod_jk child workerEnv in error state 6
1404,2005-12-05 10:21:13,ERROR,httpd,,,1,mod_jk child workerEnv in error state <NUM>,mod_jk child workerEnv in error state 6,[Mon Dec 05 10:21:13 2005] [error] mod_jk child workerEnv in error state 6
1405,2005-12-05 10:21:13,ERROR,httpd,,,1,mod_jk child workerEnv in error state <NUM>,mod_jk child workerEnv in error state 6,[Mon Dec 05 10:21:13 2005] [error] mod_jk child workerEnv in error state 6
1406,2005-12-05 10:26:26,NOTICE,httpd,,,2,jk2_init() Found child <NUM> in scoreboard slot <NUM>,jk2_init() Found child 5384 in scoreboard slot 7,[Mon Dec 05 10:26:26 2005] [notice] jk2_init() Found child 5384 in scoreboard slot 7
1407,2005-12-05 10:26:26,NOTICE,httpd,,,2,jk2_init() Found child <NUM> in scoreboard slot <NUM>,jk2_init() Found child 5385 in scoreboard slot 8,[Mon Dec 05 10:26:26 2005] [notice] jk2_init() Found child 5385 in scoreboard slot 8
1408,2005-12-05 10:26:25,NOTICE,httpd,,,2,jk2_init() Found child <NUM> in scoreboard slot <NUM>,jk2_init() Found child 5386 in scoreboard slot 9,[Mon Dec 05 10:26:25 2005] [notice] jk2_init() Found child 5386 in scoreboard slot 9
1409,2005-12-05 10:26:25,NOTICE,httpd,,,2,jk2_init() Found child <NUM> in scoreboard slot <NUM>,jk2_init() Found child 5387 in scoreboard slot 6,[Mon Dec 05 10:26:25 2005] [notice] jk2_init() Found child 5387 in scoreboard slot 6
1410,2005-12-05 10:26:31,NOTICE,httpd,,,0,workerEnv.init() ok <PATH>,workerEnv.init() ok /etc/httpd/conf/workers2.properties,[Mon Dec 05 10:26:31 2005] [notice] workerEnv.init() ok /etc/httpd/conf/workers2.properties
1411,2005-12-05 10:26:31,ERROR,httpd,,,1,mod_jk child workerEnv in error state <NUM>,mod_jk child workerEnv in error state 6,[Mon Dec 05 10:26:31 2005] [error] mod_jk child workerEnv in error state 6
1412,2005-12-05 10:26:31,NOTICE,httpd,,,0,workerEnv.init() ok <PATH>,workerEnv.init() ok /etc/httpd/conf/workers2.properties,[Mon Dec 05 10:26:31 2005] [notice] workerEnv.init() ok /etc/httpd/conf/workers2.properties
1413,2005-12-05 10:26:31,ERROR,httpd,,,1,mod_jk child workerEnv in error state <NUM>,mod_jk child workerEnv in error state 6,[Mon Dec 05 10:26:31 2005] [error] mod_jk child workerEnv in error state 6
1414,2005-12-05 10:26:31,NOTICE,httpd,,,0,workerEnv.init() ok <PATH>,workerEnv.init() ok /etc/httpd/conf/workers2.properties,[Mon Dec 05 10:26:31 2005] [notice] workerEnv.init() ok /etc/httpd/conf/workers2.properties
1415,2005-12-05 10:26:31,ERROR,httpd,,,1,mod_jk child workerEnv in error state <NUM>,mod_jk child workerEnv in error state 6,[Mon Dec 05 10:26:31 2005] [error] mod_jk child workerEnv in error state 6
1416,2005-12-05 10:26:31,NOTICE,httpd,,,0,workerEnv.init() ok <PATH>,workerEnv.init() ok /etc/httpd/conf/workers2.properties,[Mon Dec 05 10:26:31 2005] [notice] workerEnv.init() ok /etc/httpd/conf/workers2.properties
1417,2005-12-05 10:26:31,ERROR,httpd,,,1,mod_jk child workerEnv in error state <NUM>,mod_jk child workerEnv in error state 6,[Mon Dec 05 10:26:31 2005] [error] mod_jk child workerEnv in error state 6
1418,2005-12-05 10:26:36,NOTICE,httpd,,,2,jk2_init() Found child <NUM> in scoreboard slot <NUM>,jk2_init() Found child 5388 in scoreboard slot 10,[Mon Dec 05 10:26:36 2005] [notice] jk2_init() Found child 5388 in scoreboard slot 10
1419,2005-12-05 10:26:36,NOTICE,httpd,,,0,workerEnv.init() ok <PATH>,workerEnv.init() ok /etc/httpd/conf/workers2.properties,[Mon Dec 05 10:26:36 2005] [notice] workerEnv.init() ok /etc/httpd/conf/workers2.properties
1420,2005-12-05 10:26:36,ERROR,httpd,,,1,mod_jk child workerEnv in error state <NUM>,mod_jk child workerEnv in error state 6,[Mon Dec 05 10:26:36 2005] [error] mod_jk child workerEnv in error state 6
1421,2005-12-05 10:26:39,ERROR,httpd,,,3,[client <IP>] Directory index forbidden by rule: <PATH>,[client 141.153.150.164] Directory index forbidden by rule: /var/www/html/,[Mon Dec 05 10:26:39 2005] [error] [client 141.153.150.164] Directory index forbidden by rule: /var/www/html/
1422,2005-12-05 10:28:44,ERROR,httpd,,,3,[client <IP>] Directory index forbidden by rule: <PATH>,[client 198.232.168.9] Directory index forbidden by rule: /var/www/html/,[Mon Dec 05 10:28:44 2005] [error] [client 198.232.168.9] Directory index forbidden by rule: /var/www/html/
1423,2005-12-05 10:31:40,NOTICE,httpd,,,2,jk2_init() Found child <NUM> in scoreboard slot <NUM>,jk2_init() Found child 5404 in scoreboard slot 8,[Mon Dec 05 10:31:40 2005] [notice] jk2_init() Found child 5404 in scoreboard slot 8
1424,2005-12-05 10:31:40,NOTICE,httpd,,,2,jk2_init() Found child <NUM> in scoreboard slot <NUM>,jk2_init() Found child 5405 in scoreboard slot 9,[Mon Dec 05 10:31:40 2005] [notice] jk2_init() Found child 5405 in scoreboard slot 9
1425,2005-12-05 10:33:41,NOTICE,httpd,,,2,jk2_init() Found child <NUM> in scoreboard slot <NUM>,jk2_init() Found child 5418 in scoreboard slot 6,[Mon Dec 05 10:33:41 2005] [notice] jk2_init() Found child 5418 in scoreboard slot 6
1426,2005-12-05 10:33:41,NOTICE,httpd,,,2,jk2_init() Found child <NUM> in scoreboard slot <NUM>,jk2_init() Found child 5419 in scoreboard slot 7,[Mon Dec 05 10:33:41 2005] [notice] jk2_init() Found child 5419 in scoreboard slot 7
1427,2005-12-05 10:33:41,NOTICE,httpd,,,2,jk2_init() Found child <NUM> in scoreboard slot <NUM>,jk2_init() Found child 5417 in scoreboard slot 9,[Mon Dec 05 10:33:41 2005] [notice] jk2_init() Found child 5417 in scoreboard slot 9
1428,2005-12-05 10:33:41,NOTICE,httpd,,,2,jk2_init() Found child <NUM> in scoreboard slot <NUM>,jk2_init() Found child 5416 in scoreboard slot 8,[Mon Dec 05 10:33:41 2005] [notice] jk2_init() Found child 5416 in scoreboard slot 8
1429,2005-12-05 10:33:44,NOTICE,httpd,,,0,workerEnv.init() ok <PATH>,workerEnv.init() ok /etc/httpd/conf/workers2.properties,[Mon Dec 05 10:33:44 2005] [notice] workerEnv.init() ok /etc/httpd/conf/workers2.properties
1430,2005-12-05 10:33:44,ERROR,httpd,,,1,mod_jk child workerEnv in error state <NUM>,mod_jk child workerEnv in error state 6,[Mon Dec 05 10:33:44 2005] [error] mod_jk child workerEnv in error state 6
1431,2005-12-05 10:33:44,NOTICE,httpd,,,0,workerEnv.init() ok <PATH>,workerEnv.init() ok /etc/httpd/conf/workers2.properties,[Mon Dec 05 10:33:44 2005] [notice] workerEnv.init() ok /etc/httpd/conf/workers2.properties
1432,2005-12-05 10:33:44,ERROR,httpd,,,1,mod_jk child workerEnv in error state <NUM>,mod_jk child workerEnv in error state 6,[Mon Dec 05 10:33:44 2005] [error] mod_jk child workerEnv in error state 6
1433,2005-12-05 10:33:44,NOTICE,httpd,,,0,workerEnv.init() ok <PATH>,workerEnv.init() ok /etc/httpd/conf/workers2.properties,[Mon Dec 05 10:33:44 2005] [notice] workerEnv.init() ok /etc/httpd/conf/workers2.properties
1434,2005-12-05 10:33:44,ERROR,httpd,,,1,mod_jk child workerEnv in error state <NUM>,mod_jk child workerEnv in error state 7,[Mon Dec 05 10:33:44 2005] [error] mod_jk child workerEnv in error state 7
1435,2005-12-05 10:33:44,NOTICE,httpd,,,0,workerEnv.init() ok <PATH>,workerEnv.init() ok /etc/httpd/conf/workers2.properties,[Mon Dec 05 10:33:44 2005] [notice] workerEnv.init() ok /etc/httpd/conf/workers2.properties
1436,2005-12-05 10:33:44,ERROR,httpd,,,1,mod_jk child workerEnv in error state <NUM>,mod_jk child workerEnv in error state 7,[Mon Dec 05 10:33:44 2005] [error] mod_jk child workerEnv in error state 7
1437,2005-12-05 10:36:10,NOTICE,httpd,,,2,jk2_init() Found child <NUM> in scoreboard slot <NUM>,jk2_init() Found child 5426 in scoreboard slot 6,[Mon Dec 05 10:36:10 2005] [notice] jk2_init() Found child 5426 in scoreboard slot 6
1438,2005-12-05 10:36:10,NOTICE,httpd,,,2,jk2_init() Found child <NUM> in scoreboard slot <NUM>,jk2_init() Found child 5425 in scoreboard slot 9,[Mon Dec 05 10:36:10 2005] [notice] jk2_init() Found child 5425 in scoreboard slot 9
1439,2005-12-05 10:36:58,NOTICE,httpd,,,2,jk2_init() Found child <NUM> in scoreboard slot <NUM>,jk2_init() Found child 5428 in scoreboard slot 8,[Mon Dec 05 10:36:58 2005] [notice] jk2_init() Found child 5428 in scoreboard slot 8
1440,2005-12-05 10:37:27,NOTICE,httpd,,,2,jk2_init() Found child <NUM> in scoreboard slot <NUM>,jk2_init() Found child 5429 in scoreboard slot 9,[Mon Dec 05 10:37:27 2005] [notice] jk2_init() Found child 5429 in scoreboard slot 9
1441,2005-12-05 10:37:27,NOTICE,httpd,,,2,jk2_init() Found child <NUM> in scoreboard slot <NUM>,jk2_init() Found child 5430 in scoreboard slot 6,[Mon Dec 05 10:37:27 2005] [notice] jk2_init() Found child 5430 in scoreboard slot 6
1442,2005-12-05 10:38:00,NOTICE,httpd,,,2,jk2_init() Found child <NUM> in scoreboard slot <NUM>,jk2_init() Found child 5434 in scoreboard slot 6,[Mon Dec 05 10:38:00 2005] [notice] jk2_init() Found child 5434 in scoreboard slot 6
1443,2005-12-05 10:38:00,NOTICE,httpd,,,2,jk2_init() Found child <NUM> in scoreboard slot <NUM>,jk2_init() Found child 5433 in scoreboard slot 9,[Mon Dec 05 10:38:00 2005] [notice] jk2_init() Found child 5433 in scoreboard slot 9
1444,2005-12-05 10:38:00,NOTICE,httpd,,,2,jk2_init() Found child <NUM> in scoreboard slot <NUM>,jk2_init() Found child 5435 in scoreboard slot 7,[Mon Dec 05 10:38:00 2005] [notice] jk2_init() Found child 5435 in scoreboard slot 7
1445,2005-12-05 10:38:00,NOTICE,httpd,,,2,jk2_init() Found child <NUM> in scoreboard slot <NUM>,jk2_init() Found child 5432 in scoreboard slot 8,[Mon Dec 05 10:38:00 2005] [notice] jk2_init() Found child 5432 in scoreboard slot 8
1446,2005-12-05 10:38:04,NOTICE,httpd,,,0,workerEnv.init() ok <PATH>,workerEnv.init() ok /etc/httpd/conf/workers2.properties,[Mon Dec 05 10:38:04 2005] [notice] workerEnv.init() ok /etc/httpd/conf/workers2.properties
1447,2005-12-05 10:38:04,ERROR,httpd,,,1,mod_jk child workerEnv in error state <NUM>,mod_jk child workerEnv in error state 8,[Mon Dec 05 10:38:04 2005] [error] mod_jk child workerEnv in error state 8
1448,2005-12-05 10:38:04,NOTICE,httpd,,,0,workerEnv.init() ok <PATH>,workerEnv.init() ok /etc/httpd/conf/workers2.properties,[Mon Dec 05 10:38:04 2005] [notice] workerEnv.init() ok /etc/httpd/conf/workers2.properties
1449,2005-12-05 10:38:04,ERROR,httpd,,,1,mod_jk child workerEnv in error state <NUM>,mod_jk child workerEnv in error state 7,[Mon Dec 05 10:38:04 2005] [error] mod_jk child workerEnv in error state 7
1450,2005-12-05 10:38:04,NOTICE,httpd,,,0,workerEnv.init() ok <PATH>,workerEnv.init() ok /etc/httpd/conf/workers2.properties,[Mon Dec 05 10:38:04 2005] [notice] workerEnv.init() ok /etc/httpd/conf/workers2.properties
1451,2005-12-05 10:38:04,ERROR,httpd,,,1,mod_jk child workerEnv in error state <NUM>,mod_jk child workerEnv in error state 6,[Mon Dec 05 10:38:04 2005] [error] mod_jk child workerEnv in error state 6
1452,2005-12-05 10:38:04,NOTICE,httpd,,,0,workerEnv.init() ok <PATH>,workerEnv.init() ok /etc/httpd/conf/workers2.properties,[Mon Dec 05 10:38:04 2005] [notice] workerEnv.init() ok /etc/httpd/conf/workers2.properties
1453,2005-12-05 10:38:04,ERROR,httpd,,,1,mod_jk child workerEnv in error state <NUM>,mod_jk child workerEnv in error state 7,[Mon Dec 05 10:38:04 2005] [error] mod_jk child workerEnv in error state 7
1454,2005-12-05 10:41:14,NOTICE,httpd,,,2,jk2_init() Found child <NUM> in scoreboard slot <NUM>,jk2_init() Found child 5470 in scoreboard slot 9,[Mon Dec 05 10:41:14 2005] [notice] jk2_init() Found child 5470 in scoreboard slot 9
1455,2005-12-05 10:41:14,NOTICE,httpd,,,2,jk2_init() Found child <NUM> in scoreboard slot <NUM>,jk2_init() Found child 5469 in scoreboard slot 8,[Mon Dec 05 10:41:14 2005] [notice] jk2_init() Found child 5469 in scoreboard slot 8
1456,2005-12-05 10:42:23,NOTICE,httpd,,,2,jk2_init() Found child <NUM> in scoreboard slot <NUM>,jk2_init() Found child 5474 in scoreboard slot 9,[Mon Dec 05 10:42:23 2005] [notice] jk2_init() Found child 5474 in scoreboard slot 9
1457,2005-12-05 10:42:23,NOTICE,httpd,,,2,jk2_init() Found child <NUM> in scoreboard slot <NUM>,jk2_init() Found child 5475 in scoreboard slot 6,[Mon Dec 05 10:42:23 2005] [notice] jk2_init() Found child 5475 in scoreboard slot 6
1458,2005-12-05 10:43:19,NOTICE,httpd,,,2,jk2_init() Found child <NUM> in scoreboard slot <NUM>,jk2_init() Found child 5482 in scoreboard slot 9,[Mon Dec 05 10:43:19 2005] [notice] jk2_init() Found child 5482 in scoreboard slot 9
1459,2005-12-05 10:43:19,NOTICE,httpd,,,2,jk2_init() Found child <NUM> in scoreboard slot <NUM>,jk2_init() Found child 5480 in scoreboard slot 7,[Mon Dec 05 10:43:19 2005] [notice] jk2_init() Found child 5480 in scoreboard slot 7
1460,2005-12-05 10:43:19,NOTICE,httpd,,,2,jk2_init() Found child <NUM> in scoreboard slot <NUM>,jk2_init() Found child 5479 in scoreboard slot 6,[Mon Dec 05 10:43:19 2005] [notice] jk2_init() Found child 5479 in scoreboard slot 6
1461,2005-12-05 10:43:19,NOTICE,httpd,,,2,jk2_init() Found child <NUM> in scoreboard slot <NUM>,jk2_init() Found child 5481 in scoreboard slot 8,[Mon Dec 05 10:43:19 2005] [notice] jk2_init() Found child 5481 in scoreboard slot 8
1462,2005-12-05 10:43:34,NOTICE,httpd,,,0,workerEnv.init() ok <PATH>,workerEnv.init() ok /etc/httpd/conf/workers2.properties,[Mon Dec 05 10:43:34 2005] [notice] workerEnv.init() ok /etc/httpd/conf/workers2.properties
1463,2005-12-05 10:43:34,NOTICE,httpd,,,0,workerEnv.init() ok <PATH>,workerEnv.init() ok /etc/httpd/conf/workers2.properties,[Mon Dec 05 10:43:34 2005] [notice] workerEnv.init() ok /etc/httpd/conf/workers2.properties
1464,2005-12-05 10:43:39,ERROR,httpd,,,1,mod_jk child workerEnv in error state <NUM>,mod_jk child workerEnv in error state 8,[Mon Dec 05 10:43:39 2005] [error] mod_jk child workerEnv in error state 8
1465,2005-12-05 10:43:41,NOTICE,httpd,,,0,workerEnv.init() ok <PATH>,workerEnv.init() ok /etc/httpd/conf/workers2.properties,[Mon Dec 05 10:43:41 2005] [notice] workerEnv.init() ok /etc/httpd/conf/workers2.properties
1466,2005-12-05 10:43:41,ERROR,httpd,,,1,mod_jk child workerEnv in error state <NUM>,mod_jk child workerEnv in error state 7,[Mon Dec 05 10:43:41 2005] [error] mod_jk child workerEnv in error state 7
1467,2005-12-05 10:43:48,NOTICE,httpd,,,2,jk2_init() Found child <NUM> in scoreboard slot <NUM>,jk2_init() Found child 5484 in scoreboard slot 7,[Mon Dec 05 10:43:48 2005] [notice] jk2_init() Found child 5484 in scoreboard slot 7
1468,2005-12-05 10:43:48,NOTICE,httpd,,,2,jk2_init() Found child <NUM> in scoreboard slot <NUM>,jk2_init() Found child 5483 in scoreboard slot 6,[Mon Dec 05 10:43:48 2005] [notice] jk2_init() Found child 5483 in scoreboard slot 6
1469,2005-12-05 10:43:51,NOTICE,httpd,,,0,workerEnv.init() ok <PATH>,workerEnv.init() ok /etc/httpd/conf/workers2.properties,[Mon Dec 05 10:43:51 2005] [notice] workerEnv.init() ok /etc/httpd/conf/workers2.properties
1470,2005-12-05 10:43:51,ERROR,httpd,,,1,mod_jk child workerEnv in error state <NUM>,mod_jk child workerEnv in error state 7,[Mon Dec 05 10:43:51 2005] [error] mod_jk child workerEnv in error state 7
1471,2005-12-05 10:43:51,NOTICE,httpd,,,0,workerEnv.init() ok <PATH>,workerEnv.init() ok /etc/httpd/conf/workers2.properties,[Mon Dec 05 10:43:51 2005] [notice] workerEnv.init() ok /etc/httpd/conf/workers2.properties
1472,2005-12-05 10:43:51,ERROR,httpd,,,1,mod_jk child workerEnv in error state <NUM>,mod_jk child workerEnv in error state 8,[Mon Dec 05 10:43:51 2005] [error] mod_jk child workerEnv in error state 8
1473,2005-12-05 10:46:55,NOTICE,httpd,,,2,jk2_init() Found child <NUM> in scoreboard slot <NUM>,jk2_init() Found child 5497 in scoreboard slot 7,[Mon Dec 05 10:46:55 2005] [notice] jk2_init() Found child 5497 in scoreboard slot 7
1474,2005-12-05 10:46:55,NOTICE,httpd,,,2,jk2_init() Found child <NUM> in scoreboard slot <NUM>,jk2_init() Found child 5495 in scoreboard slot 9,[Mon Dec 05 10:46:55 2005] [notice] jk2_init() Found child 5495 in scoreboard slot 9
1475,2005-12-05 10:46:55,NOTICE,httpd,,,2,jk2_init() Found child <NUM> in scoreboard slot <NUM>,jk2_init() Found child 5494 in scoreboard slot 8,[Mon Dec 05 10:46:55 2005] [notice] jk2_init() Found child 5494 in scoreboard slot 8
1476,2005-12-05 10:46:55,NOTICE,httpd,,,2,jk2_init() Found child <NUM> in scoreboard slot <NUM>,jk2_init() Found child 5496 in scoreboard slot 6,[Mon Dec 05 10:46:55 2005] [notice] jk2_init() Found child 5496 in scoreboard slot 6
1477,2005-12-05 10:47:12,NOTICE,httpd,,,0,workerEnv.init() ok <PATH>,workerEnv.init() ok /etc/httpd/conf/workers2.properties,[Mon Dec 05 10:47:12 2005] [notice] workerEnv.init() ok /etc/httpd/conf/workers2.properties
1478,2005-12-05 10:47:12,NOTICE,httpd,,,0,workerEnv.init() ok <PATH>,workerEnv.init() ok /etc/httpd/conf/workers2.properties,[Mon Dec 05 10:47:12 2005] [notice] workerEnv.init() ok /etc/httpd/conf/workers2.properties
1479,2005-12-05 10:47:17,ERROR,httpd,,,1,mod_jk child workerEnv in error state <NUM>,mod_jk child workerEnv in error state 6,[Mon Dec 05 10:47:17 2005] [error] mod_jk child workerEnv in error state 6
1480,2005-12-05 10:47:17,ERROR,httpd,,,1,mod_jk child workerEnv in error state <NUM>,mod_jk child workerEnv in error state 6,[Mon Dec 05 10:47:17 2005] [error] mod_jk child workerEnv in error state 6
1481,2005-12-05 10:47:32,NOTICE,httpd,,,2,jk2_init() Found child <NUM> in scoreboard slot <NUM>,jk2_init() Found child 5499 in scoreboard slot 9,[Mon Dec 05 10:47:32 2005] [notice] jk2_init() Found child 5499 in scoreboard slot 9
1482,2005-12-05 10:47:33,NOTICE,httpd,,,2,jk2_init() Found child <NUM> in scoreboard slot <NUM>,jk2_init() Found child 5498 in scoreboard slot 8,[Mon Dec 05 10:47:33 2005] [notice] jk2_init() Found child 5498 in scoreboard slot 8
1483,2005-12-05 10:47:44,NOTICE,httpd,,,0,workerEnv.init() ok <PATH>,workerEnv.init() ok /etc/httpd/conf/workers2.properties,[Mon Dec 05 10:47:44 2005] [notice] workerEnv.init() ok /etc/httpd/conf/workers2.properties
1484,2005-12-05 10:47:44,NOTICE,httpd,,,0,workerEnv.init() ok <PATH>,workerEnv.init() ok /etc/httpd/conf/workers2.properties,[Mon Dec 05 10:47:44 2005] [notice] workerEnv.init() ok /etc/httpd/conf/workers2.properties
1485,2005-12-05 10:47:45,ERROR,httpd,,,1,mod_jk child workerEnv in error state <NUM>,mod_jk child workerEnv in error state 7,[Mon Dec 05 10:47:45 2005] [error] mod_jk child workerEnv in error state 7
1486,2005-12-05 10:47:45,ERROR,httpd,,,1,mod_jk child workerEnv in error state <NUM>,mod_jk child workerEnv in error state 7,[Mon Dec 05 10:47:45 2005] [error] mod_jk child workerEnv in error state 7
1487,2005-12-05 10:47:47,NOTICE,httpd,,,2,jk2_init() Found child <NUM> in scoreboard slot <NUM>,jk2_init() Found child 5500 in scoreboard slot 6,[Mon Dec 05 10:47:47 2005] [notice] jk2_init() Found child 5500 in scoreboard slot 6
1488,2005-12-05 10:47:47,NOTICE,httpd,,,0,workerEnv.init() ok <PATH>,workerEnv.init() ok /etc/httpd/conf/workers2.properties,[Mon Dec 05 10:47:47 2005] [notice] workerEnv.init() ok /etc/httpd/conf/workers2.properties
1489,2005-12-05 10:47:47,ERROR,httpd,,,1,mod_jk child workerEnv in error state <NUM>,mod_jk child workerEnv in error state 6,[Mon Dec 05 10:47:47 2005] [error] mod_jk child workerEnv in error state 6
1490,2005-12-05 10:48:43,NOTICE,httpd,,,2,jk2_init() Found child <NUM> in scoreboard slot <NUM>,jk2_init() Found child 5503 in scoreboard slot 10,[Mon Dec 05 10:48:43 2005] [notice] jk2_init() Found child 5503 in scoreboard slot 10
1491,2005-12-05 10:48:46,NOTICE,httpd,,,0,workerEnv.init() ok <PATH>,workerEnv.init() ok /etc/httpd/conf/workers2.properties,[Mon Dec 05 10:48:46 2005] [notice] workerEnv.init() ok /etc/httpd/conf/workers2.properties
1492,2005-12-05 10:48:46,ERROR,httpd,,,1,mod_jk child workerEnv in error state <NUM>,mod_jk child workerEnv in error state 6,[Mon Dec 05 10:48:46 2005] [error] mod_jk child workerEnv in error state 6
1493,2005-12-05 10:48:48,ERROR,httpd,,,3,[client <IP>] Directory index forbidden by rule: <PATH>,[client 67.166.248.235] Directory index forbidden by rule: /var/www/html/,[Mon Dec 05 10:48:48 2005] [error] [client 67.166.248.235] Directory index forbidden by rule: /var/www/html/
1494,2005-12-05 10:51:12,NOTICE,httpd,,,2,jk2_init() Found child <NUM> in scoreboard slot <NUM>,jk2_init() Found child 5515 in scoreboard slot 7,[Mon Dec 05 10:51:12 2005] [notice] jk2_init() Found child 5515 in scoreboard slot 7
1495,2005-12-05 10:51:12,NOTICE,httpd,,,2,jk2_init() Found child <NUM> in scoreboard slot <NUM>,jk2_init() Found child 5516 in scoreboard slot 8,[Mon Dec 05 10:51:12 2005] [notice] jk2_init() Found child 5516 in scoreboard slot 8
1496,2005-12-05 10:51:33,NOTICE,httpd,,,0,workerEnv.init() ok <PATH>,workerEnv.init() ok /etc/httpd/conf/workers2.properties,[Mon Dec 05 10:51:33 2005] [notice] workerEnv.init() ok /etc/httpd/conf/workers2.properties
1497,2005-12-05 10:51:33,NOTICE,httpd,,,0,workerEnv.init() ok <PATH>,workerEnv.init() ok /etc/httpd/conf/workers2.properties,[Mon Dec 05 10:51:33 2005] [notice] workerEnv.init() ok /etc/httpd/conf/workers2.properties
1498,2005-12-05 10:51:35,ERROR,httpd,,,1,mod_jk child workerEnv in error state <NUM>,mod_jk child workerEnv in error state 6,[Mon Dec 05 10:51:35 2005] [error] mod_jk child workerEnv in error state 6
1499,2005-12-05 10:51:35,ERROR,httpd,,,1,mod_jk child workerEnv in error state <NUM>,mod_jk child workerEnv in error state 6,[Mon Dec 05 10:51:35 2005] [error] mod_jk child workerEnv in error state 6
1500,2005-12-05 10:51:59,NOTICE,httpd,,,2,jk2_init() Found child <NUM> in scoreboard slot <NUM>,jk2_init() Found child 5517 in scoreboard slot 6,[Mon Dec 05 10:51:59 2005] [notice] jk2_init() Found child 5517 in scoreboard slot 6
1501,2005-12-05 10:52:00,NOTICE,httpd,,,2,jk2_init() Found child <NUM> in scoreboard slot <NUM>,jk2_init() Found child 5518 in scoreboard slot 9,[Mon Dec 05 10:52:00 2005] [notice] jk2_init() Found child 5518 in scoreboard slot 9
1502,2005-12-05 10:52:15,NOTICE,httpd,,,0,workerEnv.init() ok <PATH>,workerEnv.init() ok /etc/httpd/conf/workers2.properties,[Mon Dec 05 10:52:15 2005] [notice] workerEnv.init() ok /etc/httpd/conf/workers2.properties
1503,2005-12-05 10:52:15,NOTICE,httpd,,,0,workerEnv.init() ok <PATH>,workerEnv.init() ok /etc/httpd/conf/workers2.properties,[Mon Dec 05 10:52:15 2005] [notice] workerEnv.init() ok /etc/httpd/conf/workers2.properties
1504,2005-12-05 10:52:21,ERROR,httpd,,,1,mod_jk child workerEnv in error state <NUM>,mod_jk child workerEnv in error state 6,[Mon Dec 05 10:52:21 2005] [error] mod_jk child workerEnv in error state 6
1505,2005-12-05 10:53:42,NOTICE,httpd,,,2,jk2_init() Found child <NUM> in scoreboard slot <NUM>,jk2_init() Found child 5527 in scoreboard slot 7,[Mon Dec 05 10:53:42 2005] [notice] jk2_init() Found child 5527 in scoreboard slot 7
1506,2005-12-05 10:53:42,NOTICE,httpd,,,2,jk2_init() Found child <NUM> in scoreboard slot <NUM>,jk2_init() Found child 5526 in scoreboard slot 9,[Mon Dec 05 10:53:42 2005] [notice] jk2_init() Found child 5526 in scoreboard slot 9
1507,2005-12-05 10:55:47,NOTICE,httpd,,,2,jk2_init() Found child <NUM> in scoreboard slot <NUM>,jk2_init() Found child 5538 in scoreboard slot 9,[Mon Dec 05 10:55:47 2005] [notice] jk2_init() Found child 5538 in scoreboard slot 9
1508,2005-12-05 10:59:25,NOTICE,httpd,,,2,jk2_init() Found child <NUM> in scoreboard slot <NUM>,jk2_init() Found child 5565 in scoreboard slot 9,[Mon Dec 05 10:59:25 2005] [notice] jk2_init() Found child 5565 in scoreboard slot 9
1509,2005-12-05 10:59:25,NOTICE,httpd,,,2,jk2_init() Found child <NUM> in scoreboard slot <NUM>,jk2_init() Found child 5563 in scoreboard slot 7,[Mon Dec 05 10:59:25 2005] [notice] jk2_init() Found child 5563 in scoreboard slot 7
1510,2005-12-05 10:59:25,NOTICE,httpd,,,2,jk2_init() Found child <NUM> in scoreboard slot <NUM>,jk2_init() Found child 5562 in scoreboard slot 6,[Mon Dec 05 10:59:25 2005] [notice] jk2_init() Found child 5562 in scoreboard slot 6
1511,2005-12-05 10:59:25,NOTICE,httpd,,,2,jk2_init() Found child <NUM> in scoreboard slot <NUM>,jk2_init() Found child 5564 in scoreboard slot 8,[Mon Dec 05 10:59:25 2005] [notice] jk2_init() Found child 5564 in scoreboard slot 8
1512,2005-12-05 10:59:25,NOTICE,httpd,,,2,jk2_init() Found child <NUM> in scoreboard slot <NUM>,jk2_init() Found child 5567 in scoreboard slot 12,[Mon Dec 05 10:59:25 2005] [notice] jk2_init() Found child 5567 in scoreboard slot 12
1513,2005-12-05 10:59:25,NOTICE,httpd,,,2,jk2_init() Found child <NUM> in scoreboard slot <NUM>,jk2_init() Found child 5568 in scoreboard slot 13,[Mon Dec 05 10:59:25 2005] [notice] jk2_init() Found child 5568 in scoreboard slot 13
1514,2005-12-05 10:59:25,NOTICE,httpd,,,2,jk2_init() Found child <NUM> in scoreboard slot <NUM>,jk2_init() Found child 5566 in scoreboard slot 10,[Mon Dec 05 10:59:25 2005] [notice] jk2_init() Found child 5566 in scoreboard slot 10
1515,2005-12-05 10:59:29,NOTICE,httpd,,,0,workerEnv.init() ok <PATH>,workerEnv.init() ok /etc/httpd/conf/workers2.properties,[Mon Dec 05 10:59:29 2005] [notice] workerEnv.init() ok /etc/httpd/conf/workers2.properties
1516,2005-12-05 10:59:29,NOTICE,httpd,,,0,workerEnv.init() ok <PATH>,workerEnv.init() ok /etc/httpd/conf/workers2.properties,[Mon Dec 05 10:59:29 2005] [notice] workerEnv.init() ok /etc/httpd/conf/workers2.properties
1517,2005-12-05 10:59:29,NOTICE,httpd,,,0,workerEnv.init() ok <PATH>,workerEnv.init() ok /etc/httpd/conf/workers2.properties,[Mon Dec 05 10:59:29 2005] [notice] workerEnv.init() ok /etc/httpd/conf/workers2.properties
1518,2005-12-05 10:59:29,NOTICE,httpd,,,0,workerEnv.init() ok <PATH>,workerEnv.init() ok /etc/httpd/conf/workers2.properties,[Mon Dec 05 10:59:29 2005] [notice] workerEnv.init() ok /etc/httpd/conf/workers2.properties
1519,2005-12-05 10:59:29,NOTICE,httpd,,,0,workerEnv.init() ok <PATH>,workerEnv.init() ok /etc/httpd/conf/workers2.properties,[Mon Dec 05 10:59:29 2005] [notice] workerEnv.init() ok /etc/httpd/conf/workers2.properties
1520,2005-12-05 10:59:29,NOTICE,httpd,,,0,workerEnv.init() ok <PATH>,workerEnv.init() ok /etc/httpd/conf/workers2.properties,[Mon Dec 05 10:59:29 2005] [notice] workerEnv.init() ok /etc/httpd/conf/workers2.properties
1521,2005-12-05 10:59:29,NOTICE,httpd,,,0,workerEnv.init() ok <PATH>,workerEnv.init() ok /etc/httpd/conf/workers2.properties,[Mon Dec 05 10:59:29 2005] [notice] workerEnv.init() ok /etc/httpd/conf/workers2.properties
1522,2005-12-05 10:59:29,ERROR,httpd,,,1,mod_jk child workerEnv in error state <NUM>,mod_jk child workerEnv in error state 6,[Mon Dec 05 10:59:29 2005] [error] mod_jk child workerEnv in error state 6
1523,2005-12-05 10:59:29,ERROR,httpd,,,1,mod_jk child workerEnv in error state <NUM>,mod_jk child workerEnv in error state 7,[Mon Dec 05 10:59:29 2005] [error] mod_jk child workerEnv in error state 7
1524,2005-12-05 10:59:29,ERROR,httpd,,,1,mod_jk child workerEnv in error state <NUM>,mod_jk child workerEnv in error state 8,[Mon Dec 05 10:59:29 2005] [error] mod_jk child workerEnv in error state 8
1525,2005-12-05 10:59:29,ERROR,httpd,,,1,mod_jk child workerEnv in error state <NUM>,mod_jk child workerEnv in error state 6,[Mon Dec 05 10:59:29 2005] [error] mod_jk child workerEnv in error state 6
1526,2005-12-05 10:59:29,ERROR,httpd,,,1,mod_jk child workerEnv in error state <NUM>,mod_jk child workerEnv in error state 6,[Mon Dec 05 10:59:29 2005] [error] mod_jk child workerEnv in error state 6
1527,2005-12-05 10:59:29,ERROR,httpd,,,1,mod_jk child workerEnv in error state <NUM>,mod_jk child workerEnv in error state 6,[Mon Dec 05 10:59:29 2005] [error] mod_jk child workerEnv in error state 6
1528,2005-12-05 10:59:29,ERROR,httpd,,,1,mod_jk child workerEnv in error state <NUM>,mod_jk child workerEnv in error state 7,[Mon Dec 05 10:59:29 2005] [error] mod_jk child workerEnv in error state 7
1529,2005-12-05 11:02:05,NOTICE,httpd,,,2,jk2_init() Found child <NUM> in scoreboard slot <NUM>,jk2_init() Found child 5579 in scoreboard slot 6,[Mon Dec 05 11:02:05 2005] [notice] jk2_init() Found child 5579 in scoreboard slot 6
1530,2005-12-05 11:04:16,NOTICE,httpd,,,2,jk2_init() Found child <NUM> in scoreboard slot <NUM>,jk2_init() Found child 5592 in scoreboard slot 8,[Mon Dec 05 11:04:16 2005] [notice] jk2_init() Found child 5592 in scoreboard slot 8
1531,2005-12-05 11:04:16,NOTICE,httpd,,,2,jk2_init() Found child <NUM> in scoreboard slot <NUM>,jk2_init() Found child 5593 in scoreboard slot 9,[Mon Dec 05 11:04:16 2005] [notice] jk2_init() Found child 5593 in scoreboard slot 9
1532,2005-12-05 11:06:50,NOTICE,httpd,,,2,jk2_init() Found child <NUM> in scoreboard slot <NUM>,jk2_init() Found child 5616 in scoreboard slot 6,[Mon Dec 05 11:06:50 2005] [notice] jk2_init() Found child 5616 in scoreboard slot 6
1533,2005-12-05 11:06:51,NOTICE,httpd,,,2,jk2_init() Found child <NUM> in scoreboard slot <NUM>,jk2_init() Found child 5617 in scoreboard slot 7,[Mon Dec 05 11:06:51 2005] [notice] jk2_init() Found child 5617 in scoreboard slot 7
1534,2005-12-05 11:06:51,NOTICE,httpd,,,2,jk2_init() Found child <NUM> in scoreboard slot <NUM>,jk2_init() Found child 5618 in scoreboard slot 8,[Mon Dec 05 11:06:51 2005] [notice] jk2_init() Found child 5618 in scoreboard slot 8
1535,2005-12-05 11:06:51,NOTICE,httpd,,,0,workerEnv.init() ok <PATH>,workerEnv.init() ok /etc/httpd/conf/workers2.properties,[Mon Dec 05 11:06:51 2005] [notice] workerEnv.init() ok /etc/httpd/conf/workers2.properties
1536,2005-12-05 11:06:51,ERROR,httpd,,,1,mod_jk child workerEnv in error state <NUM>,mod_jk child workerEnv in error state 6,[Mon Dec 05 11:06:51 2005] [error] mod_jk child workerEnv in error state 6
1537,2005-12-05 11:06:51,NOTICE,httpd,,,0,workerEnv.init() ok <PATH>,workerEnv.init() ok /etc/httpd/conf/workers2.properties,[Mon Dec 05 11:06:51 2005] [notice] workerEnv.init() ok /etc/httpd/conf/workers2.properties
1538,2005-12-05 11:06:51,ERROR,httpd,,,1,mod_jk child workerEnv in error state <NUM>,mod_jk child workerEnv in error state 7,[Mon Dec 05 11:06:51 2005] [error] mod_jk child workerEnv in error state 7
1539,2005-12-05 11:06:51,NOTICE,httpd,,,0,workerEnv.init() ok <PATH>,workerEnv.init() ok /etc/httpd/conf/workers2.properties,[Mon Dec 05 11:06:51 2005] [notice] workerEnv.init() ok /etc/httpd/conf/workers2.properties
1540,2005-12-05 11:06:51,ERROR,httpd,,,1,mod_jk child workerEnv in error state <NUM>,mod_jk child workerEnv in error state 6,[Mon Dec 05 11:06:51 2005] [error] mod_jk child workerEnv in error state 6
1541,2005-12-05 11:06:52,ERROR,httpd,,,4,jk2_init() Can't find child <NUM> in scoreboard,jk2_init() Can't find child 5619 in scoreboard,[Mon Dec 05 11:06:52 2005] [error] jk2_init() Can't find child 5619 in scoreboard
1542,2005-12-05 11:06:52,NOTICE,httpd,,,0,workerEnv.init() ok <PATH>,workerEnv.init() ok /etc/httpd/conf/workers2.properties,[Mon Dec 05 11:06:52 2005] [notice] workerEnv.init() ok /etc/httpd/conf/workers2.properties
1543,2005-12-05 11:06:52,ERROR,httpd,,,5,mod_jk child init <NUM> -<NUM>,mod_jk child init 1 -2,[Mon Dec 05 11:06:52 2005] [error] mod_jk child init 1 -2
1544,2005-12-05 11:06:52,ERROR,httpd,,,4,jk2_init() Can't find child <NUM> in scoreboard,jk2_init() Can't find child 5620 in scoreboard,[Mon Dec 05 11:06:52 2005] [error] jk2_init() Can't find child 5620 in scoreboard
1545,2005-12-05 11:06:52,NOTICE,httpd,,,0,workerEnv.init() ok <PATH>,workerEnv.init() ok /etc/httpd/conf/workers2.properties,[Mon Dec 05 11:06:52 2005] [notice] workerEnv.init() ok /etc/httpd/conf/workers2.properties
1546,2005-12-05 11:06:52,ERROR,httpd,,,5,mod_jk child init <NUM> -<NUM>,mod_jk child init 1 -2,[Mon Dec 05 11:06:52 2005] [error] mod_jk child init 1 -2
1547,2005-12-05 11:06:52,ERROR,httpd,,,4,jk2_init() Can't find child <NUM> in scoreboard,jk2_init() Can't find child 5621 in scoreboard,[Mon Dec 05 11:06:52 2005] [error] jk2_init() Can't find child 5621 in scoreboard
1548,2005-12-05 11:06:52,NOTICE,httpd,,,0,workerEnv.init() ok <PATH>,workerEnv.init() ok /etc/httpd/conf/workers2.properties,[Mon Dec 05 11:06:52 2005] [notice] workerEnv.init() ok /etc/httpd/conf/workers2.properties
1549,2005-12-05 11:06:52,ERROR,httpd,,,5,mod_jk child init <NUM> -<NUM>,mod_jk child init 1 -2,[Mon Dec 05 11:06:52 2005] [error] mod_jk child init 1 -2
1550,2005-12-05 11:06:52,ERROR,httpd,,,4,jk2_init() Can't find child <NUM> in scoreboard,jk2_init() Can't find child 5622 in scoreboard,[Mon Dec 05 11:06:52 2005] [error] jk2_init() Can't find child 5622 in scoreboard
1551,2005-12-05 11:06:52,NOTICE,httpd,,,0,workerEnv.init() ok <PATH>,workerEnv.init() ok /etc/httpd/conf/workers2.properties,[Mon Dec 05 11:06:52 2005] [notice] workerEnv.init() ok /etc/httpd/conf/workers2.properties
1552,2005-12-05 11:06:52,ERROR,httpd,,,5,mod_jk child init <NUM> -<NUM>,mod_jk child init 1 -2,[Mon Dec 05 11:06:52 2005] [error] mod_jk child init 1 -2
1553,2005-12-05 12:35:57,NOTICE,httpd,,,2,jk2_init() Found child <NUM> in scoreboard slot <NUM>,jk2_init() Found child 5785 in scoreboard slot 6,[Mon Dec 05 12:35:57 2005] [notice] jk2_init() Found child 5785 in scoreboard slot 6
1554,2005-12-05 12:35:57,NOTICE,httpd,,,2,jk2_init() Found child <NUM> in scoreboard slot <NUM>,jk2_init() Found child 5786 in scoreboard slot 7,[Mon Dec 05 12:35:57 2005] [notice] jk2_init() Found child 5786 in scoreboard slot 7
1555,2005-12-05 12:36:36,NOTICE,httpd,,,2,jk2_init() Found child <NUM> in scoreboard slot <NUM>,jk2_init() Found child 5790 in scoreboard slot 7,[Mon Dec 05 12:36:36 2005] [notice] jk2_init() Found child 5790 in scoreboard slot 7
1556,2005-12-05 12:36:36,NOTICE,httpd,,,2,jk2_init() Found child <NUM> in scoreboard slot <NUM>,jk2_init() Found child 5788 in scoreboard slot 9,[Mon Dec 05 12:36:36 2005] [notice] jk2_init() Found child 5788 in scoreboard slot 9
1557,2005-12-05 12:36:36,NOTICE,httpd,,,2,jk2_init() Found child <NUM> in scoreboard slot <NUM>,jk2_init() Found child 5789 in scoreboard slot 6,[Mon Dec 05 12:36:36 2005] [notice] jk2_init() Found child 5789 in scoreboard slot 6
1558,2005-12-05 12:36:36,NOTICE,httpd,,,2,jk2_init() Found child <NUM> in scoreboard slot <NUM>,jk2_init() Found child 5787 in scoreboard slot 8,[Mon Dec 05 12:36:36 2005] [notice] jk2_init() Found child 5787 in scoreboard slot 8
1559,2005-12-05 12:36:39,NOTICE,httpd,,,0,workerEnv.init() ok <PATH>,workerEnv.init() ok /etc/httpd/conf/workers2.properties,[Mon Dec 05 12:36:39 2005] [notice] workerEnv.init() ok /etc/httpd/conf/workers2.properties
1560,2005-12-05 12:36:39,ERROR,httpd,,,1,mod_jk child workerEnv in error state <NUM>,mod_jk child workerEnv in error state 7,[Mon Dec 05 12:36:39 2005] [error] mod_jk child workerEnv in error state 7
1561,2005-12-05 12:36:39,NOTICE,httpd,,,0,workerEnv.init() ok <PATH>,workerEnv.init() ok /etc/httpd/conf/workers2.properties,[Mon Dec 05 12:36:39 2005] [notice] workerEnv.init() ok /etc/httpd/conf/workers2.properties
1562,2005-12-05 12:36:39,ERROR,httpd,,,1,mod_jk child workerEnv in error state <NUM>,mod_jk child workerEnv in error state 6,[Mon Dec 05 12:36:39 2005] [error] mod_jk child workerEnv in error state 6
1563,2005-12-05 12:36:39,NOTICE,httpd,,,0,workerEnv.init() ok <PATH>,workerEnv.init() ok /etc/httpd/conf/workers2.properties,[Mon Dec 05 12:36:39 2005] [notice] workerEnv.init() ok /etc/httpd/conf/workers2.properties
1564,2005-12-05 12:36:39,ERROR,httpd,,,1,mod_jk child workerEnv in error state <NUM>,mod_jk child workerEnv in error state 7,[Mon Dec 05 12:36:39 2005] [error] mod_jk child workerEnv in error state 7
1565,2005-12-05 12:36:39,NOTICE,httpd,,,0,workerEnv.init() ok <PATH>,workerEnv.init() ok /etc/httpd/conf/workers2.properties,[Mon Dec 05 12:36:39 2005] [notice] workerEnv.init() ok /etc/httpd/conf/workers2.properties
1566,2005-12-05 12:36:39,ERROR,httpd,,,1,mod_jk child workerEnv in error state <NUM>,mod_jk child workerEnv in error state 6,[Mon Dec 05 12:36:39 2005] [error] mod_jk child workerEnv in error state 6
1567,2005-12-05 12:40:37,NOTICE,httpd,,,2,jk2_init() Found child <NUM> in scoreboard slot <NUM>,jk2_init() Found child 5798 in scoreboard slot 8,[Mon Dec 05 12:40:37 2005] [notice] jk2_init() Found child 5798 in scoreboard slot 8
1568,2005-12-05 12:40:38,NOTICE,httpd,,,0,workerEnv.init() ok <PATH>,workerEnv.init() ok /etc/httpd/conf/workers2.properties,[Mon Dec 05 12:40:38 2005] [notice] workerEnv.init() ok /etc/httpd/conf/workers2.properties
1569,2005-12-05 12:40:38,ERROR,httpd,,,1,mod_jk child workerEnv in error state <NUM>,mod_jk child workerEnv in error state 6,[Mon Dec 05 12:40:38 2005] [error] mod_jk child workerEnv in error state 6
1570,2005-12-05 12:50:42,NOTICE,httpd,,,2,jk2_init() Found child <NUM> in scoreboard slot <NUM>,jk2_init() Found child 5811 in scoreboard slot 6,[Mon Dec 05 12:50:42 2005] [notice] jk2_init() Found child 5811 in scoreboard slot 6
1571,2005-12-05 12:50:42,NOTICE,httpd,,,2,jk2_init() Found child <NUM> in scoreboard slot <NUM>,jk2_init() Found child 5810 in scoreboard slot 9,[Mon Dec 05 12:50:42 2005] [notice] jk2_init() Found child 5810 in scoreboard slot 9
1572,2005-12-05 12:50:43,NOTICE,httpd,,,0,workerEnv.init() ok <PATH>,workerEnv.init() ok /etc/httpd/conf/workers2.properties,[Mon Dec 05 12:50:43 2005] [notice] workerEnv.init() ok /etc/httpd/conf/workers2.properties
1573,2005-12-05 12:50:43,NOTICE,httpd,,,0,workerEnv.init() ok <PATH>,workerEnv.init() ok /etc/httpd/conf/workers2.properties,[Mon Dec 05 12:50:43 2005] [notice] workerEnv.init() ok /etc/httpd/conf/workers2.properties
1574,2005-12-05 12:50:43,ERROR,httpd,,,1,mod_jk child workerEnv in error state <NUM>,mod_jk child workerEnv in error state 6,[Mon Dec 05 12:50:43 2005] [error] mod_jk child workerEnv in error state 6
1575,2005-12-05 12:50:43,ERROR,httpd,,,1,mod_jk child workerEnv in error state <NUM>,mod_jk child workerEnv in error state 6,[Mon Dec 05 12:50:43 2005] [error] mod_jk child workerEnv in error state 6
1576,2005-12-05 12:55:48,NOTICE,httpd,,,2,jk2_init() Found child <NUM> in scoreboard slot <NUM>,jk2_init() Found child 5817 in scoreboard slot 8,[Mon Dec 05 12:55:48 2005] [notice] jk2_init() Found child 5817 in scoreboard slot 8
1577,2005-12-05 12:55:48,NOTICE,httpd,,,2,jk2_init() Found child <NUM> in scoreboard slot <NUM>,jk2_init() Found child 5816 in scoreboard slot 7,[Mon Dec 05 12:55:48 2005] [notice] jk2_init() Found child 5816 in scoreboard slot 7
1578,2005-12-05 12:55:49,NOTICE,httpd,,,0,workerEnv.init() ok <PATH>,workerEnv.init() ok /etc/httpd/conf/workers2.properties,[Mon Dec 05 12:55:49 2005] [notice] workerEnv.init() ok /etc/httpd/conf/workers2.properties
1579,2005-12-05 12:55:49,ERROR,httpd,,,1,mod_jk child workerEnv in error state <NUM>,mod_jk child workerEnv in error state 6,[Mon Dec 05 12:55:49 2005] [error] mod_jk child workerEnv in error state 6
1580,2005-12-05 12:55:49,NOTICE,httpd,,,0,workerEnv.init() ok <PATH>,workerEnv.init() ok /etc/httpd/conf/workers2.properties,[Mon Dec 05 12:55:49 2005] [notice] workerEnv.init() ok /etc/httpd/conf/workers2.properties
1581,2005-12-05 12:55:49,ERROR,httpd,,,1,mod_jk child workerEnv in error state <NUM>,mod_jk child workerEnv in error state 6,[Mon Dec 05 12:55:49 2005] [error] mod_jk child workerEnv in error state 6
1582,2005-12-05 13:00:33,NOTICE,httpd,,,2,jk2_init() Found child <NUM> in scoreboard slot <NUM>,jk2_init() Found child 5825 in scoreboard slot 9,[Mon Dec 05 13:00:33 2005] [notice] jk2_init() Found child 5825 in scoreboard slot 9
1583,2005-12-05 13:00:33,NOTICE,httpd,,,2,jk2_init() Found child <NUM> in scoreboard slot <NUM>,jk2_init() Found child 5826 in scoreboard slot 6,[Mon Dec 05 13:00:33 2005] [notice] jk2_init() Found child 5826 in scoreboard slot 6
1584,2005-12-05 13:00:34,NOTICE,httpd,,,0,workerEnv.init() ok <PATH>,workerEnv.init() ok /etc/httpd/conf/workers2.properties,[Mon Dec 05 13:00:34 2005] [notice] workerEnv.init() ok /etc/httpd/conf/workers2.properties
1585,2005-12-05 13:00:34,ERROR,httpd,,,1,mod_jk child workerEnv in error state <NUM>,mod_jk child workerEnv in error state 6,[Mon Dec 05 13:00:34 2005] [error] mod_jk child workerEnv in error state 6
1586,2005-12-05 13:00:34,NOTICE,httpd,,,0,workerEnv.init() ok <PATH>,workerEnv.init() ok /etc/httpd/conf/workers2.properties,[Mon Dec 05 13:00:34 2005] [notice] workerEnv.init() ok /etc/httpd/conf/workers2.properties
1587,2005-12-05 13:00:34,ERROR,httpd,,,1,mod_jk child workerEnv in error state <NUM>,mod_jk child workerEnv in error state 6,[Mon Dec 05 13:00:34 2005] [error] mod_jk child workerEnv in error state 6
1588,2005-12-05 13:05:24,NOTICE,httpd,,,2,jk2_init() Found child <NUM> in scoreboard slot <NUM>,jk2_init() Found child 5845 in scoreboard slot 7,[Mon Dec 05 13:05:24 2005] [notice] jk2_init() Found child 5845 in scoreboard slot 7
1589,2005-12-05 13:05:24,NOTICE,httpd,,,0,workerEnv.init() ok <PATH>,workerEnv.init() ok /etc/httpd/conf/workers2.properties,[Mon Dec 05 13:05:24 2005] [notice] workerEnv.init() ok /etc/httpd/conf/workers2.properties
1590,2005-12-05 13:05:24,ERROR,httpd,,,1,mod_jk child workerEnv in error state <NUM>,mod_jk child workerEnv in error state 6,[Mon Dec 05 13:05:24 2005] [error] mod_jk child workerEnv in error state 6
1591,2005-12-05 13:10:55,NOTICE,httpd,,,2,jk2_init() Found child <NUM> in scoreboard slot <NUM>,jk2_init() Found child 5856 in scoreboard slot 8,[Mon Dec 05 13:10:55 2005] [notice] jk2_init() Found child 5856 in scoreboard slot 8
1592,2005-12-05 13:10:59,NOTICE,httpd,,,0,workerEnv.init() ok <PATH>,workerEnv.init() ok /etc/httpd/conf/workers2.properties,[Mon Dec 05 13:10:59 2005] [notice] workerEnv.init() ok /etc/httpd/conf/workers2.properties
1593,2005-12-05 13:10:59,ERROR,httpd,,,1,mod_jk child workerEnv in error state <NUM>,mod_jk child workerEnv in error state 6,[Mon Dec 05 13:10:59 2005] [error] mod_jk child workerEnv in error state 6
1594,2005-12-05 13:16:27,NOTICE,httpd,,,2,jk2_init() Found child <NUM> in scoreboard slot <NUM>,jk2_init() Found child 5877 in scoreboard slot 9,[Mon Dec 05 13:16:27 2005] [notice] jk2_init() Found child 5877 in scoreboard slot 9
1595,2005-12-05 13:16:27,NOTICE,httpd,,,2,jk2_init() Found child <NUM> in scoreboard slot <NUM>,jk2_init() Found child 5876 in scoreboard slot 8,[Mon Dec 05 13:16:27 2005] [notice] jk2_init() Found child 5876 in scoreboard slot 8
1596,2005-12-05 13:16:27,NOTICE,httpd,,,2,jk2_init() Found child <NUM> in scoreboard slot <NUM>,jk2_init() Found child 5878 in scoreboard slot 6,[Mon Dec 05 13:16:27 2005] [notice] jk2_init() Found child 5878 in scoreboard slot 6
1597,2005-12-05 13:16:27,NOTICE,httpd,,,2,jk2_init() Found child <NUM> in scoreboard slot <NUM>,jk2_init() Found child 5875 in scoreboard slot 7,[Mon Dec 05 13:16:27 2005] [notice] jk2_init() Found child 5875 in scoreboard slot 7
1598,2005-12-05 13:16:29,NOTICE,httpd,,,0,workerEnv.init() ok <PATH>,workerEnv.init() ok /etc/httpd/conf/workers2.properties,[Mon Dec 05 13:16:29 2005] [notice] workerEnv.init() ok /etc/httpd/conf/workers2.properties
1599,2005-12-05 13:16:29,ERROR,httpd,,,1,mod_jk child workerEnv in error state <NUM>,mod_jk child workerEnv in error state 6,[Mon Dec 05 13:16:29 2005] [error] mod_jk child workerEnv in error state 6
1600,2005-12-05 13:16:29,NOTICE,httpd,,,0,workerEnv.init() ok <PATH>,workerEnv.init() ok /etc/httpd/conf/workers2.properties,[Mon Dec 05 13:16:29 2005] [notice] workerEnv.init() ok /etc/httpd/conf/workers2.properties
1601,2005-12-05 13:16:29,ERROR,httpd,,,1,mod_jk child workerEnv in error state <NUM>,mod_jk child workerEnv in error state 6,[Mon Dec 05 13:16:29 2005] [error] mod_jk child workerEnv in error state 6
1602,2005-12-05 13:16:29,NOTICE,httpd,,,0,workerEnv.init() ok <PATH>,workerEnv.init() ok /etc/httpd/conf/workers2.properties,[Mon Dec 05 13:16:29 2005] [notice] workerEnv.init() ok /etc/httpd/conf/workers2.properties
1603,2005-12-05 13:16:29,ERROR,httpd,,,1,mod_jk child workerEnv in error state <NUM>,mod_jk child workerEnv in error state 6,[Mon Dec 05 13:16:29 2005] [error] mod_jk child workerEnv in error state 6
1604,2005-12-05 13:16:29,NOTICE,httpd,,,0,workerEnv.init() ok <PATH>,workerEnv.init() ok /etc/httpd/conf/workers2.properties,[Mon Dec 05 13:16:29 2005] [notice] workerEnv.init() ok /etc/httpd/conf/workers2.properties
1605,2005-12-05 13:16:29,ERROR,httpd,,,1,mod_jk child workerEnv in error state <NUM>,mod_jk child workerEnv in error state 6,[Mon Dec 05 13:16:29 2005] [error] mod_jk child workerEnv in error state 6
1606,2005-12-05 13:21:35,NOTICE,httpd,,,2,jk2_init() Found child <NUM> in scoreboard slot <NUM>,jk2_init() Found child 5893 in scoreboard slot 9,[Mon Dec 05 13:21:35 2005] [notice] jk2_init() Found child 5893 in scoreboard slot 9
1607,2005-12-05 13:21:34,NOTICE,httpd,,,2,jk2_init() Found child <NUM> in scoreboard slot <NUM>,jk2_init() Found child 5892 in scoreboard slot 8,[Mon Dec 05 13:21:34 2005] [notice] jk2_init() Found child 5892 in scoreboard slot 8
1608,2005-12-05 13:22:45,NOTICE,httpd,,,2,jk2_init() Found child <NUM> in scoreboard slot <NUM>,jk2_init() Found child 5901 in scoreboard slot 9,[Mon Dec 05 13:22:45 2005] [notice] jk2_init() Found child 5901 in scoreboard slot 9
1609,2005-12-05 13:22:45,NOTICE,httpd,,,2,jk2_init() Found child <NUM> in scoreboard slot <NUM>,jk2_init() Found child 5899 in scoreboard slot 7,[Mon Dec 05 13:22:45 2005] [notice] jk2_init() Found child 5899 in scoreboard slot 7
1610,2005-12-05 13:22:45,NOTICE,httpd,,,2,jk2_init() Found child <NUM> in scoreboard slot <NUM>,jk2_init() Found child 5900 in scoreboard slot 8,[Mon Dec 05 13:22:45 2005] [notice] jk2_init() Found child 5900 in scoreboard slot 8
1611,2005-12-05 13:22:45,NOTICE,httpd,,,2,jk2_init() Found child <NUM> in scoreboard slot <NUM>,jk2_init() Found child 5898 in scoreboard slot 6,[Mon Dec 05 13:22:45 2005] [notice] jk2_init() Found child 5898 in scoreboard slot 6
1612,2005-12-05 13:22:48,NOTICE,httpd,,,0,workerEnv.init() ok <PATH>,workerEnv.init() ok /etc/httpd/conf/workers2.properties,[Mon Dec 05 13:22:48 2005] [notice] workerEnv.init() ok /etc/httpd/conf/workers2.properties
1613,2005-12-05 13:22:48,ERROR,httpd,,,1,mod_jk child workerEnv in error state <NUM>,mod_jk child workerEnv in error state 7,[Mon Dec 05 13:22:48 2005] [error] mod_jk child workerEnv in error state 7
1614,2005-12-05 13:22:48,NOTICE,httpd,,,0,workerEnv.init() ok <PATH>,workerEnv.init() ok /etc/httpd/conf/workers2.properties,[Mon Dec 05 13:22:48 2005] [notice] workerEnv.init() ok /etc/httpd/conf/workers2.properties
1615,2005-12-05 13:22:48,ERROR,httpd,,,1,mod_jk child workerEnv in error state <NUM>,mod_jk child workerEnv in error state 7,[Mon Dec 05 13:22:48 2005] [error] mod_jk child workerEnv in error state 7
1616,2005-12-05 13:22:48,NOTICE,httpd,,,0,workerEnv.init() ok <PATH>,workerEnv.init() ok /etc/httpd/conf/workers2.properties,[Mon Dec 05 13:22:48 2005] [notice] workerEnv.init() ok /etc/httpd/conf/workers2.properties
1617,2005-12-05 13:22:48,ERROR,httpd,,,1,mod_jk child workerEnv in error state <NUM>,mod_jk child workerEnv in error state 6,[Mon Dec 05 13:22:48 2005] [error] mod_jk child workerEnv in error state 6
1618,2005-12-05 13:22:48,NOTICE,httpd,,,0,workerEnv.init() ok <PATH>,workerEnv.init() ok /etc/httpd/conf/workers2.properties,[Mon Dec 05 13:22:48 2005] [notice] workerEnv.init() ok /etc/httpd/conf/workers2.properties
1619,2005-12-05 13:22:48,ERROR,httpd,,,1,mod_jk child workerEnv in error state <NUM>,mod_jk child workerEnv in error state 6,[Mon Dec 05 13:22:48 2005] [error] mod_jk child workerEnv in error state 6
1620,2005-12-05 13:26:03,NOTICE,httpd,,,2,jk2_init() Found child <NUM> in scoreboard slot <NUM>,jk2_init() Found child 5912 in scoreboard slot 7,[Mon Dec 05 13:26:03 2005] [notice] jk2_init() Found child 5912 in scoreboard slot 7
1621,2005-12-05 13:26:37,NOTICE,httpd,,,2,jk2_init() Found child <NUM> in scoreboard slot <NUM>,jk2_init() Found child 5914 in scoreboard slot 9,[Mon Dec 05 13:26:37 2005] [notice] jk2_init() Found child 5914 in scoreboard slot 9
1622,2005-12-05 13:26:37,NOTICE,httpd,,,2,jk2_init() Found child <NUM> in scoreboard slot <NUM>,jk2_init() Found child 5915 in scoreboard slot 6,[Mon Dec 05 13:26:37 2005] [notice] jk2_init() Found child 5915 in scoreboard slot 6
1623,2005-12-05 13:27:15,NOTICE,httpd,,,2,jk2_init() Found child <NUM> in scoreboard slot <NUM>,jk2_init() Found child 5917 in scoreboard slot 8,[Mon Dec 05 13:27:15 2005] [notice] jk2_init() Found child 5917 in scoreboard slot 8
1624,2005-12-05 13:27:14,NOTICE,httpd,,,2,jk2_init() Found child <NUM> in scoreboard slot <NUM>,jk2_init() Found child 5916 in scoreboard slot 7,[Mon Dec 05 13:27:14 2005] [notice] jk2_init() Found child 5916 in scoreboard slot 7
1625,2005-12-05 13:27:15,NOTICE,httpd,,,2,jk2_init() Found child <NUM> in scoreboard slot <NUM>,jk2_init() Found child 5919 in scoreboard slot 6,[Mon Dec 05 13:27:15 2005] [notice] jk2_init() Found child 5919 in scoreboard slot 6
1626,2005-12-05 13:27:15,NOTICE,httpd,,,2,jk2_init() Found child <NUM> in scoreboard slot <NUM>,jk2_init() Found child 5918 in scoreboard slot 9,[Mon Dec 05 13:27:15 2005] [notice] jk2_init() Found child 5918 in scoreboard slot 9
1627,2005-12-05 13:28:14,NOTICE,httpd,,,2,jk2_init() Found child <NUM> in scoreboard slot <NUM>,jk2_init() Found child 5925 in scoreboard slot 8,[Mon Dec 05 13:28:14 2005] [notice] jk2_init() Found child 5925 in scoreboard slot 8
1628,2005-12-05 13:28:14,NOTICE,httpd,,,2,jk2_init() Found child <NUM> in scoreboard slot <NUM>,jk2_init() Found child 5923 in scoreboard slot 6,[Mon Dec 05 13:28:14 2005] [notice] jk2_init() Found child 5923 in scoreboard slot 6
1629,2005-12-05 13:28:14,NOTICE,httpd,,,2,jk2_init() Found child <NUM> in scoreboard slot <NUM>,jk2_init() Found child 5924 in scoreboard slot 7,[Mon Dec 05 13:28:14 2005] [notice] jk2_init() Found child 5924 in scoreboard slot 7
1630,2005-12-05 13:28:14,NOTICE,httpd,,,2,jk2_init() Found child <NUM> in scoreboard slot <NUM>,jk2_init() Found child 5922 in scoreboard slot 9,[Mon Dec 05 13:28:14 2005] [notice] jk2_init() Found child 5922 in scoreboard slot 9
1631,2005-12-05 13:28:17,NOTICE,httpd,,,0,workerEnv.init() ok <PATH>,workerEnv.init() ok /etc/httpd/conf/workers2.properties,[Mon Dec 05 13:28:17 2005] [notice] workerEnv.init() ok /etc/httpd/conf/workers2.properties
1632,2005-12-05 13:28:17,ERROR,httpd,,,1,mod_jk child workerEnv in error state <NUM>,mod_jk child workerEnv in error state 7,[Mon Dec 05 13:28:17 2005] [error] mod_jk child workerEnv in error state 7
1633,2005-12-05 13:28:17,NOTICE,httpd,,,0,workerEnv.init() ok <PATH>,workerEnv.init() ok /etc/httpd/conf/workers2.properties,[Mon Dec 05 13:28:17 2005] [notice] workerEnv.init() ok /etc/httpd/conf/workers2.properties
1634,2005-12-05 13:28:17,ERROR,httpd,,,1,mod_jk child workerEnv in error state <NUM>,mod_jk child workerEnv in error state 8,[Mon Dec 05 13:28:17 2005] [error] mod_jk child workerEnv in error state 8
1635,2005-12-05 13:28:17,NOTICE,httpd,,,0,workerEnv.init() ok <PATH>,workerEnv.init() ok /etc/httpd/conf/workers2.properties,[Mon Dec 05 13:28:17 2005] [notice] workerEnv.init() ok /etc/httpd/conf/workers2.properties
1636,2005-12-05 13:28:17,ERROR,httpd,,,1,mod_jk child workerEnv in error state <NUM>,mod_jk child workerEnv in error state 8,[Mon Dec 05 13:28:17 2005] [error] mod_jk child workerEnv in error state 8
1637,2005-12-05 13:28:17,NOTICE,httpd,,,0,workerEnv.init() ok <PATH>,workerEnv.init() ok /etc/httpd/conf/workers2.properties,[Mon Dec 05 13:28:17 2005] [notice] workerEnv.init() ok /etc/httpd/conf/workers2.properties
1638,2005-12-05 13:28:17,ERROR,httpd,,,1,mod_jk child workerEnv in error state <NUM>,mod_jk child workerEnv in error state 8,[Mon Dec 05 13:28:17 2005] [error] mod_jk child workerEnv in error state 8
1639,2005-12-05 13:31:19,NOTICE,httpd,,,2,jk2_init() Found child <NUM> in scoreboard slot <NUM>,jk2_init() Found child 5935 in scoreboard slot 9,[Mon Dec 05 13:31:19 2005] [notice] jk2_init() Found child 5935 in scoreboard slot 9
1640,2005-12-05 13:31:19,NOTICE,httpd,,,2,jk2_init() Found child <NUM> in scoreboard slot <NUM>,jk2_init() Found child 5936 in scoreboard slot 6,[Mon Dec 05 13:31:19 2005] [notice] jk2_init() Found child 5936 in scoreboard slot 6
1641,2005-12-05 13:31:53,NOTICE,httpd,,,2,jk2_init() Found child <NUM> in scoreboard slot <NUM>,jk2_init() Found child 5938 in scoreboard slot 8,[Mon Dec 05 13:31:53 2005] [notice] jk2_init() Found child 5938 in scoreboard slot 8
1642,2005-12-05 13:31:53,NOTICE,httpd,,,2,jk2_init() Found child <NUM> in scoreboard slot <NUM>,jk2_init() Found child 5937 in scoreboard slot 7,[Mon Dec 05 13:31:53 2005] [notice] jk2_init() Found child 5937 in scoreboard slot 7
1643,2005-12-05 13:32:01,NOTICE,httpd,,,2,jk2_init() Found child <NUM> in scoreboard slot <NUM>,jk2_init() Found child 5940 in scoreboard slot 6,[Mon Dec 05 13:32:01 2005] [notice] jk2_init() Found child 5940 in scoreboard slot 6
1644,2005-12-05 13:32:01,NOTICE,httpd,,,2,jk2_init() Found child <NUM> in scoreboard slot <NUM>,jk2_init() Found child 5939 in scoreboard slot 9,[Mon Dec 05 13:32:01 2005] [notice] jk2_init() Found child 5939 in scoreboard slot 9
1645,2005-12-05 13:32:04,NOTICE,httpd,,,0,workerEnv.init() ok <PATH>,workerEnv.init() ok /etc/httpd/conf/workers2.properties,[Mon Dec 05 13:32:04 2005] [notice] workerEnv.init() ok /etc/httpd/conf/workers2.properties
1646,2005-12-05 13:32:04,NOTICE,httpd,,,0,workerEnv.init() ok <PATH>,workerEnv.init() ok /etc/httpd/conf/workers2.properties,[Mon Dec 05 13:32:04 2005] [notice] workerEnv.init() ok /etc/httpd/conf/workers2.properties
1647,2005-12-05 13:32:04,ERROR,httpd,,,1,mod_jk child workerEnv in error state <NUM>,mod_jk child workerEnv in error state 6,[Mon Dec 05 13:32:04 2005] [error] mod_jk child workerEnv in error state 6
1648,2005-12-05 13:32:04,ERROR,httpd,,,1,mod_jk child workerEnv in error state <NUM>,mod_jk child workerEnv in error state 6,[Mon Dec 05 13:32:04 2005] [error] mod_jk child workerEnv in error state 6
1649,2005-12-05 13:32:09,NOTICE,httpd,,,0,workerEnv.init() ok <PATH>,workerEnv.init() ok /etc/httpd/conf/workers2.properties,[Mon Dec 05 13:32:09 2005] [notice] workerEnv.init() ok /etc/httpd/conf/workers2.properties
1650,2005-12-05 13:32:09,NOTICE,httpd,,,0,workerEnv.init() ok <PATH>,workerEnv.init() ok /etc/httpd/conf/workers2.properties,[Mon Dec 05 13:32:09 2005] [notice] workerEnv.init() ok /etc/httpd/conf/workers2.properties
1651,2005-12-05 13:32:10,ERROR,httpd,,,1,mod_jk child workerEnv in error state <NUM>,mod_jk child workerEnv in error state 7,[Mon Dec 05 13:32:10 2005] [error] mod_jk child workerEnv in error state 7
1652,2005-12-05 13:32:10,ERROR,httpd,,,1,mod_jk child workerEnv in error state <NUM>,mod_jk child workerEnv in error state 7,[Mon Dec 05 13:32:10 2005] [error] mod_jk child workerEnv in error state 7
1653,2005-12-05 13:32:28,NOTICE,httpd,,,2,jk2_init() Found child <NUM> in scoreboard slot <NUM>,jk2_init() Found child 5942 in scoreboard slot 8,[Mon Dec 05 13:32:28 2005] [notice] jk2_init() Found child 5942 in scoreboard slot 8
1654,2005-12-05 13:32:28,NOTICE,httpd,,,2,jk2_init() Found child <NUM> in scoreboard slot <NUM>,jk2_init() Found child 5941 in scoreboard slot 7,[Mon Dec 05 13:32:28 2005] [notice] jk2_init() Found child 5941 in scoreboard slot 7
1655,2005-12-05 13:32:30,NOTICE,httpd,,,0,workerEnv.init() ok <PATH>,workerEnv.init() ok /etc/httpd/conf/workers2.properties,[Mon Dec 05 13:32:30 2005] [notice] workerEnv.init() ok /etc/httpd/conf/workers2.properties
1656,2005-12-05 13:32:30,NOTICE,httpd,,,0,workerEnv.init() ok <PATH>,workerEnv.init() ok /etc/httpd/conf/workers2.properties,[Mon Dec 05 13:32:30 2005] [notice] workerEnv.init() ok /etc/httpd/conf/workers2.properties
1657,2005-12-05 13:32:30,ERROR,httpd,,,1,mod_jk child workerEnv in error state <NUM>,mod_jk child workerEnv in error state 6,[Mon Dec 05 13:32:30 2005] [error] mod_jk child workerEnv in error state 6
1658,2005-12-05 13:32:30,ERROR,httpd,,,1,mod_jk child workerEnv in error state <NUM>,mod_jk child workerEnv in error state 6,[Mon Dec 05 13:32:30 2005] [error] mod_jk child workerEnv in error state 6
1659,2005-12-05 13:36:27,NOTICE,httpd,,,2,jk2_init() Found child <NUM> in scoreboard slot <NUM>,jk2_init() Found child 5954 in scoreboard slot 7,[Mon Dec 05 13:36:27 2005] [notice] jk2_init() Found child 5954 in scoreboard slot 7
1660,2005-12-05 13:36:27,NOTICE,httpd,,,2,jk2_init() Found child <NUM> in scoreboard slot <NUM>,jk2_init() Found child 5953 in scoreboard slot 6,[Mon Dec 05 13:36:27 2005] [notice] jk2_init() Found child 5953 in scoreboard slot 6
1661,2005-12-05 13:36:58,NOTICE,httpd,,,2,jk2_init() Found child <NUM> in scoreboard slot <NUM>,jk2_init() Found child 5956 in scoreboard slot 9,[Mon Dec 05 13:36:58 2005] [notice] jk2_init() Found child 5956 in scoreboard slot 9
1662,2005-12-05 13:36:58,NOTICE,httpd,,,2,jk2_init() Found child <NUM> in scoreboard slot <NUM>,jk2_init() Found child 5957 in scoreboard slot 6,[Mon Dec 05 13:36:58 2005] [notice] jk2_init() Found child 5957 in scoreboard slot 6
1663,2005-12-05 13:36:58,NOTICE,httpd,,,2,jk2_init() Found child <NUM> in scoreboard slot <NUM>,jk2_init() Found child 5955 in scoreboard slot 8,[Mon Dec 05 13:36:58 2005] [notice] jk2_init() Found child 5955 in scoreboard slot 8
1664,2005-12-05 13:37:47,NOTICE,httpd,,,2,jk2_init() Found child <NUM> in scoreboard slot <NUM>,jk2_init() Found child 5961 in scoreboard slot 6,[Mon Dec 05 13:37:47 2005] [notice] jk2_init() Found child 5961 in scoreboard slot 6
1665,2005-12-05 13:37:47,NOTICE,httpd,,,2,jk2_init() Found child <NUM> in scoreboard slot <NUM>,jk2_init() Found child 5960 in scoreboard slot 9,[Mon Dec 05 13:37:47 2005] [notice] jk2_init() Found child 5960 in scoreboard slot 9
1666,2005-12-05 13:38:52,NOTICE,httpd,,,2,jk2_init() Found child <NUM> in scoreboard slot <NUM>,jk2_init() Found child 5968 in scoreboard slot 9,[Mon Dec 05 13:38:52 2005] [notice] jk2_init() Found child 5968 in scoreboard slot 9
1667,2005-12-05 13:38:53,NOTICE,httpd,,,2,jk2_init() Found child <NUM> in scoreboard slot <NUM>,jk2_init() Found child 5965 in scoreboard slot 6,[Mon Dec 05 13:38:53 2005] [notice] jk2_init() Found child 5965 in scoreboard slot 6
1668,2005-12-05 13:38:52,NOTICE,httpd,,,2,jk2_init() Found child <NUM> in scoreboard slot <NUM>,jk2_init() Found child 5967 in scoreboard slot 8,[Mon Dec 05 13:38:52 2005] [notice] jk2_init() Found child 5967 in scoreboard slot 8
1669,2005-12-05 13:38:53,NOTICE,httpd,,,2,jk2_init() Found child <NUM> in scoreboard slot <NUM>,jk2_init() Found child 5969 in scoreboard slot 10,[Mon Dec 05 13:38:53 2005] [notice] jk2_init() Found child 5969 in scoreboard slot 10
1670,2005-12-05 13:38:52,NOTICE,httpd,,,2,jk2_init() Found child <NUM> in scoreboard slot <NUM>,jk2_init() Found child 5966 in scoreboard slot 7,[Mon Dec 05 13:38:52 2005] [notice] jk2_init() Found child 5966 in scoreboard slot 7
1671,2005-12-05 13:39:09,NOTICE,httpd,,,0,workerEnv.init() ok <PATH>,workerEnv.init() ok /etc/httpd/conf/workers2.properties,[Mon Dec 05 13:39:09 2005] [notice] workerEnv.init() ok /etc/httpd/conf/workers2.properties
1672,2005-12-05 13:39:09,NOTICE,httpd,,,0,workerEnv.init() ok <PATH>,workerEnv.init() ok /etc/httpd/conf/workers2.properties,[Mon Dec 05 13:39:09 2005] [notice] workerEnv.init() ok /etc/httpd/conf/workers2.properties
1673,2005-12-05 13:39:14,ERROR,httpd,,,1,mod_jk child workerEnv in error state <NUM>,mod_jk child workerEnv in error state 6,[Mon Dec 05 13:39:14 2005] [error] mod_jk child workerEnv in error state 6
1674,2005-12-05 13:39:13,ERROR,httpd,,,1,mod_jk child workerEnv in error state <NUM>,mod_jk child workerEnv in error state 8,[Mon Dec 05 13:39:13 2005] [error] mod_jk child workerEnv in error state 8
1675,2005-12-05 13:39:36,NOTICE,httpd,,,2,jk2_init() Found child <NUM> in scoreboard slot <NUM>,jk2_init() Found child 5970 in scoreboard slot 6,[Mon Dec 05 13:39:36 2005] [notice] jk2_init() Found child 5970 in scoreboard slot 6
1676,2005-12-05 13:39:36,NOTICE,httpd,,,2,jk2_init() Found child <NUM> in scoreboard slot <NUM>,jk2_init() Found child 5971 in scoreboard slot 7,[Mon Dec 05 13:39:36 2005] [notice] jk2_init() Found child 5971 in scoreboard slot 7
1677,2005-12-05 13:39:41,NOTICE,httpd,,,2,jk2_init() Found child <NUM> in scoreboard slot <NUM>,jk2_init() Found child 5972 in scoreboard slot 8,[Mon Dec 05 13:39:41 2005] [notice] jk2_init() Found child 5972 in scoreboard slot 8
1678,2005-12-05 13:39:41,NOTICE,httpd,,,0,workerEnv.init() ok <PATH>,workerEnv.init() ok /etc/httpd/conf/workers2.properties,[Mon Dec 05 13:39:41 2005] [notice] workerEnv.init() ok /etc/httpd/conf/workers2.properties
1679,2005-12-05 13:39:41,NOTICE,httpd,,,0,workerEnv.init() ok <PATH>,workerEnv.init() ok /etc/httpd/conf/workers2.properties,[Mon Dec 05 13:39:41 2005] [notice] workerEnv.init() ok /etc/httpd/conf/workers2.properties
1680,2005-12-05 13:39:41,NOTICE,httpd,,,0,workerEnv.init() ok <PATH>,workerEnv.init() ok /etc/httpd/conf/workers2.properties,[Mon Dec 05 13:39:41 2005] [notice] workerEnv.init() ok /etc/httpd/conf/workers2.properties
1681,2005-12-05 13:39:41,ERROR,httpd,,,1,mod_jk child workerEnv in error state <NUM>,mod_jk child workerEnv in error state 8,[Mon Dec 05 13:39:41 2005] [error] mod_jk child workerEnv in error state 8
1682,2005-12-05 13:39:41,ERROR,httpd,,,1,mod_jk child workerEnv in error state <NUM>,mod_jk child workerEnv in error state 9,[Mon Dec 05 13:39:41 2005] [error] mod_jk child workerEnv in error state 9
1683,2005-12-05 13:39:41,ERROR,httpd,,,1,mod_jk child workerEnv in error state <NUM>,mod_jk child workerEnv in error state 8,[Mon Dec 05 13:39:41 2005] [error] mod_jk child workerEnv in error state 8
1684,2005-12-05 13:41:11,NOTICE,httpd,,,2,jk2_init() Found child <NUM> in scoreboard slot <NUM>,jk2_init() Found child 5981 in scoreboard slot 9,[Mon Dec 05 13:41:11 2005] [notice] jk2_init() Found child 5981 in scoreboard slot 9
1685,2005-12-05 13:41:12,NOTICE,httpd,,,2,jk2_init() Found child <NUM> in scoreboard slot <NUM>,jk2_init() Found child 5982 in scoreboard slot 6,[Mon Dec 05 13:41:12 2005] [notice] jk2_init() Found child 5982 in scoreboard slot 6
1686,2005-12-05 13:41:58,NOTICE,httpd,,,2,jk2_init() Found child <NUM> in scoreboard slot <NUM>,jk2_init() Found child 5984 in scoreboard slot 8,[Mon Dec 05 13:41:58 2005] [notice] jk2_init() Found child 5984 in scoreboard slot 8
1687,2005-12-05 13:41:58,NOTICE,httpd,,,2,jk2_init() Found child <NUM> in scoreboard slot <NUM>,jk2_init() Found child 5985 in scoreboard slot 9,[Mon Dec 05 13:41:58 2005] [notice] jk2_init() Found child 5985 in scoreboard slot 9
1688,2005-12-05 13:43:27,NOTICE,httpd,,,2,jk2_init() Found child <NUM> in scoreboard slot <NUM>,jk2_init() Found child 5992 in scoreboard slot 8,[Mon Dec 05 13:43:27 2005] [notice] jk2_init() Found child 5992 in scoreboard slot 8
1689,2005-12-05 13:43:27,NOTICE,httpd,,,2,jk2_init() Found child <NUM> in scoreboard slot <NUM>,jk2_init() Found child 5993 in scoreboard slot 9,[Mon Dec 05 13:43:27 2005] [notice] jk2_init() Found child 5993 in scoreboard slot 9
1690,2005-12-05 13:43:27,NOTICE,httpd,,,2,jk2_init() Found child <NUM> in scoreboard slot <NUM>,jk2_init() Found child 5990 in scoreboard slot 6,[Mon Dec 05 13:43:27 2005] [notice] jk2_init() Found child 5990 in scoreboard slot 6
1691,2005-12-05 13:43:27,NOTICE,httpd,,,2,jk2_init() Found child <NUM> in scoreboard slot <NUM>,jk2_init() Found child 5991 in scoreboard slot 7,[Mon Dec 05 13:43:27 2005] [notice] jk2_init() Found child 5991 in scoreboard slot 7
1692,2005-12-05 13:43:43,NOTICE,httpd,,,0,workerEnv.init() ok <PATH>,workerEnv.init() ok /etc/httpd/conf/workers2.properties,[Mon Dec 05 13:43:43 2005] [notice] workerEnv.init() ok /etc/httpd/conf/workers2.properties
1693,2005-12-05 13:43:44,NOTICE,httpd,,,0,workerEnv.init() ok <PATH>,workerEnv.init() ok /etc/httpd/conf/workers2.properties,[Mon Dec 05 13:43:44 2005] [notice] workerEnv.init() ok /etc/httpd/conf/workers2.properties
1694,2005-12-05 13:43:43,NOTICE,httpd,,,0,workerEnv.init() ok <PATH>,workerEnv.init() ok /etc/httpd/conf/workers2.properties,[Mon Dec 05 13:43:43 2005] [notice] workerEnv.init() ok /etc/httpd/conf/workers2.properties
1695,2005-12-05 13:43:46,ERROR,httpd,,,1,mod_jk child workerEnv in error state <NUM>,mod_jk child workerEnv in error state 6,[Mon Dec 05 13:43:46 2005] [error] mod_jk child workerEnv in error state 6
1696,2005-12-05 13:43:46,ERROR,httpd,,,1,mod_jk child workerEnv in error state <NUM>,mod_jk child workerEnv in error state 8,[Mon Dec 05 13:43:46 2005] [error] mod_jk child workerEnv in error state 8
1697,2005-12-05 13:43:46,ERROR,httpd,,,1,mod_jk child workerEnv in error state <NUM>,mod_jk child workerEnv in error state 7,[Mon Dec 05 13:43:46 2005] [error] mod_jk child workerEnv in error state 7
1698,2005-12-05 13:44:18,NOTICE,httpd,,,2,jk2_init() Found child <NUM> in scoreboard slot <NUM>,jk2_init() Found child 5995 in scoreboard slot 7,[Mon Dec 05 13:44:18 2005] [notice] jk2_init() Found child 5995 in scoreboard slot 7
1699,2005-12-05 13:44:18,NOTICE,httpd,,,2,jk2_init() Found child <NUM> in scoreboard slot <NUM>,jk2_init() Found child 5996 in scoreboard slot 8,[Mon Dec 05 13:44:18 2005] [notice] jk2_init() Found child 5996 in scoreboard slot 8
1700,2005-12-05 13:44:32,NOTICE,httpd,,,0,workerEnv.init() ok <PATH>,workerEnv.init() ok /etc/httpd/conf/workers2.properties,[Mon Dec 05 13:44:32 2005] [notice] workerEnv.init() ok /etc/httpd/conf/workers2.properties
1701,2005-12-05 13:44:35,NOTICE,httpd,,,0,workerEnv.init() ok <PATH>,workerEnv.init() ok /etc/httpd/conf/workers2.properties,[Mon Dec 05 13:44:35 2005] [notice] workerEnv.init() ok /etc/httpd/conf/workers2.properties
1702,2005-12-05 13:44:38,ERROR,httpd,,,1,mod_jk child workerEnv in error state <NUM>,mod_jk child workerEnv in error state 6,[Mon Dec 05 13:44:38 2005] [error] mod_jk child workerEnv in error state 6
1703,2005-12-05 13:44:38,ERROR,httpd,,,1,mod_jk child workerEnv in error state <NUM>,mod_jk child workerEnv in error state 6,[Mon Dec 05 13:44:38 2005] [error] mod_jk child workerEnv in error state 6
1704,2005-12-05 13:44:53,NOTICE,httpd,,,2,jk2_init() Found child <NUM> in scoreboard slot <NUM>,jk2_init() Found child 5997 in scoreboard slot 9,[Mon Dec 05 13:44:53 2005] [notice] jk2_init() Found child 5997 in scoreboard slot 9
1705,2005-12-05 13:45:01,NOTICE,httpd,,,2,jk2_init() Found child <NUM> in scoreboard slot <NUM>,jk2_init() Found child 5998 in scoreboard slot 6,[Mon Dec 05 13:45:01 2005] [notice] jk2_init() Found child 5998 in scoreboard slot 6
1706,2005-12-05 13:45:01,NOTICE,httpd,,,2,jk2_init() Found child <NUM> in scoreboard slot <NUM>,jk2_init() Found child 5999 in scoreboard slot 7,[Mon Dec 05 13:45:01 2005] [notice] jk2_init() Found child 5999 in scoreboard slot 7
1707,2005-12-05 13:45:08,NOTICE,httpd,,,0,workerEnv.init() ok <PATH>,workerEnv.init() ok /etc/httpd/conf/workers2.properties,[Mon Dec 05 13:45:08 2005] [notice] workerEnv.init() ok /etc/httpd/conf/workers2.properties
1708,2005-12-05 13:45:08,NOTICE,httpd,,,0,workerEnv.init() ok <PATH>,workerEnv.init() ok /etc/httpd/conf/workers2.properties,[Mon Dec 05 13:45:08 2005] [notice] workerEnv.init() ok /etc/httpd/conf/workers2.properties
1709,2005-12-05 13:45:08,NOTICE,httpd,,,0,workerEnv.init() ok <PATH>,workerEnv.init() ok /etc/httpd/conf/workers2.properties,[Mon Dec 05 13:45:08 2005] [notice] workerEnv.init() ok /etc/httpd/conf/workers2.properties
1710,2005-12-05 13:45:08,ERROR,httpd,,,1,mod_jk child workerEnv in error state <NUM>,mod_jk child workerEnv in error state 6,[Mon Dec 05 13:45:08 2005] [error] mod_jk child workerEnv in error state 6
1711,2005-12-05 13:45:08,ERROR,httpd,,,1,mod_jk child workerEnv in error state <NUM>,mod_jk child workerEnv in error state 8,[Mon Dec 05 13:45:08 2005] [error] mod_jk child workerEnv in error state 8
1712,2005-12-05 13:45:08,ERROR,httpd,,,1,mod_jk child workerEnv in error state <NUM>,mod_jk child workerEnv in error state 6,[Mon Dec 05 13:45:08 2005] [error] mod_jk child workerEnv in error state 6
1713,2005-12-05 13:46:20,NOTICE,httpd,,,2,jk2_init() Found child <NUM> in scoreboard slot <NUM>,jk2_init() Found child 6007 in scoreboard slot 7,[Mon Dec 05 13:46:20 2005] [notice] jk2_init() Found child 6007 in scoreboard slot 7
1714,2005-12-05 13:46:20,NOTICE,httpd,,,2,jk2_init() Found child <NUM> in scoreboard slot <NUM>,jk2_init() Found child 6006 in scoreboard slot 6,[Mon Dec 05 13:46:20 2005] [notice] jk2_init() Found child 6006 in scoreboard slot 6
1715,2005-12-05 13:46:20,NOTICE,httpd,,,2,jk2_init() Found child <NUM> in scoreboard slot <NUM>,jk2_init() Found child 6005 in scoreboard slot 9,[Mon Dec 05 13:46:20 2005] [notice] jk2_init() Found child 6005 in scoreboard slot 9
1716,2005-12-05 13:46:50,NOTICE,httpd,,,0,workerEnv.init() ok <PATH>,workerEnv.init() ok /etc/httpd/conf/workers2.properties,[Mon Dec 05 13:46:50 2005] [notice] workerEnv.init() ok /etc/httpd/conf/workers2.properties
1717,2005-12-05 13:47:06,NOTICE,httpd,,,2,jk2_init() Found child <NUM> in scoreboard slot <NUM>,jk2_init() Found child 6008 in scoreboard slot 8,[Mon Dec 05 13:47:06 2005] [notice] jk2_init() Found child 6008 in scoreboard slot 8
1718,2005-12-05 13:47:06,NOTICE,httpd,,,2,jk2_init() Found child <NUM> in scoreboard slot <NUM>,jk2_init() Found child 6009 in scoreboard slot 9,[Mon Dec 05 13:47:06 2005] [notice] jk2_init() Found child 6009 in scoreboard slot 9
1719,2005-12-05 13:47:09,NOTICE,httpd,,,2,jk2_init() Found child <NUM> in scoreboard slot <NUM>,jk2_init() Found child 6011 in scoreboard slot 7,[Mon Dec 05 13:47:09 2005] [notice] jk2_init() Found child 6011 in scoreboard slot 7
1720,2005-12-05 13:47:09,NOTICE,httpd,,,2,jk2_init() Found child <NUM> in scoreboard slot <NUM>,jk2_init() Found child 6010 in scoreboard slot 6,[Mon Dec 05 13:47:09 2005] [notice] jk2_init() Found child 6010 in scoreboard slot 6
1721,2005-12-05 13:47:11,NOTICE,httpd,,,0,workerEnv.init() ok <PATH>,workerEnv.init() ok /etc/httpd/conf/workers2.properties,[Mon Dec 05 13:47:11 2005] [notice] workerEnv.init() ok /etc/httpd/conf/workers2.properties
1722,2005-12-05 13:47:11,NOTICE,httpd,,,0,workerEnv.init() ok <PATH>,workerEnv.init() ok /etc/httpd/conf/workers2.properties,[Mon Dec 05 13:47:11 2005] [notice] workerEnv.init() ok /etc/httpd/conf/workers2.properties
1723,2005-12-05 13:47:11,NOTICE,httpd,,,0,workerEnv.init() ok <PATH>,workerEnv.init() ok /etc/httpd/conf/workers2.properties,[Mon Dec 05 13:47:11 2005] [notice] workerEnv.init() ok /etc/httpd/conf/workers2.properties
1724,2005-12-05 13:47:11,NOTICE,httpd,,,0,workerEnv.init() ok <PATH>,workerEnv.init() ok /etc/httpd/conf/workers2.properties,[Mon Dec 05 13:47:11 2005] [notice] workerEnv.init() ok /etc/httpd/conf/workers2.properties
1725,2005-12-05 13:47:11,ERROR,httpd,,,1,mod_jk child workerEnv in error state <NUM>,mod_jk child workerEnv in error state 7,[Mon Dec 05 13:47:11 2005] [error] mod_jk child workerEnv in error state 7
1726,2005-12-05 13:47:11,ERROR,httpd,,,1,mod_jk child workerEnv in error state <NUM>,mod_jk child workerEnv in error state 6,[Mon Dec 05 13:47:11 2005] [error] mod_jk child workerEnv in error state 6
1727,2005-12-05 13:47:11,ERROR,httpd,,,1,mod_jk child workerEnv in error state <NUM>,mod_jk child workerEnv in error state 7,[Mon Dec 05 13:47:11 2005] [error] mod_jk child workerEnv in error state 7
1728,2005-12-05 13:47:11,ERROR,httpd,,,1,mod_jk child workerEnv in error state <NUM>,mod_jk child workerEnv in error state 7,[Mon Dec 05 13:47:11 2005] [error] mod_jk child workerEnv in error state 7
1729,2005-12-05 13:51:17,NOTICE,httpd,,,2,jk2_init() Found child <NUM> in scoreboard slot <NUM>,jk2_init() Found child 6028 in scoreboard slot 9,[Mon Dec 05 13:51:17 2005] [notice] jk2_init() Found child 6028 in scoreboard slot 9
1730,2005-12-05 13:52:19,NOTICE,httpd,,,2,jk2_init() Found child <NUM> in scoreboard slot <NUM>,jk2_init() Found child 6036 in scoreboard slot 9,[Mon Dec 05 13:52:19 2005] [notice] jk2_init() Found child 6036 in scoreboard slot 9
1731,2005-12-05 13:52:19,NOTICE,httpd,,,2,jk2_init() Found child <NUM> in scoreboard slot <NUM>,jk2_init() Found child 6033 in scoreboard slot 6,[Mon Dec 05 13:52:19 2005] [notice] jk2_init() Found child 6033 in scoreboard slot 6
1732,2005-12-05 13:52:19,NOTICE,httpd,,,2,jk2_init() Found child <NUM> in scoreboard slot <NUM>,jk2_init() Found child 6035 in scoreboard slot 8,[Mon Dec 05 13:52:19 2005] [notice] jk2_init() Found child 6035 in scoreboard slot 8
1733,2005-12-05 13:52:19,NOTICE,httpd,,,2,jk2_init() Found child <NUM> in scoreboard slot <NUM>,jk2_init() Found child 6034 in scoreboard slot 7,[Mon Dec 05 13:52:19 2005] [notice] jk2_init() Found child 6034 in scoreboard slot 7
1734,2005-12-05 13:52:33,NOTICE,httpd,,,0,workerEnv.init() ok <PATH>,workerEnv.init() ok /etc/httpd/conf/workers2.properties,[Mon Dec 05 13:52:33 2005] [notice] workerEnv.init() ok /etc/httpd/conf/workers2.properties
1735,2005-12-05 13:52:33,NOTICE,httpd,,,0,workerEnv.init() ok <PATH>,workerEnv.init() ok /etc/httpd/conf/workers2.properties,[Mon Dec 05 13:52:33 2005] [notice] workerEnv.init() ok /etc/httpd/conf/workers2.properties
1736,2005-12-05 13:52:36,ERROR,httpd,,,1,mod_jk child workerEnv in error state <NUM>,mod_jk child workerEnv in error state 6,[Mon Dec 05 13:52:36 2005] [error] mod_jk child workerEnv in error state 6
1737,2005-12-05 13:52:36,ERROR,httpd,,,1,mod_jk child workerEnv in error state <NUM>,mod_jk child workerEnv in error state 6,[Mon Dec 05 13:52:36 2005] [error] mod_jk child workerEnv in error state 6
1738,2005-12-05 13:53:00,NOTICE,httpd,,,2,jk2_init() Found child <NUM> in scoreboard slot <NUM>,jk2_init() Found child 6038 in scoreboard slot 7,[Mon Dec 05 13:53:00 2005] [notice] jk2_init() Found child 6038 in scoreboard slot 7
1739,2005-12-05 13:53:00,NOTICE,httpd,,,2,jk2_init() Found child <NUM> in scoreboard slot <NUM>,jk2_init() Found child 6037 in scoreboard slot 6,[Mon Dec 05 13:53:00 2005] [notice] jk2_init() Found child 6037 in scoreboard slot 6
1740,2005-12-05 13:53:00,NOTICE,httpd,,,2,jk2_init() Found child <NUM> in scoreboard slot <NUM>,jk2_init() Found child 6039 in scoreboard slot 10,[Mon Dec 05 13:53:00 2005] [notice] jk2_init() Found child 6039 in scoreboard slot 10
1741,2005-12-05 13:53:31,NOTICE,httpd,,,2,jk2_init() Found child <NUM> in scoreboard slot <NUM>,jk2_init() Found child 6043 in scoreboard slot 9,[Mon Dec 05 13:53:31 2005] [notice] jk2_init() Found child 6043 in scoreboard slot 9
1742,2005-12-05 13:53:31,NOTICE,httpd,,,2,jk2_init() Found child <NUM> in scoreboard slot <NUM>,jk2_init() Found child 6042 in scoreboard slot 7,[Mon Dec 05 13:53:31 2005] [notice] jk2_init() Found child 6042 in scoreboard slot 7
1743,2005-12-05 13:53:31,NOTICE,httpd,,,2,jk2_init() Found child <NUM> in scoreboard slot <NUM>,jk2_init() Found child 6041 in scoreboard slot 6,[Mon Dec 05 13:53:31 2005] [notice] jk2_init() Found child 6041 in scoreboard slot 6
1744,2005-12-05 13:53:34,NOTICE,httpd,,,2,jk2_init() Found child <NUM> in scoreboard slot <NUM>,jk2_init() Found child 6044 in scoreboard slot 8,[Mon Dec 05 13:53:34 2005] [notice] jk2_init() Found child 6044 in scoreboard slot 8
1745,2005-12-05 13:53:35,NOTICE,httpd,,,0,workerEnv.init() ok <PATH>,workerEnv.init() ok /etc/httpd/conf/workers2.properties,[Mon Dec 05 13:53:35 2005] [notice] workerEnv.init() ok /etc/httpd/conf/workers2.properties
1746,2005-12-05 13:53:35,NOTICE,httpd,,,0,workerEnv.init() ok <PATH>,workerEnv.init() ok /etc/httpd/conf/workers2.properties,[Mon Dec 05 13:53:35 2005] [notice] workerEnv.init() ok /etc/httpd/conf/workers2.properties
1747,2005-12-05 13:53:35,NOTICE,httpd,,,0,workerEnv.init() ok <PATH>,workerEnv.init() ok /etc/httpd/conf/workers2.properties,[Mon Dec 05 13:53:35 2005] [notice] workerEnv.init() ok /etc/httpd/conf/workers2.properties
1748,2005-12-05 13:53:35,NOTICE,httpd,,,0,workerEnv.init() ok <PATH>,workerEnv.init() ok /etc/httpd/conf/workers2.properties,[Mon Dec 05 13:53:35 2005] [notice] workerEnv.init() ok /etc/httpd/conf/workers2.properties
1749,2005-12-05 13:53:35,ERROR,httpd,,,1,mod_jk child workerEnv in error state <NUM>,mod_jk child workerEnv in error state 6,[Mon Dec 05 13:53:35 2005] [error] mod_jk child workerEnv in error state 6
1750,2005-12-05 13:53:35,ERROR,httpd,,,1,mod_jk child workerEnv in error state <NUM>,mod_jk child workerEnv in error state 8,[Mon Dec 05 13:53:35 2005] [error] mod_jk child workerEnv in error state 8
1751,2005-12-05 13:53:35,ERROR,httpd,,,1,mod_jk child workerEnv in error state <NUM>,mod_jk child workerEnv in error state 6,[Mon Dec 05 13:53:35 2005] [error] mod_jk child workerEnv in error state 6
1752,2005-12-05 13:53:35,ERROR,httpd,,,1,mod_jk child workerEnv in error state <NUM>,mod_jk child workerEnv in error state 8,[Mon Dec 05 13:53:35 2005] [error] mod_jk child workerEnv in error state 8
1753,2005-12-05 13:56:21,NOTICE,httpd,,,2,jk2_init() Found child <NUM> in scoreboard slot <NUM>,jk2_init() Found child 6052 in scoreboard slot 6,[Mon Dec 05 13:56:21 2005] [notice] jk2_init() Found child 6052 in scoreboard slot 6
1754,2005-12-05 13:56:38,NOTICE,httpd,,,2,jk2_init() Found child <NUM> in scoreboard slot <NUM>,jk2_init() Found child 6053 in scoreboard slot 7,[Mon Dec 05 13:56:38 2005] [notice] jk2_init() Found child 6053 in scoreboard slot 7
1755,2005-12-05 13:57:07,NOTICE,httpd,,,2,jk2_init() Found child <NUM> in scoreboard slot <NUM>,jk2_init() Found child 6054 in scoreboard slot 9,[Mon Dec 05 13:57:07 2005] [notice] jk2_init() Found child 6054 in scoreboard slot 9
1756,2005-12-05 13:57:07,NOTICE,httpd,,,2,jk2_init() Found child <NUM> in scoreboard slot <NUM>,jk2_init() Found child 6055 in scoreboard slot 8,[Mon Dec 05 13:57:07 2005] [notice] jk2_init() Found child 6055 in scoreboard slot 8
1757,2005-12-05 13:58:31,NOTICE,httpd,,,2,jk2_init() Found child <NUM> in scoreboard slot <NUM>,jk2_init() Found child 6063 in scoreboard slot 8,[Mon Dec 05 13:58:31 2005] [notice] jk2_init() Found child 6063 in scoreboard slot 8
1758,2005-12-05 13:58:31,NOTICE,httpd,,,2,jk2_init() Found child <NUM> in scoreboard slot <NUM>,jk2_init() Found child 6062 in scoreboard slot 9,[Mon Dec 05 13:58:31 2005] [notice] jk2_init() Found child 6062 in scoreboard slot 9
1759,2005-12-05 13:59:43,NOTICE,httpd,,,2,jk2_init() Found child <NUM> in scoreboard slot <NUM>,jk2_init() Found child 6069 in scoreboard slot 7,[Mon Dec 05 13:59:43 2005] [notice] jk2_init() Found child 6069 in scoreboard slot 7
1760,2005-12-05 13:59:43,NOTICE,httpd,,,2,jk2_init() Found child <NUM> in scoreboard slot <NUM>,jk2_init() Found child 6070 in scoreboard slot 9,[Mon Dec 05 13:59:43 2005] [notice] jk2_init() Found child 6070 in scoreboard slot 9
1761,2005-12-05 13:59:43,NOTICE,httpd,,,2,jk2_init() Found child <NUM> in scoreboard slot <NUM>,jk2_init() Found child 6071 in scoreboard slot 8,[Mon Dec 05 13:59:43 2005] [notice] jk2_init() Found child 6071 in scoreboard slot 8
1762,2005-12-05 14:01:47,NOTICE,httpd,,,2,jk2_init() Found child <NUM> in scoreboard slot <NUM>,jk2_init() Found child 6100 in scoreboard slot 7,[Mon Dec 05 14:01:47 2005] [notice] jk2_init() Found child 6100 in scoreboard slot 7
1763,2005-12-05 14:01:47,NOTICE,httpd,,,2,jk2_init() Found child <NUM> in scoreboard slot <NUM>,jk2_init() Found child 6101 in scoreboard slot 8,[Mon Dec 05 14:01:47 2005] [notice] jk2_init() Found child 6101 in scoreboard slot 8
1764,2005-12-05 14:01:47,NOTICE,httpd,,,2,jk2_init() Found child <NUM> in scoreboard slot <NUM>,jk2_init() Found child 6099 in scoreboard slot 6,[Mon Dec 05 14:01:47 2005] [notice] jk2_init() Found child 6099 in scoreboard slot 6
1765,2005-12-05 14:01:48,NOTICE,httpd,,,0,workerEnv.init() ok <PATH>,workerEnv.init() ok /etc/httpd/conf/workers2.properties,[Mon Dec 05 14:01:48 2005] [notice] workerEnv.init() ok /etc/httpd/conf/workers2.properties
1766,2005-12-05 14:01:48,ERROR,httpd,,,1,mod_jk child workerEnv in error state <NUM>,mod_jk child workerEnv in error state 7,[Mon Dec 05 14:01:48 2005] [error] mod_jk child workerEnv in error state 7
1767,2005-12-05 14:01:48,NOTICE,httpd,,,0,workerEnv.init() ok <PATH>,workerEnv.init() ok /etc/httpd/conf/workers2.properties,[Mon Dec 05 14:01:48 2005] [notice] workerEnv.init() ok /etc/httpd/conf/workers2.properties
1768,2005-12-05 14:01:48,ERROR,httpd,,,1,mod_jk child workerEnv in error state <NUM>,mod_jk child workerEnv in error state 9,[Mon Dec 05 14:01:48 2005] [error] mod_jk child workerEnv in error state 9
1769,2005-12-05 14:01:48,NOTICE,httpd,,,0,workerEnv.init() ok <PATH>,workerEnv.init() ok /etc/httpd/conf/workers2.properties,[Mon Dec 05 14:01:48 2005] [notice] workerEnv.init() ok /etc/httpd/conf/workers2.properties
1770,2005-12-05 14:01:48,ERROR,httpd,,,1,mod_jk child workerEnv in error state <NUM>,mod_jk child workerEnv in error state 8,[Mon Dec 05 14:01:48 2005] [error] mod_jk child workerEnv in error state 8
1771,2005-12-05 14:11:40,NOTICE,httpd,,,2,jk2_init() Found child <NUM> in scoreboard slot <NUM>,jk2_init() Found child 6115 in scoreboard slot 10,[Mon Dec 05 14:11:40 2005] [notice] jk2_init() Found child 6115 in scoreboard slot 10
1772,2005-12-05 14:11:43,ERROR,httpd,,,3,[client <IP>] Directory index forbidden by rule: <PATH>,[client 141.154.18.244] Directory index forbidden by rule: /var/www/html/,[Mon Dec 05 14:11:43 2005] [error] [client 141.154.18.244] Directory index forbidden by rule: /var/www/html/
1773,2005-12-05 14:11:45,NOTICE,httpd,,,0,workerEnv.init() ok <PATH>,workerEnv.init() ok /etc/httpd/conf/workers2.properties,[Mon Dec 05 14:11:45 2005] [notice] workerEnv.init() ok /etc/httpd/conf/workers2.properties
1774,2005-12-05 14:11:45,ERROR,httpd,,,1,mod_jk child workerEnv in error state <NUM>,mod_jk child workerEnv in error state 7,[Mon Dec 05 14:11:45 2005] [error] mod_jk child workerEnv in error state 7
1775,2005-12-05 15:31:06,NOTICE,httpd,,,2,jk2_init() Found child <NUM> in scoreboard slot <NUM>,jk2_init() Found child 6259 in scoreboard slot 6,[Mon Dec 05 15:31:06 2005] [notice] jk2_init() Found child 6259 in scoreboard slot 6
1776,2005-12-05 15:31:06,NOTICE,httpd,,,2,jk2_init() Found child <NUM> in scoreboard slot <NUM>,jk2_init() Found child 6260 in scoreboard slot 7,[Mon Dec 05 15:31:06 2005] [notice] jk2_init() Found child 6260 in scoreboard slot 7
1777,2005-12-05 15:31:09,NOTICE,httpd,,,2,jk2_init() Found child <NUM> in scoreboard slot <NUM>,jk2_init() Found child 6261 in scoreboard slot 8,[Mon Dec 05 15:31:09 2005] [notice] jk2_init() Found child 6261 in scoreboard slot 8
1778,2005-12-05 15:31:10,NOTICE,httpd,,,0,workerEnv.init() ok <PATH>,workerEnv.init() ok /etc/httpd/conf/workers2.properties,[Mon Dec 05 15:31:10 2005] [notice] workerEnv.init() ok /etc/httpd/conf/workers2.properties
1779,2005-12-05 15:31:10,ERROR,httpd,,,1,mod_jk child workerEnv in error state <NUM>,mod_jk child workerEnv in error state 6,[Mon Dec 05 15:31:10 2005] [error] mod_jk child workerEnv in error state 6
1780,2005-12-05 15:31:10,NOTICE,httpd,,,0,workerEnv.init() ok <PATH>,workerEnv.init() ok /etc/httpd/conf/workers2.properties,[Mon Dec 05 15:31:10 2005] [notice] workerEnv.init() ok /etc/httpd/conf/workers2.properties
1781,2005-12-05 15:31:10,ERROR,httpd,,,1,mod_jk child workerEnv in error state <NUM>,mod_jk child workerEnv in error state 6,[Mon Dec 05 15:31:10 2005] [error] mod_jk child workerEnv in error state 6
1782,2005-12-05 15:31:10,NOTICE,httpd,,,0,workerEnv.init() ok <PATH>,workerEnv.init() ok /etc/httpd/conf/workers2.properties,[Mon Dec 05 15:31:10 2005] [notice] workerEnv.init() ok /etc/httpd/conf/workers2.properties
1783,2005-12-05 15:31:10,ERROR,httpd,,,1,mod_jk child workerEnv in error state <NUM>,mod_jk child workerEnv in error state 6,[Mon Dec 05 15:31:10 2005] [error] mod_jk child workerEnv in error state 6
1784,2005-12-05 15:40:59,NOTICE,httpd,,,2,jk2_init() Found child <NUM> in scoreboard slot <NUM>,jk2_init() Found child 6277 in scoreboard slot 7,[Mon Dec 05 15:40:59 2005] [notice] jk2_init() Found child 6277 in scoreboard slot 7
1785,2005-12-05 15:40:59,NOTICE,httpd,,,2,jk2_init() Found child <NUM> in scoreboard slot <NUM>,jk2_init() Found child 6276 in scoreboard slot 6,[Mon Dec 05 15:40:59 2005] [notice] jk2_init() Found child 6276 in scoreboard slot 6
1786,2005-12-05 15:41:32,NOTICE,httpd,,,2,jk2_init() Found child <NUM> in scoreboard slot <NUM>,jk2_init() Found child 6280 in scoreboard slot 7,[Mon Dec 05 15:41:32 2005] [notice] jk2_init() Found child 6280 in scoreboard slot 7
1787,2005-12-05 15:41:32,NOTICE,httpd,,,2,jk2_init() Found child <NUM> in scoreboard slot <NUM>,jk2_init() Found child 6278 in scoreboard slot 8,[Mon Dec 05 15:41:32 2005] [notice] jk2_init() Found child 6278 in scoreboard slot 8
1788,2005-12-05 15:41:32,NOTICE,httpd,,,2,jk2_init() Found child <NUM> in scoreboard slot <NUM>,jk2_init() Found child 6279 in scoreboard slot 6,[Mon Dec 05 15:41:32 2005] [notice] jk2_init() Found child 6279 in scoreboard slot 6
1789,2005-12-05 15:41:32,NOTICE,httpd,,,0,workerEnv.init() ok <PATH>,workerEnv.init() ok /etc/httpd/conf/workers2.properties,[Mon Dec 05 15:41:32 2005] [notice] workerEnv.init() ok /etc/httpd/conf/workers2.properties
1790,2005-12-05 15:41:32,ERROR,httpd,,,1,mod_jk child workerEnv in error state <NUM>,mod_jk child workerEnv in error state 7,[Mon Dec 05 15:41:32 2005] [error] mod_jk child workerEnv in error state 7
1791,2005-12-05 15:41:32,NOTICE,httpd,,,0,workerEnv.init() ok <PATH>,workerEnv.init() ok /etc/httpd/conf/workers2.properties,[Mon Dec 05 15:41:32 2005] [notice] workerEnv.init() ok /etc/httpd/conf/workers2.properties
1792,2005-12-05 15:41:32,ERROR,httpd,,,1,mod_jk child workerEnv in error state <NUM>,mod_jk child workerEnv in error state 6,[Mon Dec 05 15:41:32 2005] [error] mod_jk child workerEnv in error state 6
1793,2005-12-05 15:41:32,NOTICE,httpd,,,0,workerEnv.init() ok <PATH>,workerEnv.init() ok /etc/httpd/conf/workers2.properties,[Mon Dec 05 15:41:32 2005] [notice] workerEnv.init() ok /etc/httpd/conf/workers2.properties
1794,2005-12-05 15:41:32,ERROR,httpd,,,1,mod_jk child workerEnv in error state <NUM>,mod_jk child workerEnv in error state 7,[Mon Dec 05 15:41:32 2005] [error] mod_jk child workerEnv in error state 7
1795,2005-12-05 15:45:42,NOTICE,httpd,,,2,jk2_init() Found child <NUM> in scoreboard slot <NUM>,jk2_init() Found child 6285 in scoreboard slot 8,[Mon Dec 05 15:45:42 2005] [notice] jk2_init() Found child 6285 in scoreboard slot 8
1796,2005-12-05 15:45:44,NOTICE,httpd,,,0,workerEnv.init() ok <PATH>,workerEnv.init() ok /etc/httpd/conf/workers2.properties,[Mon Dec 05 15:45:44 2005] [notice] workerEnv.init() ok /etc/httpd/conf/workers2.properties
1797,2005-12-05 15:45:44,ERROR,httpd,,,1,mod_jk child workerEnv in error state <NUM>,mod_jk child workerEnv in error state 6,[Mon Dec 05 15:45:44 2005] [error] mod_jk child workerEnv in error state 6
1798,2005-12-05 15:50:53,NOTICE,httpd,,,2,jk2_init() Found child <NUM> in scoreboard slot <NUM>,jk2_init() Found child 6293 in scoreboard slot 6,[Mon Dec 05 15:50:53 2005] [notice] jk2_init() Found child 6293 in scoreboard slot 6
1799,2005-12-05 15:50:53,NOTICE,httpd,,,2,jk2_init() Found child <NUM> in scoreboard slot <NUM>,jk2_init() Found child 6294 in scoreboard slot 7,[Mon Dec 05 15:50:53 2005] [notice] jk2_init() Found child 6294 in scoreboard slot 7
1800,2005-12-05 15:51:18,NOTICE,httpd,,,2,jk2_init() Found child <NUM> in scoreboard slot <NUM>,jk2_init() Found child 6297 in scoreboard slot 7,[Mon Dec 05 15:51:18 2005] [notice] jk2_init() Found child 6297 in scoreboard slot 7
1801,2005-12-05 15:51:18,NOTICE,httpd,,,2,jk2_init() Found child <NUM> in scoreboard slot <NUM>,jk2_init() Found child 6295 in scoreboard slot 8,[Mon Dec 05 15:51:18 2005] [notice] jk2_init() Found child 6295 in scoreboard slot 8
1802,2005-12-05 15:51:18,NOTICE,httpd,,,2,jk2_init() Found child <NUM> in scoreboard slot <NUM>,jk2_init() Found child 6296 in scoreboard slot 6,[Mon Dec 05 15:51:18 2005] [notice] jk2_init() Found child 6296 in scoreboard slot 6
1803,2005-12-05 15:51:20,NOTICE,httpd,,,0,workerEnv.init() ok <PATH>,workerEnv.init() ok /etc/httpd/conf/workers2.properties,[Mon Dec 05 15:51:20 2005] [notice] workerEnv.init() ok /etc/httpd/conf/workers2.properties
1804,2005-12-05 15:51:20,ERROR,httpd,,,1,mod_jk child workerEnv in error state <NUM>,mod_jk child workerEnv in error state 7,[Mon Dec 05 15:51:20 2005] [error] mod_jk child workerEnv in error state 7
1805,2005-12-05 15:51:20,NOTICE,httpd,,,0,workerEnv.init() ok <PATH>,workerEnv.init() ok /etc/httpd/conf/workers2.properties,[Mon Dec 05 15:51:20 2005] [notice] workerEnv.init() ok /etc/httpd/conf/workers2.properties
1806,2005-12-05 15:51:20,ERROR,httpd,,,1,mod_jk child workerEnv in error state <NUM>,mod_jk child workerEnv in error state 7,[Mon Dec 05 15:51:20 2005] [error] mod_jk child workerEnv in error state 7
1807,2005-12-05 15:51:20,NOTICE,httpd,,,0,workerEnv.init() ok <PATH>,workerEnv.init() ok /etc/httpd/conf/workers2.properties,[Mon Dec 05 15:51:20 2005] [notice] workerEnv.init() ok /etc/httpd/conf/workers2.properties
1808,2005-12-05 15:51:20,ERROR,httpd,,,1,mod_jk child workerEnv in error state <NUM>,mod_jk child workerEnv in error state 6,[Mon Dec 05 15:51:20 2005] [error] mod_jk child workerEnv in error state 6
1809,2005-12-05 15:55:31,NOTICE,httpd,,,2,jk2_init() Found child <NUM> in scoreboard slot <NUM>,jk2_init() Found child 6302 in scoreboard slot 8,[Mon Dec 05 15:55:31 2005] [notice] jk2_init() Found child 6302 in scoreboard slot 8
1810,2005-12-05 15:55:32,NOTICE,httpd,,,0,workerEnv.init() ok <PATH>,workerEnv.init() ok /etc/httpd/conf/workers2.properties,[Mon Dec 05 15:55:32 2005] [notice] workerEnv.init() ok /etc/httpd/conf/workers2.properties
1811,2005-12-05 15:55:32,ERROR,httpd,,,1,mod_jk child workerEnv in error state <NUM>,mod_jk child workerEnv in error state 6,[Mon Dec 05 15:55:32 2005] [error] mod_jk child workerEnv in error state 6
1812,2005-12-05 16:01:17,NOTICE,httpd,,,2,jk2_init() Found child <NUM> in scoreboard slot <NUM>,jk2_init() Found child 6310 in scoreboard slot 6,[Mon Dec 05 16:01:17 2005] [notice] jk2_init() Found child 6310 in scoreboard slot 6
1813,2005-12-05 16:02:00,NOTICE,httpd,,,2,jk2_init() Found child <NUM> in scoreboard slot <NUM>,jk2_init() Found child 6315 in scoreboard slot 6,[Mon Dec 05 16:02:00 2005] [notice] jk2_init() Found child 6315 in scoreboard slot 6
1814,2005-12-05 16:02:00,NOTICE,httpd,,,2,jk2_init() Found child <NUM> in scoreboard slot <NUM>,jk2_init() Found child 6316 in scoreboard slot 7,[Mon Dec 05 16:02:00 2005] [notice] jk2_init() Found child 6316 in scoreboard slot 7
1815,2005-12-05 16:02:00,NOTICE,httpd,,,2,jk2_init() Found child <NUM> in scoreboard slot <NUM>,jk2_init() Found child 6314 in scoreboard slot 8,[Mon Dec 05 16:02:00 2005] [notice] jk2_init() Found child 6314 in scoreboard slot 8
1816,2005-12-05 16:02:02,NOTICE,httpd,,,0,workerEnv.init() ok <PATH>,workerEnv.init() ok /etc/httpd/conf/workers2.properties,[Mon Dec 05 16:02:02 2005] [notice] workerEnv.init() ok /etc/httpd/conf/workers2.properties
1817,2005-12-05 16:02:02,NOTICE,httpd,,,0,workerEnv.init() ok <PATH>,workerEnv.init() ok /etc/httpd/conf/workers2.properties,[Mon Dec 05 16:02:02 2005] [notice] workerEnv.init() ok /etc/httpd/conf/workers2.properties
1818,2005-12-05 16:02:02,NOTICE,httpd,,,0,workerEnv.init() ok <PATH>,workerEnv.init() ok /etc/httpd/conf/workers2.properties,[Mon Dec 05 16:02:02 2005] [notice] workerEnv.init() ok /etc/httpd/conf/workers2.properties
1819,2005-12-05 16:02:02,ERROR,httpd,,,1,mod_jk child workerEnv in error state <NUM>,mod_jk child workerEnv in error state 6,[Mon Dec 05 16:02:02 2005] [error] mod_jk child workerEnv in error state 6
1820,2005-12-05 16:02:02,ERROR,httpd,,,1,mod_jk child workerEnv in error state <NUM>,mod_jk child workerEnv in error state 7,[Mon Dec 05 16:02:02 2005] [error] mod_jk child workerEnv in error state 7
1821,2005-12-05 16:02:02,ERROR,httpd,,,1,mod_jk child workerEnv in error state <NUM>,mod_jk child workerEnv in error state 6,[Mon Dec 05 16:02:02 2005] [error] mod_jk child workerEnv in error state 6
1822,2005-12-05 16:06:07,NOTICE,httpd,,,2,jk2_init() Found child <NUM> in scoreboard slot <NUM>,jk2_init() Found child 6333 in scoreboard slot 8,[Mon Dec 05 16:06:07 2005] [notice] jk2_init() Found child 6333 in scoreboard slot 8
1823,2005-12-05 16:06:21,NOTICE,httpd,,,2,jk2_init() Found child <NUM> in scoreboard slot <NUM>,jk2_init() Found child 6335 in scoreboard slot 7,[Mon Dec 05 16:06:21 2005] [notice] jk2_init() Found child 6335 in scoreboard slot 7
1824,2005-12-05 16:07:08,NOTICE,httpd,,,2,jk2_init() Found child <NUM> in scoreboard slot <NUM>,jk2_init() Found child 6339 in scoreboard slot 8,[Mon Dec 05 16:07:08 2005] [notice] jk2_init() Found child 6339 in scoreboard slot 8
1825,2005-12-05 16:07:08,NOTICE,httpd,,,2,jk2_init() Found child <NUM> in scoreboard slot <NUM>,jk2_init() Found child 6340 in scoreboard slot 6,[Mon Dec 05 16:07:08 2005] [notice] jk2_init() Found child 6340 in scoreboard slot 6
1826,2005-12-05 16:07:08,NOTICE,httpd,,,2,jk2_init() Found child <NUM> in scoreboard slot <NUM>,jk2_init() Found child 6338 in scoreboard slot 7,[Mon Dec 05 16:07:08 2005] [notice] jk2_init() Found child 6338 in scoreboard slot 7
1827,2005-12-05 16:07:09,NOTICE,httpd,,,0,workerEnv.init() ok <PATH>,workerEnv.init() ok /etc/httpd/conf/workers2.properties,[Mon Dec 05 16:07:09 2005] [notice] workerEnv.init() ok /etc/httpd/conf/workers2.properties
1828,2005-12-05 16:07:09,ERROR,httpd,,,1,mod_jk child workerEnv in error state <NUM>,mod_jk child workerEnv in error state 7,[Mon Dec 05 16:07:09 2005] [error] mod_jk child workerEnv in error state 7
1829,2005-12-05 16:07:09,NOTICE,httpd,,,0,workerEnv.init() ok <PATH>,workerEnv.init() ok /etc/httpd/conf/workers2.properties,[Mon Dec 05 16:07:09 2005] [notice] workerEnv.init() ok /etc/httpd/conf/workers2.properties
1830,2005-12-05 16:07:09,ERROR,httpd,,,1,mod_jk child workerEnv in error state <NUM>,mod_jk child workerEnv in error state 6,[Mon Dec 05 16:07:09 2005] [error] mod_jk child workerEnv in error state 6
1831,2005-12-05 16:07:09,NOTICE,httpd,,,0,workerEnv.init() ok <PATH>,workerEnv.init() ok /etc/httpd/conf/workers2.properties,[Mon Dec 05 16:07:09 2005] [notice] workerEnv.init() ok /etc/httpd/conf/workers2.properties
1832,2005-12-05 16:07:09,ERROR,httpd,,,1,mod_jk child workerEnv in error state <NUM>,mod_jk child workerEnv in error state 7,[Mon Dec 05 16:07:09 2005] [error] mod_jk child workerEnv in error state 7
1833,2005-12-05 16:10:43,NOTICE,httpd,,,2,jk2_init() Found child <NUM> in scoreboard slot <NUM>,jk2_init() Found child 6351 in scoreboard slot 8,[Mon Dec 05 16:10:43 2005] [notice] jk2_init() Found child 6351 in scoreboard slot 8
1834,2005-12-05 16:10:43,NOTICE,httpd,,,2,jk2_init() Found child <NUM> in scoreboard slot <NUM>,jk2_init() Found child 6350 in scoreboard slot 7,[Mon Dec 05 16:10:43 2005] [notice] jk2_init() Found child 6350 in scoreboard slot 7
1835,2005-12-05 16:10:44,NOTICE,httpd,,,0,workerEnv.init() ok <PATH>,workerEnv.init() ok /etc/httpd/conf/workers2.properties,[Mon Dec 05 16:10:44 2005] [notice] workerEnv.init() ok /etc/httpd/conf/workers2.properties
1836,2005-12-05 16:10:44,ERROR,httpd,,,1,mod_jk child workerEnv in error state <NUM>,mod_jk child workerEnv in error state 6,[Mon Dec 05 16:10:44 2005] [error] mod_jk child workerEnv in error state 6
1837,2005-12-05 16:10:44,NOTICE,httpd,,,0,workerEnv.init() ok <PATH>,workerEnv.init() ok /etc/httpd/conf/workers2.properties,[Mon Dec 05 16:10:44 2005] [notice] workerEnv.init() ok /etc/httpd/conf/workers2.properties
1838,2005-12-05 16:10:44,ERROR,httpd,,,1,mod_jk child workerEnv in error state <NUM>,mod_jk child workerEnv in error state 6,[Mon Dec 05 16:10:44 2005] [error] mod_jk child workerEnv in error state 6
1839,2005-12-05 16:16:34,NOTICE,httpd,,,2,jk2_init() Found child <NUM> in scoreboard slot <NUM>,jk2_init() Found child 6368 in scoreboard slot 8,[Mon Dec 05 16:16:34 2005] [notice] jk2_init() Found child 6368 in scoreboard slot 8
1840,2005-12-05 16:16:34,NOTICE,httpd,,,2,jk2_init() Found child <NUM> in scoreboard slot <NUM>,jk2_init() Found child 6367 in scoreboard slot 7,[Mon Dec 05 16:16:34 2005] [notice] jk2_init() Found child 6367 in scoreboard slot 7
1841,2005-12-05 16:16:34,NOTICE,httpd,,,2,jk2_init() Found child <NUM> in scoreboard slot <NUM>,jk2_init() Found child 6366 in scoreboard slot 6,[Mon Dec 05 16:16:34 2005] [notice] jk2_init() Found child 6366 in scoreboard slot 6
1842,2005-12-05 16:16:36,NOTICE,httpd,,,0,workerEnv.init() ok <PATH>,workerEnv.init() ok /etc/httpd/conf/workers2.properties,[Mon Dec 05 16:16:36 2005] [notice] workerEnv.init() ok /etc/httpd/conf/workers2.properties
1843,2005-12-05 16:16:36,ERROR,httpd,,,1,mod_jk child workerEnv in error state <NUM>,mod_jk child workerEnv in error state 6,[Mon Dec 05 16:16:36 2005] [error] mod_jk child workerEnv in error state 6
1844,2005-12-05 16:16:36,NOTICE,httpd,,,0,workerEnv.init() ok <PATH>,workerEnv.init() ok /etc/httpd/conf/workers2.properties,[Mon Dec 05 16:16:36 2005] [notice] workerEnv.init() ok /etc/httpd/conf/workers2.properties
1845,2005-12-05 16:16:36,ERROR,httpd,,,1,mod_jk child workerEnv in error state <NUM>,mod_jk child workerEnv in error state 6,[Mon Dec 05 16:16:36 2005] [error] mod_jk child workerEnv in error state 6
1846,2005-12-05 16:16:36,NOTICE,httpd,,,0,workerEnv.init() ok <PATH>,workerEnv.init() ok /etc/httpd/conf/workers2.properties,[Mon Dec 05 16:16:36 2005] [notice] workerEnv.init() ok /etc/httpd/conf/workers2.properties
1847,2005-12-05 16:16:36,ERROR,httpd,,,1,mod_jk child workerEnv in error state <NUM>,mod_jk child workerEnv in error state 6,[Mon Dec 05 16:16:36 2005] [error] mod_jk child workerEnv in error state 6
1848,2005-12-05 16:21:25,NOTICE,httpd,,,2,jk2_init() Found child <NUM> in scoreboard slot <NUM>,jk2_init() Found child 6387 in scoreboard slot 7,[Mon Dec 05 16:21:25 2005] [notice] jk2_init() Found child 6387 in scoreboard slot 7
1849,2005-12-05 16:21:25,NOTICE,httpd,,,2,jk2_init() Found child <NUM> in scoreboard slot <NUM>,jk2_init() Found child 6386 in scoreboard slot 6,[Mon Dec 05 16:21:25 2005] [notice] jk2_init() Found child 6386 in scoreboard slot 6
1850,2005-12-05 16:21:25,NOTICE,httpd,,,2,jk2_init() Found child <NUM> in scoreboard slot <NUM>,jk2_init() Found child 6385 in scoreboard slot 8,[Mon Dec 05 16:21:25 2005] [notice] jk2_init() Found child 6385 in scoreboard slot 8
1851,2005-12-05 16:21:29,NOTICE,httpd,,,0,workerEnv.init() ok <PATH>,workerEnv.init() ok /etc/httpd/conf/workers2.properties,[Mon Dec 05 16:21:29 2005] [notice] workerEnv.init() ok /etc/httpd/conf/workers2.properties
1852,2005-12-05 16:21:29,ERROR,httpd,,,1,mod_jk child workerEnv in error state <NUM>,mod_jk child workerEnv in error state 6,[Mon Dec 05 16:21:29 2005] [error] mod_jk child workerEnv in error state 6
1853,2005-12-05 16:21:29,NOTICE,httpd,,,0,workerEnv.init() ok <PATH>,workerEnv.init() ok /etc/httpd/conf/workers2.properties,[Mon Dec 05 16:21:29 2005] [notice] workerEnv.init() ok /etc/httpd/conf/workers2.properties
1854,2005-12-05 16:21:29,ERROR,httpd,,,1,mod_jk child workerEnv in error state <NUM>,mod_jk child workerEnv in error state 6,[Mon Dec 05 16:21:29 2005] [error] mod_jk child workerEnv in error state 6
1855,2005-12-05 16:21:29,NOTICE,httpd,,,0,workerEnv.init() ok <PATH>,workerEnv.init() ok /etc/httpd/conf/workers2.properties,[Mon Dec 05 16:21:29 2005] [notice] workerEnv.init() ok /etc/httpd/conf/workers2.properties
1856,2005-12-05 16:21:29,ERROR,httpd,,,1,mod_jk child workerEnv in error state <NUM>,mod_jk child workerEnv in error state 6,[Mon Dec 05 16:21:29 2005] [error] mod_jk child workerEnv in error state 6
1857,2005-12-05 16:26:00,NOTICE,httpd,,,2,jk2_init() Found child <NUM> in scoreboard slot <NUM>,jk2_init() Found child 6400 in scoreboard slot 7,[Mon Dec 05 16:26:00 2005] [notice] jk2_init() Found child 6400 in scoreboard slot 7
1858,2005-12-05 16:26:00,NOTICE,httpd,,,2,jk2_init() Found child <NUM> in scoreboard slot <NUM>,jk2_init() Found child 6399 in scoreboard slot 6,[Mon Dec 05 16:26:00 2005] [notice] jk2_init() Found child 6399 in scoreboard slot 6
1859,2005-12-05 16:26:00,NOTICE,httpd,,,2,jk2_init() Found child <NUM> in scoreboard slot <NUM>,jk2_init() Found child 6398 in scoreboard slot 8,[Mon Dec 05 16:26:00 2005] [notice] jk2_init() Found child 6398 in scoreboard slot 8
1860,2005-12-05 16:26:05,NOTICE,httpd,,,0,workerEnv.init() ok <PATH>,workerEnv.init() ok /etc/httpd/conf/workers2.properties,[Mon Dec 05 16:26:05 2005] [notice] workerEnv.init() ok /etc/httpd/conf/workers2.properties
1861,2005-12-05 16:26:05,ERROR,httpd,,,1,mod_jk child workerEnv in error state <NUM>,mod_jk child workerEnv in error state 6,[Mon Dec 05 16:26:05 2005] [error] mod_jk child workerEnv in error state 6
1862,2005-12-05 16:26:05,NOTICE,httpd,,,0,workerEnv.init() ok <PATH>,workerEnv.init() ok /etc/httpd/conf/workers2.properties,[Mon Dec 05 16:26:05 2005] [notice] workerEnv.init() ok /etc/httpd/conf/workers2.properties
1863,2005-12-05 16:26:05,ERROR,httpd,,,1,mod_jk child workerEnv in error state <NUM>,mod_jk child workerEnv in error state 6,[Mon Dec 05 16:26:05 2005] [error] mod_jk child workerEnv in error state 6
1864,2005-12-05 16:26:05,NOTICE,httpd,,,0,workerEnv.init() ok <PATH>,workerEnv.init() ok /etc/httpd/conf/workers2.properties,[Mon Dec 05 16:26:05 2005] [notice] workerEnv.init() ok /etc/httpd/conf/workers2.properties
1865,2005-12-05 16:26:05,ERROR,httpd,,,1,mod_jk child workerEnv in error state <NUM>,mod_jk child workerEnv in error state 6,[Mon Dec 05 16:26:05 2005] [error] mod_jk child workerEnv in error state 6
1866,2005-12-05 16:31:48,NOTICE,httpd,,,2,jk2_init() Found child <NUM> in scoreboard slot <NUM>,jk2_init() Found child 6420 in scoreboard slot 6,[Mon Dec 05 16:31:48 2005] [notice] jk2_init() Found child 6420 in scoreboard slot 6
1867,2005-12-05 16:31:49,NOTICE,httpd,,,2,jk2_init() Found child <NUM> in scoreboard slot <NUM>,jk2_init() Found child 6421 in scoreboard slot 7,[Mon Dec 05 16:31:49 2005] [notice] jk2_init() Found child 6421 in scoreboard slot 7
1868,2005-12-05 16:31:49,NOTICE,httpd,,,2,jk2_init() Found child <NUM> in scoreboard slot <NUM>,jk2_init() Found child 6422 in scoreboard slot 8,[Mon Dec 05 16:31:49 2005] [notice] jk2_init() Found child 6422 in scoreboard slot 8
1869,2005-12-05 16:31:52,NOTICE,httpd,,,0,workerEnv.init() ok <PATH>,workerEnv.init() ok /etc/httpd/conf/workers2.properties,[Mon Dec 05 16:31:52 2005] [notice] workerEnv.init() ok /etc/httpd/conf/workers2.properties
1870,2005-12-05 16:31:52,NOTICE,httpd,,,0,workerEnv.init() ok <PATH>,workerEnv.init() ok /etc/httpd/conf/workers2.properties,[Mon Dec 05 16:31:52 2005] [notice] workerEnv.init() ok /etc/httpd/conf/workers2.properties
1871,2005-12-05 16:31:52,NOTICE,httpd,,,0,workerEnv.init() ok <PATH>,workerEnv.init() ok /etc/httpd/conf/workers2.properties,[Mon Dec 05 16:31:52 2005] [notice] workerEnv.init() ok /etc/httpd/conf/workers2.properties
1872,2005-12-05 16:31:52,ERROR,httpd,,,1,mod_jk child workerEnv in error state <NUM>,mod_jk child workerEnv in error state 6,[Mon Dec 05 16:31:52 2005] [error] mod_jk child workerEnv in error state 6
1873,2005-12-05 16:31:52,ERROR,httpd,,,1,mod_jk child workerEnv in error state <NUM>,mod_jk child workerEnv in error state 6,[Mon Dec 05 16:31:52 2005] [error] mod_jk child workerEnv in error state 6
1874,2005-12-05 16:31:52,ERROR,httpd,,,1,mod_jk child workerEnv in error state <NUM>,mod_jk child workerEnv in error state 6,[Mon Dec 05 16:31:52 2005] [error] mod_jk child workerEnv in error state 6
1875,2005-12-05 16:36:06,NOTICE,httpd,,,2,jk2_init() Found child <NUM> in scoreboard slot <NUM>,jk2_init() Found child 6434 in scoreboard slot 7,[Mon Dec 05 16:36:06 2005] [notice] jk2_init() Found child 6434 in scoreboard slot 7
1876,2005-12-05 16:36:06,NOTICE,httpd,,,2,jk2_init() Found child <NUM> in scoreboard slot <NUM>,jk2_init() Found child 6433 in scoreboard slot 6,[Mon Dec 05 16:36:06 2005] [notice] jk2_init() Found child 6433 in scoreboard slot 6
1877,2005-12-05 16:36:42,NOTICE,httpd,,,2,jk2_init() Found child <NUM> in scoreboard slot <NUM>,jk2_init() Found child 6435 in scoreboard slot 8,[Mon Dec 05 16:36:42 2005] [notice] jk2_init() Found child 6435 in scoreboard slot 8
1878,2005-12-05 16:37:03,NOTICE,httpd,,,2,jk2_init() Found child <NUM> in scoreboard slot <NUM>,jk2_init() Found child 6437 in scoreboard slot 7,[Mon Dec 05 16:37:03 2005] [notice] jk2_init() Found child 6437 in scoreboard slot 7
1879,2005-12-05 16:38:17,NOTICE,httpd,,,2,jk2_init() Found child <NUM> in scoreboard slot <NUM>,jk2_init() Found child 6443 in scoreboard slot 7,[Mon Dec 05 16:38:17 2005] [notice] jk2_init() Found child 6443 in scoreboard slot 7
1880,2005-12-05 16:38:17,NOTICE,httpd,,,2,jk2_init() Found child <NUM> in scoreboard slot <NUM>,jk2_init() Found child 6442 in scoreboard slot 6,[Mon Dec 05 16:38:17 2005] [notice] jk2_init() Found child 6442 in scoreboard slot 6
1881,2005-12-05 16:39:59,NOTICE,httpd,,,2,jk2_init() Found child <NUM> in scoreboard slot <NUM>,jk2_init() Found child 6453 in scoreboard slot 10,[Mon Dec 05 16:39:59 2005] [notice] jk2_init() Found child 6453 in scoreboard slot 10
1882,2005-12-05 16:39:59,NOTICE,httpd,,,2,jk2_init() Found child <NUM> in scoreboard slot <NUM>,jk2_init() Found child 6451 in scoreboard slot 7,[Mon Dec 05 16:39:59 2005] [notice] jk2_init() Found child 6451 in scoreboard slot 7
1883,2005-12-05 16:39:59,NOTICE,httpd,,,2,jk2_init() Found child <NUM> in scoreboard slot <NUM>,jk2_init() Found child 6452 in scoreboard slot 8,[Mon Dec 05 16:39:59 2005] [notice] jk2_init() Found child 6452 in scoreboard slot 8
1884,2005-12-05 16:40:06,NOTICE,httpd,,,0,workerEnv.init() ok <PATH>,workerEnv.init() ok /etc/httpd/conf/workers2.properties,[Mon Dec 05 16:40:06 2005] [notice] workerEnv.init() ok /etc/httpd/conf/workers2.properties
1885,2005-12-05 16:40:06,NOTICE,httpd,,,0,workerEnv.init() ok <PATH>,workerEnv.init() ok /etc/httpd/conf/workers2.properties,[Mon Dec 05 16:40:06 2005] [notice] workerEnv.init() ok /etc/httpd/conf/workers2.properties
1886,2005-12-05 16:40:06,NOTICE,httpd,,,0,workerEnv.init() ok <PATH>,workerEnv.init() ok /etc/httpd/conf/workers2.properties,[Mon Dec 05 16:40:06 2005] [notice] workerEnv.init() ok /etc/httpd/conf/workers2.properties
1887,2005-12-05 16:40:06,ERROR,httpd,,,1,mod_jk child workerEnv in error state <NUM>,mod_jk child workerEnv in error state 9,[Mon Dec 05 16:40:06 2005] [error] mod_jk child workerEnv in error state 9
1888,2005-12-05 16:40:06,ERROR,httpd,,,1,mod_jk child workerEnv in error state <NUM>,mod_jk child workerEnv in error state 6,[Mon Dec 05 16:40:06 2005] [error] mod_jk child workerEnv in error state 6
1889,2005-12-05 16:40:06,ERROR,httpd,,,1,mod_jk child workerEnv in error state <NUM>,mod_jk child workerEnv in error state 6,[Mon Dec 05 16:40:06 2005] [error] mod_jk child workerEnv in error state 6
1890,2005-12-05 16:45:04,ERROR,httpd,,,3,[client <IP>] Directory index forbidden by rule: <PATH>,[client 216.216.185.130] Directory index forbidden by rule: /var/www/html/,[Mon Dec 05 16:45:04 2005] [error] [client 216.216.185.130] Directory index forbidden by rule: /var/www/html/
1891,2005-12-05 17:31:37,NOTICE,httpd,,,2,jk2_init() Found child <NUM> in scoreboard slot <NUM>,jk2_init() Found child 6561 in scoreboard slot 10,[Mon Dec 05 17:31:37 2005] [notice] jk2_init() Found child 6561 in scoreboard slot 10
1892,2005-12-05 17:31:39,ERROR,httpd,,,3,[client <IP>] Directory index forbidden by rule: <PATH>,[client 218.75.106.250] Directory index forbidden by rule: /var/www/html/,[Mon Dec 05 17:31:39 2005] [error] [client 218.75.106.250] Directory index forbidden by rule: /var/www/html/
1893,2005-12-05 17:31:41,NOTICE,httpd,,,0,workerEnv.init() ok <PATH>,workerEnv.init() ok /etc/httpd/conf/workers2.properties,[Mon Dec 05 17:31:41 2005] [notice] workerEnv.init() ok /etc/httpd/conf/workers2.properties
1894,2005-12-05 17:31:41,ERROR,httpd,,,1,mod_jk child workerEnv in error state <NUM>,mod_jk child workerEnv in error state 6,[Mon Dec 05 17:31:41 2005] [error] mod_jk child workerEnv in error state 6
1895,2005-12-05 17:35:57,NOTICE,httpd,,,2,jk2_init() Found child <NUM> in scoreboard slot <NUM>,jk2_init() Found child 6569 in scoreboard slot 8,[Mon Dec 05 17:35:57 2005] [notice] jk2_init() Found child 6569 in scoreboard slot 8
1896,2005-12-05 17:35:57,NOTICE,httpd,,,2,jk2_init() Found child <NUM> in scoreboard slot <NUM>,jk2_init() Found child 6568 in scoreboard slot 7,[Mon Dec 05 17:35:57 2005] [notice] jk2_init() Found child 6568 in scoreboard slot 7
1897,2005-12-05 17:35:58,NOTICE,httpd,,,0,workerEnv.init() ok <PATH>,workerEnv.init() ok /etc/httpd/conf/workers2.properties,[Mon Dec 05 17:35:58 2005] [notice] workerEnv.init() ok /etc/httpd/conf/workers2.properties
1898,2005-12-05 17:35:58,ERROR,httpd,,,1,mod_jk child workerEnv in error state <NUM>,mod_jk child workerEnv in error state 6,[Mon Dec 05 17:35:58 2005] [error] mod_jk child workerEnv in error state 6
1899,2005-12-05 17:35:58,NOTICE,httpd,,,0,workerEnv.init() ok <PATH>,workerEnv.init() ok /etc/httpd/conf/workers2.properties,[Mon Dec 05 17:35:58 2005] [notice] workerEnv.init() ok /etc/httpd/conf/workers2.properties
1900,2005-12-05 17:35:58,ERROR,httpd,,,1,mod_jk child workerEnv in error state <NUM>,mod_jk child workerEnv in error state 6,[Mon Dec 05 17:35:58 2005] [error] mod_jk child workerEnv in error state 6
1901,2005-12-05 17:40:38,NOTICE,httpd,,,2,jk2_init() Found child <NUM> in scoreboard slot <NUM>,jk2_init() Found child 6577 in scoreboard slot 7,[Mon Dec 05 17:40:38 2005] [notice] jk2_init() Found child 6577 in scoreboard slot 7
1902,2005-12-05 17:40:38,NOTICE,httpd,,,2,jk2_init() Found child <NUM> in scoreboard slot <NUM>,jk2_init() Found child 6578 in scoreboard slot 8,[Mon Dec 05 17:40:38 2005] [notice] jk2_init() Found child 6578 in scoreboard slot 8
1903,2005-12-05 17:40:39,NOTICE,httpd,,,0,workerEnv.init() ok <PATH>,workerEnv.init() ok /etc/httpd/conf/workers2.properties,[Mon Dec 05 17:40:39 2005] [notice] workerEnv.init() ok /etc/httpd/conf/workers2.properties
1904,2005-12-05 17:40:39,ERROR,httpd,,,1,mod_jk child workerEnv in error state <NUM>,mod_jk child workerEnv in error state 6,[Mon Dec 05 17:40:39 2005] [error] mod_jk child workerEnv in error state 6
1905,2005-12-05 17:40:39,NOTICE,httpd,,,0,workerEnv.init() ok <PATH>,workerEnv.init() ok /etc/httpd/conf/workers2.properties,[Mon Dec 05 17:40:39 2005] [notice] workerEnv.init() ok /etc/httpd/conf/workers2.properties
1906,2005-12-05 17:40:39,ERROR,httpd,,,1,mod_jk child workerEnv in error state <NUM>,mod_jk child workerEnv in error state 6,[Mon Dec 05 17:40:39 2005] [error] mod_jk child workerEnv in error state 6
1907,2005-12-05 17:46:02,NOTICE,httpd,,,2,jk2_init() Found child <NUM> in scoreboard slot <NUM>,jk2_init() Found child 6585 in scoreboard slot 7,[Mon Dec 05 17:46:02 2005] [notice] jk2_init() Found child 6585 in scoreboard slot 7
1908,2005-12-05 17:46:02,NOTICE,httpd,,,2,jk2_init() Found child <NUM> in scoreboard slot <NUM>,jk2_init() Found child 6586 in scoreboard slot 8,[Mon Dec 05 17:46:02 2005] [notice] jk2_init() Found child 6586 in scoreboard slot 8
1909,2005-12-05 17:46:06,NOTICE,httpd,,,0,workerEnv.init() ok <PATH>,workerEnv.init() ok /etc/httpd/conf/workers2.properties,[Mon Dec 05 17:46:06 2005] [notice] workerEnv.init() ok /etc/httpd/conf/workers2.properties
1910,2005-12-05 17:46:06,NOTICE,httpd,,,0,workerEnv.init() ok <PATH>,workerEnv.init() ok /etc/httpd/conf/workers2.properties,[Mon Dec 05 17:46:06 2005] [notice] workerEnv.init() ok /etc/httpd/conf/workers2.properties
1911,2005-12-05 17:46:06,ERROR,httpd,,,1,mod_jk child workerEnv in error state <NUM>,mod_jk child workerEnv in error state 6,[Mon Dec 05 17:46:06 2005] [error] mod_jk child workerEnv in error state 6
1912,2005-12-05 17:46:06,ERROR,httpd,,,1,mod_jk child workerEnv in error state <NUM>,mod_jk child workerEnv in error state 6,[Mon Dec 05 17:46:06 2005] [error] mod_jk child workerEnv in error state 6
1913,2005-12-05 17:50:40,NOTICE,httpd,,,2,jk2_init() Found child <NUM> in scoreboard slot <NUM>,jk2_init() Found child 6595 in scoreboard slot 8,[Mon Dec 05 17:50:40 2005] [notice] jk2_init() Found child 6595 in scoreboard slot 8
1914,2005-12-05 17:50:40,NOTICE,httpd,,,2,jk2_init() Found child <NUM> in scoreboard slot <NUM>,jk2_init() Found child 6594 in scoreboard slot 7,[Mon Dec 05 17:50:40 2005] [notice] jk2_init() Found child 6594 in scoreboard slot 7
1915,2005-12-05 17:50:41,NOTICE,httpd,,,0,workerEnv.init() ok <PATH>,workerEnv.init() ok /etc/httpd/conf/workers2.properties,[Mon Dec 05 17:50:41 2005] [notice] workerEnv.init() ok /etc/httpd/conf/workers2.properties
1916,2005-12-05 17:50:41,ERROR,httpd,,,1,mod_jk child workerEnv in error state <NUM>,mod_jk child workerEnv in error state 6,[Mon Dec 05 17:50:41 2005] [error] mod_jk child workerEnv in error state 6
1917,2005-12-05 17:50:41,NOTICE,httpd,,,0,workerEnv.init() ok <PATH>,workerEnv.init() ok /etc/httpd/conf/workers2.properties,[Mon Dec 05 17:50:41 2005] [notice] workerEnv.init() ok /etc/httpd/conf/workers2.properties
1918,2005-12-05 17:50:41,ERROR,httpd,,,1,mod_jk child workerEnv in error state <NUM>,mod_jk child workerEnv in error state 6,[Mon Dec 05 17:50:41 2005] [error] mod_jk child workerEnv in error state 6
1919,2005-12-05 17:55:35,NOTICE,httpd,,,2,jk2_init() Found child <NUM> in scoreboard slot <NUM>,jk2_init() Found child 6601 in scoreboard slot 8,[Mon Dec 05 17:55:35 2005] [notice] jk2_init() Found child 6601 in scoreboard slot 8
1920,2005-12-05 17:55:35,NOTICE,httpd,,,2,jk2_init() Found child <NUM> in scoreboard slot <NUM>,jk2_init() Found child 6600 in scoreboard slot 7,[Mon Dec 05 17:55:35 2005] [notice] jk2_init() Found child 6600 in scoreboard slot 7
1921,2005-12-05 17:55:35,NOTICE,httpd,,,0,workerEnv.init() ok <PATH>,workerEnv.init() ok /etc/httpd/conf/workers2.properties,[Mon Dec 05 17:55:35 2005] [notice] workerEnv.init() ok /etc/httpd/conf/workers2.properties
1922,2005-12-05 17:55:35,NOTICE,httpd,,,0,workerEnv.init() ok <PATH>,workerEnv.init() ok /etc/httpd/conf/workers2.properties,[Mon Dec 05 17:55:35 2005] [notice] workerEnv.init() ok /etc/httpd/conf/workers2.properties
1923,2005-12-05 17:55:35,ERROR,httpd,,,1,mod_jk child workerEnv in error state <NUM>,mod_jk child workerEnv in error state 6,[Mon Dec 05 17:55:35 2005] [error] mod_jk child workerEnv in error state 6
1924,2005-12-05 17:55:35,ERROR,httpd,,,1,mod_jk child workerEnv in error state <NUM>,mod_jk child workerEnv in error state 6,[Mon Dec 05 17:55:35 2005] [error] mod_jk child workerEnv in error state 6
1925,2005-12-05 18:00:24,NOTICE,httpd,,,2,jk2_init() Found child <NUM> in scoreboard slot <NUM>,jk2_init() Found child 6609 in scoreboard slot 7,[Mon Dec 05 18:00:24 2005] [notice] jk2_init() Found child 6609 in scoreboard slot 7
1926,2005-12-05 18:00:26,NOTICE,httpd,,,0,workerEnv.init() ok <PATH>,workerEnv.init() ok /etc/httpd/conf/workers2.properties,[Mon Dec 05 18:00:26 2005] [notice] workerEnv.init() ok /etc/httpd/conf/workers2.properties
1927,2005-12-05 18:00:26,ERROR,httpd,,,1,mod_jk child workerEnv in error state <NUM>,mod_jk child workerEnv in error state 6,[Mon Dec 05 18:00:26 2005] [error] mod_jk child workerEnv in error state 6
1928,2005-12-05 18:10:56,NOTICE,httpd,,,2,jk2_init() Found child <NUM> in scoreboard slot <NUM>,jk2_init() Found child 6639 in scoreboard slot 7,[Mon Dec 05 18:10:56 2005] [notice] jk2_init() Found child 6639 in scoreboard slot 7
1929,2005-12-05 18:10:56,NOTICE,httpd,,,2,jk2_init() Found child <NUM> in scoreboard slot <NUM>,jk2_init() Found child 6638 in scoreboard slot 8,[Mon Dec 05 18:10:56 2005] [notice] jk2_init() Found child 6638 in scoreboard slot 8
1930,2005-12-05 18:10:58,NOTICE,httpd,,,0,workerEnv.init() ok <PATH>,workerEnv.init() ok /etc/httpd/conf/workers2.properties,[Mon Dec 05 18:10:58 2005] [notice] workerEnv.init() ok /etc/httpd/conf/workers2.properties
1931,2005-12-05 18:10:58,ERROR,httpd,,,1,mod_jk child workerEnv in error state <NUM>,mod_jk child workerEnv in error state 6,[Mon Dec 05 18:10:58 2005] [error] mod_jk child workerEnv in error state 6
1932,2005-12-05 18:10:58,NOTICE,httpd,,,0,workerEnv.init() ok <PATH>,workerEnv.init() ok /etc/httpd/conf/workers2.properties,[Mon Dec 05 18:10:58 2005] [notice] workerEnv.init() ok /etc/httpd/conf/workers2.properties
1933,2005-12-05 18:10:58,ERROR,httpd,,,1,mod_jk child workerEnv in error state <NUM>,mod_jk child workerEnv in error state 6,[Mon Dec 05 18:10:58 2005] [error] mod_jk child workerEnv in error state 6
1934,2005-12-05 18:15:45,NOTICE,httpd,,,2,jk2_init() Found child <NUM> in scoreboard slot <NUM>,jk2_init() Found child 6652 in scoreboard slot 7,[Mon Dec 05 18:15:45 2005] [notice] jk2_init() Found child 6652 in scoreboard slot 7
1935,2005-12-05 18:15:45,NOTICE,httpd,,,2,jk2_init() Found child <NUM> in scoreboard slot <NUM>,jk2_init() Found child 6651 in scoreboard slot 8,[Mon Dec 05 18:15:45 2005] [notice] jk2_init() Found child 6651 in scoreboard slot 8
1936,2005-12-05 18:15:47,NOTICE,httpd,,,0,workerEnv.init() ok <PATH>,workerEnv.init() ok /etc/httpd/conf/workers2.properties,[Mon Dec 05 18:15:47 2005] [notice] workerEnv.init() ok /etc/httpd/conf/workers2.properties
1937,2005-12-05 18:15:47,NOTICE,httpd,,,0,workerEnv.init() ok <PATH>,workerEnv.init() ok /etc/httpd/conf/workers2.properties,[Mon Dec 05 18:15:47 2005] [notice] workerEnv.init() ok /etc/httpd/conf/workers2.properties
1938,2005-12-05 18:15:47,ERROR,httpd,,,1,mod_jk child workerEnv in error state <NUM>,mod_jk child workerEnv in error state 6,[Mon Dec 05 18:15:47 2005] [error] mod_jk child workerEnv in error state 6
1939,2005-12-05 18:15:47,ERROR,httpd,,,1,mod_jk child workerEnv in error state <NUM>,mod_jk child workerEnv in error state 6,[Mon Dec 05 18:15:47 2005] [error] mod_jk child workerEnv in error state 6
1940,2005-12-05 18:20:51,NOTICE,httpd,,,2,jk2_init() Found child <NUM> in scoreboard slot <NUM>,jk2_init() Found child 6670 in scoreboard slot 7,[Mon Dec 05 18:20:51 2005] [notice] jk2_init() Found child 6670 in scoreboard slot 7
1941,2005-12-05 18:20:51,NOTICE,httpd,,,2,jk2_init() Found child <NUM> in scoreboard slot <NUM>,jk2_init() Found child 6669 in scoreboard slot 8,[Mon Dec 05 18:20:51 2005] [notice] jk2_init() Found child 6669 in scoreboard slot 8
1942,2005-12-05 18:20:53,NOTICE,httpd,,,0,workerEnv.init() ok <PATH>,workerEnv.init() ok /etc/httpd/conf/workers2.properties,[Mon Dec 05 18:20:53 2005] [notice] workerEnv.init() ok /etc/httpd/conf/workers2.properties
1943,2005-12-05 18:20:53,ERROR,httpd,,,1,mod_jk child workerEnv in error state <NUM>,mod_jk child workerEnv in error state 6,[Mon Dec 05 18:20:53 2005] [error] mod_jk child workerEnv in error state 6
1944,2005-12-05 18:20:53,NOTICE,httpd,,,0,workerEnv.init() ok <PATH>,workerEnv.init() ok /etc/httpd/conf/workers2.properties,[Mon Dec 05 18:20:53 2005] [notice] workerEnv.init() ok /etc/httpd/conf/workers2.properties
1945,2005-12-05 18:20:53,ERROR,httpd,,,1,mod_jk child workerEnv in error state <NUM>,mod_jk child workerEnv in error state 6,[Mon Dec 05 18:20:53 2005] [error] mod_jk child workerEnv in error state 6
1946,2005-12-05 18:26:06,NOTICE,httpd,,,2,jk2_init() Found child <NUM> in scoreboard slot <NUM>,jk2_init() Found child 6684 in scoreboard slot 7,[Mon Dec 05 18:26:06 2005] [notice] jk2_init() Found child 6684 in scoreboard slot 7
1947,2005-12-05 18:27:29,NOTICE,httpd,,,2,jk2_init() Found child <NUM> in scoreboard slot <NUM>,jk2_init() Found child 6688 in scoreboard slot 8,[Mon Dec 05 18:27:29 2005] [notice] jk2_init() Found child 6688 in scoreboard slot 8
1948,2005-12-05 18:27:33,NOTICE,httpd,,,0,workerEnv.init() ok <PATH>,workerEnv.init() ok /etc/httpd/conf/workers2.properties,[Mon Dec 05 18:27:33 2005] [notice] workerEnv.init() ok /etc/httpd/conf/workers2.properties
1949,2005-12-05 18:27:33,ERROR,httpd,,,1,mod_jk child workerEnv in error state <NUM>,mod_jk child workerEnv in error state 6,[Mon Dec 05 18:27:33 2005] [error] mod_jk child workerEnv in error state 6
1950,2005-12-05 18:27:37,NOTICE,httpd,,,2,jk2_init() Found child <NUM> in scoreboard slot <NUM>,jk2_init() Found child 6689 in scoreboard slot 7,[Mon Dec 05 18:27:37 2005] [notice] jk2_init() Found child 6689 in scoreboard slot 7
1951,2005-12-05 18:27:37,NOTICE,httpd,,,0,workerEnv.init() ok <PATH>,workerEnv.init() ok /etc/httpd/conf/workers2.properties,[Mon Dec 05 18:27:37 2005] [notice] workerEnv.init() ok /etc/httpd/conf/workers2.properties
1952,2005-12-05 18:27:37,ERROR,httpd,,,1,mod_jk child workerEnv in error state <NUM>,mod_jk child workerEnv in error state 7,[Mon Dec 05 18:27:37 2005] [error] mod_jk child workerEnv in error state 7
1953,2005-12-05 18:35:51,NOTICE,httpd,,,2,jk2_init() Found child <NUM> in scoreboard slot <NUM>,jk2_init() Found child 6707 in scoreboard slot 8,[Mon Dec 05 18:35:51 2005] [notice] jk2_init() Found child 6707 in scoreboard slot 8
1954,2005-12-05 18:35:51,NOTICE,httpd,,,2,jk2_init() Found child <NUM> in scoreboard slot <NUM>,jk2_init() Found child 6708 in scoreboard slot 7,[Mon Dec 05 18:35:51 2005] [notice] jk2_init() Found child 6708 in scoreboard slot 7
1955,2005-12-05 18:35:53,NOTICE,httpd,,,0,workerEnv.init() ok <PATH>,workerEnv.init() ok /etc/httpd/conf/workers2.properties,[Mon Dec 05 18:35:53 2005] [notice] workerEnv.init() ok /etc/httpd/conf/workers2.properties
1956,2005-12-05 18:35:53,ERROR,httpd,,,1,mod_jk child workerEnv in error state <NUM>,mod_jk child workerEnv in error state 6,[Mon Dec 05 18:35:53 2005] [error] mod_jk child workerEnv in error state 6
1957,2005-12-05 18:35:53,NOTICE,httpd,,,0,workerEnv.init() ok <PATH>,workerEnv.init() ok /etc/httpd/conf/workers2.properties,[Mon Dec 05 18:35:53 2005] [notice] workerEnv.init() ok /etc/httpd/conf/workers2.properties
1958,2005-12-05 18:35:53,ERROR,httpd,,,1,mod_jk child workerEnv in error state <NUM>,mod_jk child workerEnv in error state 6,[Mon Dec 05 18:35:53 2005] [error] mod_jk child workerEnv in error state 6
1959,2005-12-05 18:40:54,NOTICE,httpd,,,2,jk2_init() Found child <NUM> in scoreboard slot <NUM>,jk2_init() Found child 6719 in scoreboard slot 7,[Mon Dec 05 18:40:54 2005] [notice] jk2_init() Found child 6719 in scoreboard slot 7
1960,2005-12-05 18:40:54,NOTICE,httpd,,,2,jk2_init() Found child <NUM> in scoreboard slot <NUM>,jk2_init() Found child 6718 in scoreboard slot 8,[Mon Dec 05 18:40:54 2005] [notice] jk2_init() Found child 6718 in scoreboard slot 8
1961,2005-12-05 18:40:54,NOTICE,httpd,,,0,workerEnv.init() ok <PATH>,workerEnv.init() ok /etc/httpd/conf/workers2.properties,[Mon Dec 05 18:40:54 2005] [notice] workerEnv.init() ok /etc/httpd/conf/workers2.properties
1962,2005-12-05 18:40:54,ERROR,httpd,,,1,mod_jk child workerEnv in error state <NUM>,mod_jk child workerEnv in error state 6,[Mon Dec 05 18:40:54 2005] [error] mod_jk child workerEnv in error state 6
1963,2005-12-05 18:40:54,NOTICE,httpd,,,0,workerEnv.init() ok <PATH>,workerEnv.init() ok /etc/httpd/conf/workers2.properties,[Mon Dec 05 18:40:54 2005] [notice] workerEnv.init() ok /etc/httpd/conf/workers2.properties
1964,2005-12-05 18:40:54,ERROR,httpd,,,1,mod_jk child workerEnv in error state <NUM>,mod_jk child workerEnv in error state 6,[Mon Dec 05 18:40:54 2005] [error] mod_jk child workerEnv in error state 6
1965,2005-12-05 18:45:51,NOTICE,httpd,,,2,jk2_init() Found child <NUM> in scoreboard slot <NUM>,jk2_init() Found child 6725 in scoreboard slot 7,[Mon Dec 05 18:45:51 2005] [notice] jk2_init() Found child 6725 in scoreboard slot 7
1966,2005-12-05 18:45:51,NOTICE,httpd,,,2,jk2_init() Found child <NUM> in scoreboard slot <NUM>,jk2_init() Found child 6724 in scoreboard slot 8,[Mon Dec 05 18:45:51 2005] [notice] jk2_init() Found child 6724 in scoreboard slot 8
1967,2005-12-05 18:45:53,NOTICE,httpd,,,0,workerEnv.init() ok <PATH>,workerEnv.init() ok /etc/httpd/conf/workers2.properties,[Mon Dec 05 18:45:53 2005] [notice] workerEnv.init() ok /etc/httpd/conf/workers2.properties
1968,2005-12-05 18:45:53,ERROR,httpd,,,1,mod_jk child workerEnv in error state <NUM>,mod_jk child workerEnv in error state 6,[Mon Dec 05 18:45:53 2005] [error] mod_jk child workerEnv in error state 6
1969,2005-12-05 18:45:53,NOTICE,httpd,,,0,workerEnv.init() ok <PATH>,workerEnv.init() ok /etc/httpd/conf/workers2.properties,[Mon Dec 05 18:45:53 2005] [notice] workerEnv.init() ok /etc/httpd/conf/workers2.properties
1970,2005-12-05 18:45:53,ERROR,httpd,,,1,mod_jk child workerEnv in error state <NUM>,mod_jk child workerEnv in error state 6,[Mon Dec 05 18:45:53 2005] [error] mod_jk child workerEnv in error state 6
1971,2005-12-05 18:50:30,NOTICE,httpd,,,2,jk2_init() Found child <NUM> in scoreboard slot <NUM>,jk2_init() Found child 6733 in scoreboard slot 8,[Mon Dec 05 18:50:30 2005] [notice] jk2_init() Found child 6733 in scoreboard slot 8
1972,2005-12-05 18:50:31,NOTICE,httpd,,,0,workerEnv.init() ok <PATH>,workerEnv.init() ok /etc/httpd/conf/workers2.properties,[Mon Dec 05 18:50:31 2005] [notice] workerEnv.init() ok /etc/httpd/conf/workers2.properties
1973,2005-12-05 18:50:31,ERROR,httpd,,,1,mod_jk child workerEnv in error state <NUM>,mod_jk child workerEnv in error state 6,[Mon Dec 05 18:50:31 2005] [error] mod_jk child workerEnv in error state 6
1974,2005-12-05 18:56:03,NOTICE,httpd,,,2,jk2_init() Found child <NUM> in scoreboard slot <NUM>,jk2_init() Found child 6740 in scoreboard slot 7,[Mon Dec 05 18:56:03 2005] [notice] jk2_init() Found child 6740 in scoreboard slot 7
1975,2005-12-05 18:56:03,NOTICE,httpd,,,2,jk2_init() Found child <NUM> in scoreboard slot <NUM>,jk2_init() Found child 6741 in scoreboard slot 8,[Mon Dec 05 18:56:03 2005] [notice] jk2_init() Found child 6741 in scoreboard slot 8
1976,2005-12-05 18:56:04,NOTICE,httpd,,,0,workerEnv.init() ok <PATH>,workerEnv.init() ok /etc/httpd/conf/workers2.properties,[Mon Dec 05 18:56:04 2005] [notice] workerEnv.init() ok /etc/httpd/conf/workers2.properties
1977,2005-12-05 18:56:04,ERROR,httpd,,,1,mod_jk child workerEnv in error state <NUM>,mod_jk child workerEnv in error state 6,[Mon Dec 05 18:56:04 2005] [error] mod_jk child workerEnv in error state 6
1978,2005-12-05 18:56:04,NOTICE,httpd,,,0,workerEnv.init() ok <PATH>,workerEnv.init() ok /etc/httpd/conf/workers2.properties,[Mon Dec 05 18:56:04 2005] [notice] workerEnv.init() ok /etc/httpd/conf/workers2.properties
1979,2005-12-05 18:56:04,ERROR,httpd,,,1,mod_jk child workerEnv in error state <NUM>,mod_jk child workerEnv in error state 6,[Mon Dec 05 18:56:04 2005] [error] mod_jk child workerEnv in error state 6
1980,2005-12-05 19:00:43,NOTICE,httpd,,,2,jk2_init() Found child <NUM> in scoreboard slot <NUM>,jk2_init() Found child 6750 in scoreboard slot 8,[Mon Dec 05 19:00:43 2005] [notice] jk2_init() Found child 6750 in scoreboard slot 8
1981,2005-12-05 19:00:43,NOTICE,httpd,,,2,jk2_init() Found child <NUM> in scoreboard slot <NUM>,jk2_init() Found child 6749 in scoreboard slot 7,[Mon Dec 05 19:00:43 2005] [notice] jk2_init() Found child 6749 in scoreboard slot 7
1982,2005-12-05 19:00:44,NOTICE,httpd,,,0,workerEnv.init() ok <PATH>,workerEnv.init() ok /etc/httpd/conf/workers2.properties,[Mon Dec 05 19:00:44 2005] [notice] workerEnv.init() ok /etc/httpd/conf/workers2.properties
1983,2005-12-05 19:00:44,NOTICE,httpd,,,0,workerEnv.init() ok <PATH>,workerEnv.init() ok /etc/httpd/conf/workers2.properties,[Mon Dec 05 19:00:44 2005] [notice] workerEnv.init() ok /etc/httpd/conf/workers2.properties
1984,2005-12-05 19:00:44,ERROR,httpd,,,1,mod_jk child workerEnv in error state <NUM>,mod_jk child workerEnv in error state 6,[Mon Dec 05 19:00:44 2005] [error] mod_jk child workerEnv in error state 6
1985,2005-12-05 19:00:44,ERROR,httpd,,,1,mod_jk child workerEnv in error state <NUM>,mod_jk child workerEnv in error state 6,[Mon Dec 05 19:00:44 2005] [error] mod_jk child workerEnv in error state 6
1986,2005-12-05 19:00:54,NOTICE,httpd,,,2,jk2_init() Found child <NUM> in scoreboard slot <NUM>,jk2_init() Found child 6751 in scoreboard slot 10,[Mon Dec 05 19:00:54 2005] [notice] jk2_init() Found child 6751 in scoreboard slot 10
1987,2005-12-05 19:00:54,NOTICE,httpd,,,0,workerEnv.init() ok <PATH>,workerEnv.init() ok /etc/httpd/conf/workers2.properties,[Mon Dec 05 19:00:54 2005] [notice] workerEnv.init() ok /etc/httpd/conf/workers2.properties
1988,2005-12-05 19:00:54,ERROR,httpd,,,1,mod_jk child workerEnv in error state <NUM>,mod_jk child workerEnv in error state 6,[Mon Dec 05 19:00:54 2005] [error] mod_jk child workerEnv in error state 6
1989,2005-12-05 19:00:56,ERROR,httpd,,,3,[client <IP>] Directory index forbidden by rule: <PATH>,[client 68.228.3.15] Directory index forbidden by rule: /var/www/html/,[Mon Dec 05 19:00:56 2005] [error] [client 68.228.3.15] Directory index forbidden by rule: /var/www/html/
1990,2005-12-05 19:11:00,NOTICE,httpd,,,2,jk2_init() Found child <NUM> in scoreboard slot <NUM>,jk2_init() Found child 6780 in scoreboard slot 7,[Mon Dec 05 19:11:00 2005] [notice] jk2_init() Found child 6780 in scoreboard slot 7
1991,2005-12-05 19:11:04,NOTICE,httpd,,,0,workerEnv.init() ok <PATH>,workerEnv.init() ok /etc/httpd/conf/workers2.properties,[Mon Dec 05 19:11:04 2005] [notice] workerEnv.init() ok /etc/httpd/conf/workers2.properties
1992,2005-12-05 19:11:04,ERROR,httpd,,,1,mod_jk child workerEnv in error state <NUM>,mod_jk child workerEnv in error state 6,[Mon Dec 05 19:11:04 2005] [error] mod_jk child workerEnv in error state 6
1993,2005-12-05 19:14:08,NOTICE,httpd,,,2,jk2_init() Found child <NUM> in scoreboard slot <NUM>,jk2_init() Found child 6784 in scoreboard slot 8,[Mon Dec 05 19:14:08 2005] [notice] jk2_init() Found child 6784 in scoreboard slot 8
1994,2005-12-05 19:14:09,ERROR,httpd,,,3,[client <IP>] Directory index forbidden by rule: <PATH>,[client 61.220.139.68] Directory index forbidden by rule: /var/www/html/,[Mon Dec 05 19:14:09 2005] [error] [client 61.220.139.68] Directory index forbidden by rule: /var/www/html/
1995,2005-12-05 19:14:11,NOTICE,httpd,,,0,workerEnv.init() ok <PATH>,workerEnv.init() ok /etc/httpd/conf/workers2.properties,[Mon Dec 05 19:14:11 2005] [notice] workerEnv.init() ok /etc/httpd/conf/workers2.properties
1996,2005-12-05 19:14:11,ERROR,httpd,,,1,mod_jk child workerEnv in error state <NUM>,mod_jk child workerEnv in error state 6,[Mon Dec 05 19:14:11 2005] [error] mod_jk child workerEnv in error state 6
1997,2005-12-05 19:15:55,NOTICE,httpd,,,2,jk2_init() Found child <NUM> in scoreboard slot <NUM>,jk2_init() Found child 6791 in scoreboard slot 8,[Mon Dec 05 19:15:55 2005] [notice] jk2_init() Found child 6791 in scoreboard slot 8
1998,2005-12-05 19:15:55,NOTICE,httpd,,,2,jk2_init() Found child <NUM> in scoreboard slot <NUM>,jk2_init() Found child 6790 in scoreboard slot 7,[Mon Dec 05 19:15:55 2005] [notice] jk2_init() Found child 6790 in scoreboard slot 7
1999,2005-12-05 19:15:57,NOTICE,httpd,,,0,workerEnv.init() ok <PATH>,workerEnv.init() ok /etc/httpd/conf/workers2.properties,[Mon Dec 05 19:15:57 2005] [notice] workerEnv.init() ok /etc/httpd/conf/workers2.properties
2000,2005-12-05 19:15:57,ERROR,httpd,,,1,mod_jk child workerEnv in error state <NUM>,mod_jk child workerEnv in error state 6,[Mon Dec 05 19:15:57 2005] [error] mod_jk child workerEnv in error state 6
